{"type":"FeatureCollection","features":[{"type":"Feature","properties":{"id":"TL0201","name":"Aileu Vila","muni_id":"TL02","muni_name":"Aileu","_lon":125.54993,"_lat":-8.73994,"_bbox":[125.45406,-8.8508,125.65512,-8.62884]},"geometry":{"type":"Polygon","coordinates":[[[125.62879180900006,-8.62884044599997],[125.62978363000002,-8.631640433999905],[125.63214874300002,-8.633299827999963],[125.62953186000027,-8.639550208999935],[125.62988281200023,-8.644300460999943],[125.6287231450001,-8.646739959999934],[125.63182830800008,-8.655079841999964],[125.63538360600023,-8.657899856999961],[125.63672637900004,-8.663220405999823],[125.63265228300008,-8.667019843999924],[125.63102722200006,-8.66691970799991],[125.6258468630001,-8.669099807999828],[125.62465667700008,-8.672260283999947],[125.62615203900032,-8.674690246999887],[125.62619018600003,-8.679309844999864],[125.62724304200026,-8.685649871999885],[125.62400054900013,-8.689160346999927],[125.62631225600012,-8.692239760999882],[125.6274108890002,-8.696550368999851],[125.6254577640002,-8.703729629999941],[125.62277221700026,-8.708510398999977],[125.62364196800002,-8.711629867999818],[125.62510681200013,-8.71393012999988],[125.62655639600007,-8.721750258999975],[125.62837982200017,-8.722909926999932],[125.62908172600021,-8.725850104999836],[125.62629699700005,-8.730620383999906],[125.62330627400013,-8.733420371999955],[125.62304687500011,-8.735819816999879],[125.62387847900015,-8.739580153999952],[125.62642669700017,-8.743249892999927],[125.62888336200012,-8.744939803999955],[125.630912781,-8.744310378999955],[125.63427734400034,-8.740189551999947],[125.63728332500011,-8.73898982999998],[125.63851928700001,-8.739009856999928],[125.64066314700017,-8.7402696609999],[125.64396667500012,-8.740289687999962],[125.64353942900016,-8.741769790999967],[125.64723968500005,-8.748749732999897],[125.6470184330002,-8.750989913999888],[125.64765167200005,-8.753310203999945],[125.64878082300004,-8.754429816999846],[125.64984893800022,-8.759619712999893],[125.65196991000016,-8.760569571999895],[125.6548309330002,-8.763569831999973],[125.65512085000012,-8.76453018199993],[125.65268707300004,-8.764969825999913],[125.65203094500032,-8.766200065999897],[125.65094757100007,-8.765660285999957],[125.65003204300001,-8.766139983999835],[125.64662170400015,-8.770489692999945],[125.64682769800015,-8.773320197999908],[125.64512634300013,-8.774069785999927],[125.64505004900002,-8.775119780999944],[125.64613342300015,-8.775300025999968],[125.64665222200017,-8.777409553999973],[125.6457366940001,-8.780329703999882],[125.6459426880001,-8.783419608999964],[125.6442184450002,-8.784620284999903],[125.6449127200001,-8.78837013199984],[125.64398956300022,-8.788880347999964],[125.64315795900018,-8.787509917999898],[125.64206695600001,-8.790200232999894],[125.63839721700003,-8.787940024999955],[125.63530731200012,-8.78831005099994],[125.63488769500009,-8.787420272999952],[125.63551330600012,-8.786729812999909],[125.6341934200002,-8.78612995099985],[125.63307952900027,-8.78633022299988],[125.63318634000018,-8.78787994399994],[125.63110351600028,-8.787819861999935],[125.63050842300004,-8.785960196999838],[125.62976074200003,-8.785759925999969],[125.62885284400022,-8.78612995099985],[125.62847137500023,-8.788080214999923],[125.62729644800004,-8.788789748999932],[125.62412262000021,-8.785940169999947],[125.62068939200014,-8.78516960099995],[125.61823272700019,-8.785799979999979],[125.61322021500007,-8.789230346999943],[125.60793304400022,-8.788290023999934],[125.60661315900018,-8.789979934999963],[125.60534668000025,-8.79547023799995],[125.6080093380001,-8.798789977999888],[125.60903167700008,-8.803190230999917],[125.60749054000019,-8.803819655999973],[125.60829162600021,-8.806940078999958],[125.60738372800006,-8.808710097999949],[125.60829162600021,-8.809479712999917],[125.6075973510001,-8.810000419999938],[125.60791778600003,-8.811479567999925],[125.61035156200012,-8.81394004799995],[125.61068725600035,-8.822349547999977],[125.60843658400029,-8.82211971299995],[125.60806274400011,-8.820980071999884],[125.60585784900002,-8.823459624999941],[125.60428619400011,-8.824009894999847],[125.59317779500032,-8.823479651999946],[125.58717346200012,-8.824370383999906],[125.58542633100001,-8.823189734999914],[125.58360290500002,-8.822939872999939],[125.58273315400004,-8.823140143999979],[125.5823898320001,-8.82481956499987],[125.5808410640002,-8.82579994199989],[125.57996368400006,-8.824370383999906],[125.57943725600023,-8.826970099999812],[125.57781219500009,-8.828630446999966],[125.57669067400002,-8.828000068999927],[125.5765762330002,-8.830120086999955],[125.57554626500007,-8.831089972999962],[125.5737228390002,-8.832079886999907],[125.56968689000007,-8.832420348999904],[125.56867981000005,-8.833020209999916],[125.56819915800008,-8.834480285999916],[125.56942749000018,-8.836170196999944],[125.57031250000034,-8.839110373999972],[125.56968689000007,-8.840279578999969],[125.56833648700001,-8.839429854999935],[125.56684875500002,-8.839969634999818],[125.56670379600018,-8.842459678999944],[125.56536102300004,-8.84393978099996],[125.56286621100003,-8.843319892999887],[125.56140899700006,-8.841939925999952],[125.55783081100014,-8.842570304999981],[125.55531311000004,-8.840539931999842],[125.55316925000011,-8.837679862999892],[125.5520629880001,-8.836919784999964],[125.55016326900022,-8.836999892999927],[125.54836273200021,-8.835000037999919],[125.54515838600014,-8.836830138999915],[125.54286956800024,-8.83656978599987],[125.5433502200001,-8.840290069999924],[125.53877258300008,-8.840660094999919],[125.53762817400002,-8.84237956999982],[125.53816986100014,-8.844120025999928],[125.53774261500018,-8.845609664999927],[125.53441619900025,-8.844140052999819],[125.53262329100005,-8.844699859999935],[125.52693939200003,-8.849980353999968],[125.52426147500012,-8.85041999799995],[125.52182006800001,-8.848779677999914],[125.5185775760001,-8.848299979999922],[125.51506042500012,-8.846540450999896],[125.51181793200021,-8.843150138999874],[125.51006317100007,-8.842470168999853],[125.50837707500011,-8.844779967999898],[125.50869751000005,-8.846540450999896],[125.50808715800008,-8.848380088999875],[125.50554657000032,-8.850250243999938],[125.50418853800022,-8.850410460999854],[125.50219726600017,-8.849399566999978],[125.4989166260001,-8.850799560999974],[125.49748230000012,-8.850700377999942],[125.49707794200003,-8.845310210999912],[125.4958572390002,-8.842659949999927],[125.49469757100019,-8.835200309999891],[125.49378204300012,-8.83355998999997],[125.49442291300022,-8.83053016699995],[125.49311065700033,-8.827850341999977],[125.49413299600008,-8.826990127999977],[125.49403381300033,-8.825309752999942],[125.49478149400011,-8.824370383999906],[125.49157714800003,-8.817290305999961],[125.48956298800033,-8.81505012499997],[125.48677825900006,-8.813289641999972],[125.48631286600005,-8.810279845999958],[125.48370361300022,-8.80823993699994],[125.48387146000016,-8.806460380999965],[125.48294830300006,-8.804360389999943],[125.48016357400013,-8.804039954999894],[125.47992706300022,-8.80020999899989],[125.47808075000012,-8.799010276999923],[125.4778137210003,-8.797880172999953],[125.47650146500007,-8.798549651999906],[125.47712707500034,-8.799599647999912],[125.47310638400029,-8.798600196999928],[125.47202301000004,-8.800049781999974],[125.46993255600023,-8.800530433999938],[125.46803283700001,-8.798290252999948],[125.46630096400031,-8.799090384999886],[125.46399688700001,-8.802049636999868],[125.46272277800006,-8.79675006899987],[125.46183776900011,-8.797200202999932],[125.46092987100008,-8.796090125999967],[125.46102905300029,-8.792309760999842],[125.46015930200019,-8.792180060999954],[125.45987701400009,-8.790940284999863],[125.45970916700003,-8.786109923999959],[125.45497131300021,-8.782480239999927],[125.45422363300031,-8.780690192999884],[125.45555877700008,-8.780179976999932],[125.45552063000025,-8.778989791999948],[125.45649719200003,-8.778639792999968],[125.45771026600005,-8.776679992999902],[125.45902252200005,-8.776280402999873],[125.46051788300008,-8.773900031999915],[125.46185302700007,-8.773159980999878],[125.46250152600021,-8.770099639999898],[125.46382141100003,-8.769220351999877],[125.46440124500009,-8.767230033999965],[125.46515655500002,-8.766739844999904],[125.46439361600005,-8.765410422999935],[125.46836853000013,-8.764989852999975],[125.46930694600019,-8.763460158999976],[125.4713363650003,-8.76224994699993],[125.47216796900022,-8.75996971099994],[125.4713363650003,-8.756970405999823],[125.46988678000002,-8.755629538999813],[125.47104644800004,-8.75461959799992],[125.47035980200008,-8.753459929999963],[125.47218322800029,-8.752459525999882],[125.47646331800001,-8.745100020999814],[125.47608184800015,-8.74376010899988],[125.47393035900018,-8.742540358999918],[125.47474670400015,-8.740650176999964],[125.4760665890002,-8.739700316999972],[125.47653198200021,-8.737779616999944],[125.4742965700002,-8.735899924999956],[125.47128295900018,-8.734999656999946],[125.4700317380001,-8.733189582999955],[125.46518707300004,-8.72986984299996],[125.4632720950001,-8.730739593999829],[125.45903015100009,-8.729900359999931],[125.45406341600017,-8.724490165999953],[125.45446777300026,-8.723299979999979],[125.46022033700001,-8.722040175999894],[125.46275329600007,-8.720560073999934],[125.46459960900017,-8.72052001999998],[125.46656036400009,-8.72130012499997],[125.46880340600023,-8.720809936999899],[125.47144317600021,-8.722439765999923],[125.47601318400007,-8.72126960799983],[125.47660064700017,-8.722800254999981],[125.47836303700012,-8.723629950999907],[125.4809265140002,-8.723460196999895],[125.48190307600021,-8.722629546999883],[125.48375701900022,-8.723670005999907],[125.48651886000005,-8.706760405999887],[125.48813629200004,-8.703140258999952],[125.4891510010001,-8.70522022199998],[125.49183654800015,-8.70773029299994],[125.49559021000005,-8.708999633999952],[125.49709320100033,-8.710140227999943],[125.49873352100019,-8.709719657999926],[125.49942779500009,-8.708689689999972],[125.50315094000018,-8.71006011999998],[125.5054931640002,-8.709340095999892],[125.50592041000004,-8.707779883999933],[125.51020050000011,-8.707850455999903],[125.51241302500011,-8.704380034999929],[125.51555633500016,-8.70219039899996],[125.51605224600007,-8.701029777999906],[125.51796722400002,-8.699399947999893],[125.51905059800015,-8.699870109999893],[125.52052307100007,-8.698889731999941],[125.52160644500032,-8.697159766999903],[125.5262374880001,-8.69334983799996],[125.52803802500011,-8.690039634999891],[125.52861022900004,-8.686849593999852],[125.53092193600003,-8.686269759999902],[125.53205871600017,-8.684760093999955],[125.53241729700005,-8.682689666999977],[125.53434753400018,-8.680640220999976],[125.53542327900027,-8.677760123999974],[125.53485107400013,-8.67469978299988],[125.53517150900007,-8.67160987899996],[125.53376007100019,-8.669750213999976],[125.53529357900004,-8.666080474999944],[125.53529357900004,-8.664480208999976],[125.53700256300021,-8.663450240999907],[125.54228210400015,-8.655870437999909],[125.54621124300024,-8.653120040999966],[125.5464630130001,-8.65147018399989],[125.5482330320001,-8.651040076999834],[125.55329132100007,-8.653550147999965],[125.55729675300017,-8.65443038899997],[125.56006622300015,-8.657079696999972],[125.56453704800015,-8.659099578999928],[125.56566619900002,-8.658519744999978],[125.56540679900013,-8.657320022999954],[125.5662231450001,-8.65532970399994],[125.56919097900004,-8.652099608999833],[125.57198333700012,-8.652589797999894],[125.58426666300022,-8.651359557999967],[125.58651733400018,-8.647540091999872],[125.59049224900002,-8.644319533999862],[125.5915069580002,-8.643679618999954],[125.59410095200008,-8.643610000999956],[125.5964431760001,-8.642339705999916],[125.6001968380001,-8.638859748999948],[125.60249328600003,-8.63914012899994],[125.60385894800004,-8.638050078999981],[125.60858154300013,-8.638689994999936],[125.61257934600008,-8.637619971999925],[125.61424255400004,-8.637860297999907],[125.61643981900022,-8.63449954999993],[125.61847686800002,-8.633270263999918],[125.61858367900027,-8.631770133999964],[125.62590789800015,-8.630649566999978],[125.62879180900006,-8.62884044599997]]]}},{"type":"Feature","properties":{"id":"TL0101","name":"Ainaro","muni_id":"TL01","muni_name":"Ainaro","_lon":125.50058,"_lat":-9.04131,"_bbox":[125.4242,-9.16177,125.56944,-8.92157]},"geometry":{"type":"Polygon","coordinates":[[[125.49817657500012,-8.93587017099992],[125.50038909900002,-8.935750007999957],[125.50157165500002,-8.940810203999945],[125.50447082500023,-8.94167995499987],[125.50598907500012,-8.943079947999877],[125.50801849400023,-8.943490027999871],[125.50962829600019,-8.945050239999944],[125.5114593510001,-8.945509910999931],[125.51563262900004,-8.948519706999946],[125.51734924300001,-8.953100203999952],[125.51925659200015,-8.956199645999959],[125.52181243900031,-8.95808982799997],[125.52253723100011,-8.96107959699998],[125.52372741700015,-8.962309836999964],[125.52715301500007,-8.96253967299998],[125.52919769300013,-8.965350150999939],[125.53148651100014,-8.966710090999982],[125.5339965820001,-8.967109679999908],[125.53456878700013,-8.968649863999929],[125.53431701700003,-8.97029972099989],[125.53115844700005,-8.975620269999865],[125.5330963130001,-8.97898960099991],[125.53677368200022,-8.979869842999847],[125.53822326700015,-8.98116016399996],[125.54176330600001,-8.980919837999863],[125.54470825200019,-8.982799529999966],[125.54550170900018,-8.984239577999915],[125.5501327510002,-8.985260009999877],[125.55019378700013,-8.986599921999812],[125.54933166500018,-8.988069533999976],[125.5501098630001,-8.989100455999846],[125.55193328900009,-8.989830016999974],[125.55354309100005,-8.994739531999869],[125.55330658000014,-8.996339797999951],[125.55204772900004,-8.997389792999968],[125.55145263700001,-8.999429702999976],[125.55370330800008,-9.002610206999975],[125.55461120600012,-9.002639770999906],[125.55438995400004,-9.00335979499988],[125.55605316200001,-9.004960059999974],[125.55684661900023,-9.00736045799988],[125.55864715600012,-9.005749701999946],[125.5593338010001,-9.006219863999945],[125.55924987800006,-9.008469581999918],[125.5580978390002,-9.008580207999898],[125.5583572390002,-9.010029792999944],[125.55985260000011,-9.012450217999913],[125.5598983760002,-9.013999938999973],[125.56224823000014,-9.015119552999977],[125.56153869600007,-9.01597976699992],[125.55818176300022,-9.016169547999937],[125.55708313000002,-9.01708984399994],[125.55525970500003,-9.021909713999946],[125.5550689700001,-9.024889945999973],[125.55319976800001,-9.028079986999956],[125.55322265600012,-9.028980254999908],[125.55522918700001,-9.029809951999937],[125.55637359600007,-9.031620025999928],[125.55590057400002,-9.033430098999872],[125.55372619600007,-9.036569594999946],[125.55349731400008,-9.042079925999872],[125.55446624800004,-9.044599532999882],[125.5560989380001,-9.045800208999935],[125.55819702100007,-9.05237007099987],[125.56111145000023,-9.055230140999981],[125.5616226200001,-9.059180259999891],[125.56088256800012,-9.060759543999893],[125.56076049800015,-9.063449859999935],[125.56449127200005,-9.069169997999893],[125.56468963600003,-9.07168006899991],[125.56640625000011,-9.07664966599998],[125.56889343300008,-9.077630042999942],[125.56944274900002,-9.079440116999933],[125.5689697270002,-9.080719947999967],[125.5634231570001,-9.085390090999908],[125.56391906700026,-9.098230361999981],[125.55789947500011,-9.101490020999961],[125.55680847200017,-9.102939605999893],[125.55404663100023,-9.113309859999958],[125.55420684800004,-9.115570067999897],[125.55187225300006,-9.120579719999967],[125.55213165300006,-9.12353038799995],[125.55016326900022,-9.125590323999972],[125.54978179900013,-9.133000373999948],[125.5489807130001,-9.135760306999885],[125.54409027100007,-9.145520209999972],[125.54023742700019,-9.161769866999975],[125.5308609010001,-9.15791988399991],[125.5284194950001,-9.157670020999944],[125.52747345000023,-9.155779838999933],[125.52498626700003,-9.155269622999924],[125.52475738500004,-9.147270202999891],[125.52308654800015,-9.146160125999927],[125.52052307100007,-9.14538955699993],[125.51892852800017,-9.145910262999905],[125.51618957500011,-9.143639564999887],[125.51512146000016,-9.144789695999918],[125.5140533450001,-9.144240378999939],[125.51293945300017,-9.144659995999973],[125.50950622600021,-9.144069671999944],[125.50438690200008,-9.141719817999956],[125.50277710000012,-9.14313030199986],[125.49643707300004,-9.14367961899984],[125.49461364700016,-9.141469954999877],[125.49587249800015,-9.139749526999822],[125.494552612,-9.138719558999867],[125.49485778800022,-9.138139724999917],[125.48861694300012,-9.135709762999966],[125.48677063000002,-9.134019851999938],[125.48609924300001,-9.131609916999935],[125.48200225800008,-9.131750106999903],[125.4742431640002,-9.127809524999975],[125.47448730500003,-9.1241102219999],[125.47791290300017,-9.116490363999958],[125.47839355500014,-9.11324024199996],[125.48071289100005,-9.109580039999969],[125.48124694800003,-9.106590270999959],[125.47998046900022,-9.098290442999883],[125.47592163100012,-9.09130954699998],[125.47511291500018,-9.088769912999965],[125.4756011960003,-9.080100059999836],[125.47490692100018,-9.076809882999896],[125.47297668500016,-9.07474994699993],[125.46897888200021,-9.073060035999958],[125.46762085000012,-9.070050239999887],[125.4629135130001,-9.066049575999898],[125.45011138900009,-9.064649581999902],[125.44434356700015,-9.061829566999961],[125.4454879760001,-9.054329871999926],[125.44782257100007,-9.05235004399998],[125.44877624500009,-9.050279616999944],[125.44686889600007,-9.047840117999954],[125.44788360600023,-9.044690131999914],[125.44779968300008,-9.042349814999909],[125.44905090300006,-9.042650222999896],[125.44925689700005,-9.042079925999872],[125.44599914600008,-9.040530204999811],[125.44521331800024,-9.03791999799995],[125.44750213600014,-9.031729697999936],[125.4495162960003,-9.030209540999863],[125.44995117200006,-9.028820037999822],[125.44918823200032,-9.027620315999854],[125.44978332500011,-9.02597045899995],[125.44856262200005,-9.024660109999957],[125.44806671100002,-9.021920203999912],[125.4459228520002,-9.021080016999974],[125.44355011000016,-9.018630027999848],[125.44328308100012,-9.014909743999965],[125.44091033900008,-9.011619567999958],[125.44071960400004,-9.010210036999922],[125.43681335400015,-9.006489753999972],[125.4344100950002,-9.00759983099988],[125.43199157700008,-9.007300376999979],[125.43031311000004,-9.007820128999981],[125.4287567140002,-9.006030082999928],[125.42859649700017,-9.004920005999963],[125.42710876500018,-9.004210471999954],[125.42635345500003,-9.002039908999961],[125.42529296900022,-9.001649856999904],[125.42488098100011,-8.998009681999974],[125.42420196500007,-8.997710227999903],[125.42474365200019,-8.992810248999945],[125.42575836200012,-8.992509841999947],[125.42552948000002,-8.99118995699996],[125.42648315400004,-8.988690375999909],[125.42746734600007,-8.988450049999926],[125.42843627900004,-8.986300467999968],[125.4299163820001,-8.985950469999977],[125.42931366000028,-8.985269546999973],[125.43112945600024,-8.985059737999904],[125.43164825400004,-8.984259604999977],[125.43253326400009,-8.98445987699995],[125.43537139900013,-8.981980323999949],[125.4365692140002,-8.982060431999912],[125.43821716300022,-8.980819701999906],[125.44257354700005,-8.97929954499989],[125.44534301800002,-8.977299689999825],[125.44645690900006,-8.977540015999978],[125.44789886500018,-8.976460456999916],[125.44953918500016,-8.976619719999974],[125.45073700000023,-8.975819587999922],[125.45157623300008,-8.973819732999914],[125.45117950400004,-8.970339774999957],[125.45305633500004,-8.969579696999915],[125.45683288600014,-8.964389800999868],[125.45230102500022,-8.954070090999892],[125.45469665500002,-8.953029632999971],[125.45658111600005,-8.948989867999956],[125.45997619600018,-8.944999694999922],[125.46022033700001,-8.943880080999918],[125.46273803700012,-8.94287967699995],[125.46734619100005,-8.938839911999878],[125.46917724600007,-8.938320159999876],[125.47078704800003,-8.939120292999917],[125.47318267800006,-8.939040183999964],[125.47297668500016,-8.936160087999951],[125.4751434330002,-8.935319900999957],[125.47650909400011,-8.932519912999851],[125.47855377200017,-8.932120322999936],[125.48087310800008,-8.929920196999944],[125.48114776600005,-8.927680015999954],[125.48018646200012,-8.92488956499983],[125.48100280800008,-8.92241001099984],[125.48251342800006,-8.92156982399996],[125.4893798830002,-8.924489974999972],[125.48970794700017,-8.925930022999921],[125.49137115500014,-8.928119658999947],[125.49205780000034,-8.931819915999938],[125.49411773700001,-8.933349608999947],[125.49581146200023,-8.933719634999818],[125.49817657500012,-8.93587017099992]]]}},{"type":"Feature","properties":{"id":"TL1002","name":"Alas","muni_id":"TL10","muni_name":"Manufahi","_lon":125.82038,"_lat":-9.04201,"_bbox":[125.70229,-9.15119,125.9839,-8.93525]},"geometry":{"type":"Polygon","coordinates":[[[125.81713867200006,-8.940360068999894],[125.82100677500011,-8.94075012199994],[125.82289123500004,-8.939929961999951],[125.82746887200005,-8.941579818999912],[125.82829284700006,-8.940690040999925],[125.83133697500023,-8.940629958999864],[125.8352127080002,-8.939390181999954],[125.84043121300022,-8.943129538999926],[125.84455871600005,-8.944809913999961],[125.84554290800008,-8.94680023199993],[125.84967804000019,-8.946499824999876],[125.85162353500004,-8.947010039999896],[125.8536682130001,-8.948470115999896],[125.85102844200014,-8.953439712999966],[125.84638977100008,-8.958259582999972],[125.84583282500023,-8.96138954199995],[125.84736633300008,-8.963520049999943],[125.84715271000005,-8.966759681999918],[125.8506317140002,-8.97056961099986],[125.85550689700005,-8.970680236999954],[125.85790252700019,-8.972339629999851],[125.85888671900011,-8.975640296999927],[125.85845184300001,-8.980480193999881],[125.86041259800015,-8.98894023899993],[125.86261749300002,-8.996029853999971],[125.86453247100008,-8.997960090999982],[125.87539672900016,-8.997150420999958],[125.88227844200014,-8.994750022999938],[125.88559722900004,-8.995129584999972],[125.8882827760001,-8.996870040999909],[125.89417266800001,-9.00255012499997],[125.9032135010001,-9.003499984999962],[125.90599060100021,-9.00506973299997],[125.90837097200006,-9.014599799999871],[125.91079711900011,-9.017979621999928],[125.91722106900033,-9.01918029799998],[125.92874908400017,-9.019689559999847],[125.93025207500011,-9.023579596999923],[125.93488311800002,-9.031060218999812],[125.93467712400002,-9.033080100999939],[125.93595123300008,-9.037619590999952],[125.93569183300008,-9.040289878999886],[125.93743133500016,-9.04504013099995],[125.93965148900008,-9.047080039999969],[125.94576263400018,-9.049280166999836],[125.9481887820001,-9.056240081999874],[125.94880676300022,-9.061140059999957],[125.95294189500021,-9.063810348999937],[125.95799255400004,-9.069510459999833],[125.95892334000018,-9.076760291999904],[125.96602630600023,-9.08115005499991],[125.97747039800015,-9.095729827999946],[125.97952270500002,-9.09790039099994],[125.98312377900027,-9.100000380999973],[125.98226928700012,-9.101550101999862],[125.98377227800006,-9.105219840999894],[125.98390197800006,-9.11030960099987],[125.97828674300013,-9.113289832999897],[125.96394348100011,-9.119059562999894],[125.95030212400002,-9.128780364999955],[125.94315338100012,-9.132619857999941],[125.93808746300022,-9.134160041999905],[125.92649841300022,-9.134360312999945],[125.92185211200012,-9.133620261999909],[125.9146499630001,-9.134289741999964],[125.90672302200028,-9.133660315999862],[125.8909301760001,-9.13088989299996],[125.87605285600011,-9.12674999199993],[125.86549377400013,-9.124549865999938],[125.85272216800013,-9.124059676999877],[125.85002899200003,-9.124629973999902],[125.84945678700001,-9.123959540999863],[125.84953308100012,-9.124810218999926],[125.84265136700003,-9.127530097999966],[125.83474731400008,-9.134030341999903],[125.83120727500011,-9.134779929999866],[125.82901001000016,-9.136099814999909],[125.82676696800002,-9.139550208999935],[125.82391357400002,-9.14624977099993],[125.81903076200012,-9.150030135999941],[125.81553649900013,-9.151189803999955],[125.81376647900004,-9.15036010699987],[125.80992889400022,-9.14667987799993],[125.8023986820001,-9.145159720999914],[125.803146362,-9.139679908999938],[125.80536651600005,-9.13768005399993],[125.80658721900022,-9.138799666999944],[125.80773925800008,-9.138489722999964],[125.80763244600007,-9.135760306999885],[125.80872345000012,-9.13360023499996],[125.80764007600021,-9.130780219999963],[125.80695343000002,-9.1313896179999],[125.80574798600014,-9.130629538999926],[125.80462646500018,-9.127019881999956],[125.80655670200008,-9.127050399999973],[125.8066101070001,-9.125650405999977],[125.80972290000022,-9.123889922999979],[125.81030273400006,-9.122690200999898],[125.80914306600005,-9.121649741999875],[125.8074035640002,-9.122460364999881],[125.80677032500012,-9.122010230999933],[125.80436706500018,-9.119009971999958],[125.80223083500005,-9.118479728999944],[125.80153656000005,-9.115909575999922],[125.7991561890002,-9.116129874999956],[125.79917144800004,-9.11425971999995],[125.79795837400025,-9.114410399999883],[125.7972564700001,-9.116259574999958],[125.79672241200012,-9.116250037999976],[125.79601287800006,-9.114089965999938],[125.79408264200003,-9.112899779999964],[125.79402160600011,-9.11050987199991],[125.7924728390002,-9.111610412999937],[125.79094696000016,-9.110400199999901],[125.791069031,-9.106960296999944],[125.78922271700003,-9.108229636999965],[125.7877197270002,-9.106590270999959],[125.78658294700006,-9.107859611999913],[125.78587341300033,-9.105380057999923],[125.7838668820001,-9.10494995099998],[125.78189849900025,-9.103619575999915],[125.77989196800002,-9.105400084999928],[125.77899932900004,-9.104829787999961],[125.77797699000007,-9.105050086999881],[125.77741241500019,-9.10398960099991],[125.77572631800001,-9.10542011299998],[125.77483367900015,-9.105210303999911],[125.77201843300008,-9.103300094999952],[125.77147674600008,-9.102089881999916],[125.76190185500002,-9.097490310999945],[125.76049804700006,-9.096199988999956],[125.75984191900011,-9.094079970999928],[125.76067352300004,-9.092109679999908],[125.7587585450002,-9.091839789999938],[125.75731658900008,-9.09296989399985],[125.75527954100016,-9.088239669999894],[125.75330352800017,-9.085989951999977],[125.75164794900002,-9.085169791999817],[125.7498168950001,-9.08588027999997],[125.74842071500018,-9.088999747999878],[125.74635314900002,-9.090769767999973],[125.74410247800006,-9.092000007999957],[125.74160766600005,-9.091870307999898],[125.73988342300004,-9.086020469999937],[125.7408981320001,-9.083840369999962],[125.73739624000007,-9.081629752999902],[125.72843933100012,-9.081390380999835],[125.72805786100002,-9.078350066999974],[125.72588348400018,-9.077630042999942],[125.72342681900022,-9.075739860999931],[125.71975708000002,-9.07526016199995],[125.71814727800006,-9.074449538999943],[125.71755218500016,-9.072210311999925],[125.72229766800012,-9.06606960299996],[125.72226715100021,-9.061920165999936],[125.72442627000021,-9.058289527999932],[125.72335815400015,-9.05101966899997],[125.72373962400002,-9.049909591999949],[125.71991729700005,-9.046999930999903],[125.72026062000032,-9.045370101999879],[125.71959686300022,-9.044529914999885],[125.71777343700012,-9.044099807999942],[125.71701812700019,-9.044690131999914],[125.71598053000002,-9.043729781999957],[125.71472168000003,-9.043769835999967],[125.71221160900006,-9.047080039999969],[125.71116638200033,-9.046130179999977],[125.70973968500016,-9.047849654999936],[125.70886230500003,-9.04656028699992],[125.70800781200012,-9.047120093999979],[125.707443237,-9.048970221999923],[125.7063598630001,-9.049650191999888],[125.70526886000016,-9.053660392999973],[125.7045288090003,-9.053420066999877],[125.70406341600005,-9.047349929999882],[125.7047882080002,-9.043979644999922],[125.70410156200023,-9.040120124999873],[125.7025299070001,-9.03693962099993],[125.70229339600019,-9.032230376999905],[125.70423889200003,-9.029950141999961],[125.70652008100001,-9.029669761999969],[125.70789337200006,-9.030630111999926],[125.71118164100005,-9.029520034999905],[125.71259307900016,-9.028070449999973],[125.71392059300001,-9.025090217999946],[125.71882629400011,-9.019929885999943],[125.71994781500007,-9.016500472999951],[125.71871185300017,-9.01282978099988],[125.71896362300004,-9.009369849999871],[125.71840667700019,-9.008589744999824],[125.72038269000029,-9.007169723999937],[125.72131347700031,-9.00537967699995],[125.72445678700001,-9.004360198999962],[125.72534179700006,-9.002869605999933],[125.72612762500023,-9.00286006899995],[125.72733306900011,-9.001569747999952],[125.72750854500009,-9.000240325999812],[125.72969055200008,-8.99890994999987],[125.73139953600003,-8.999079703999882],[125.73226928700001,-8.997139930999879],[125.73341369600007,-8.997070312999881],[125.73428344700017,-8.99608039899988],[125.73574066200001,-8.995559691999972],[125.74162292500012,-8.996000289999927],[125.74352264400022,-8.994520186999921],[125.74529266400009,-8.994930266999916],[125.75044250500014,-8.99151039099985],[125.7509231570001,-8.989830016999974],[125.75270080600001,-8.990019797999878],[125.75366210900006,-8.98565006299998],[125.75322723400006,-8.984849929999939],[125.75103759800004,-8.984060286999977],[125.75108337400013,-8.980959891999873],[125.74877166700003,-8.978679656999873],[125.75126647900004,-8.975069999999903],[125.75221252400013,-8.974849700999869],[125.7542800900003,-8.977479934999906],[125.75641632100007,-8.97677993799988],[125.75711059600019,-8.977950095999972],[125.76004028300008,-8.976010322999969],[125.76069641100014,-8.976469993999899],[125.7621002200002,-8.97618007699998],[125.76036071800002,-8.973649978999902],[125.76074981700015,-8.972450255999945],[125.76159668000014,-8.972209929999963],[125.76331329300012,-8.967530250999914],[125.76471710200019,-8.967490195999972],[125.7651596070001,-8.966589927999905],[125.76416015600012,-8.965740203999928],[125.76431274400011,-8.96230030099997],[125.76365661600005,-8.960820197999908],[125.76489257800017,-8.959850310999968],[125.76361846900011,-8.958359717999826],[125.76524353000002,-8.956930160999946],[125.76432037400002,-8.95588016499994],[125.76537323000014,-8.955349921999925],[125.76402282700008,-8.951979636999965],[125.7627410890002,-8.951009749999912],[125.76334381100003,-8.94865989699997],[125.7629470830002,-8.945509910999931],[125.76065826400009,-8.943610190999891],[125.76016235400027,-8.942259788999877],[125.7686004640002,-8.942139625999971],[125.76941680900029,-8.94291973099996],[125.76989746100014,-8.945039748999932],[125.77210998500004,-8.947079658999883],[125.7761077880001,-8.945910453999943],[125.7879028320001,-8.948920249999958],[125.79210662800017,-8.949009894999904],[125.7926330570001,-8.948800086999938],[125.78999328600003,-8.946129798999891],[125.79061889600018,-8.94384956399989],[125.79183960000012,-8.943340301999854],[125.7947387700001,-8.944009780999977],[125.79479980500014,-8.939860343999953],[125.79679107700008,-8.940569877999963],[125.80048370400016,-8.939530372999911],[125.80227661100002,-8.937580108999953],[125.80304718000014,-8.935609817999875],[125.80626678500016,-8.93525028199997],[125.80908966100014,-8.93572044399997],[125.81713867200006,-8.940360068999894]]]}},{"type":"Feature","properties":{"id":"TL0404","name":"Atabae","muni_id":"TL04","muni_name":"Bobonaro","_lon":125.13315,"_lat":-8.82959,"_bbox":[125.00384,-8.92419,125.22052,-8.73481]},"geometry":{"type":"Polygon","coordinates":[[[125.10262298600003,-8.738089560999924],[125.10978698700012,-8.737999915999978],[125.11473083500005,-8.736889838999957],[125.12050628700013,-8.7373199459999],[125.12139129600007,-8.737620353999887],[125.12525177000009,-8.742030143999898],[125.13230896000016,-8.743029593999836],[125.1369705200002,-8.744500159999916],[125.14431762700008,-8.750309943999923],[125.14646148700001,-8.751299857999868],[125.15204620400004,-8.74991989099982],[125.15677642800006,-8.751420020999944],[125.16065216100003,-8.750410079999938],[125.17073059100005,-8.75298023199997],[125.18018341100026,-8.747940062999874],[125.18298339800003,-8.74857044199996],[125.18567657500023,-8.752349853999874],[125.18955993700001,-8.753170012999874],[125.19069671600016,-8.753990172999977],[125.19434356700003,-8.759010314999955],[125.19670105000012,-8.764189719999933],[125.20300293000003,-8.768870353999887],[125.20291900600012,-8.771570205999978],[125.20879364000007,-8.77392959599996],[125.20916748000002,-8.775950431999945],[125.20720672600021,-8.779600142999925],[125.2074127200002,-8.781880378999972],[125.21012878400006,-8.78651046799996],[125.21038055400004,-8.788929938999956],[125.21130371100003,-8.789759635999872],[125.21405792200005,-8.790260314999898],[125.21526336700003,-8.791399955999964],[125.21674346900011,-8.794779777999906],[125.21695709200014,-8.79986953699995],[125.22052002000021,-8.804019927999832],[125.21985626200001,-8.806209563999971],[125.21367645300006,-8.809869765999963],[125.21202087400025,-8.812350272999936],[125.20932769800004,-8.821619986999963],[125.21045684800004,-8.829449653999973],[125.20858764600007,-8.833370208999895],[125.20504760700032,-8.83792972599997],[125.20585632300015,-8.840909957999884],[125.2054595950001,-8.843890189999911],[125.20205688500016,-8.84634017899998],[125.19847869900002,-8.84792995499987],[125.19541931200013,-8.851440429999968],[125.19492340100021,-8.861989974999972],[125.18620300300006,-8.876119613999947],[125.18604278600003,-8.881850242999974],[125.18251037600032,-8.883709907999844],[125.18121337900004,-8.885560035999958],[125.17661285400015,-8.885849952999877],[125.17407226600005,-8.889049529999966],[125.17250061000004,-8.889820098999849],[125.16792297400002,-8.890009879999923],[125.16734314000007,-8.89058971399993],[125.16805267300003,-8.893039702999943],[125.16708374000007,-8.894650458999934],[125.15660858200022,-8.896320342999957],[125.15548706100003,-8.897970199999975],[125.15540313700001,-8.901880263999942],[125.15277099600007,-8.90163993799996],[125.14996337900004,-8.904009818999896],[125.14717865000011,-8.90493965099995],[125.14595794700017,-8.908780097999909],[125.14201355000034,-8.914489745999902],[125.14026641800001,-8.918410300999938],[125.14047241200001,-8.92183017699989],[125.13609314000007,-8.92195033999991],[125.13213348400018,-8.924189567999974],[125.13139343300008,-8.923939704999952],[125.13076782200017,-8.92187976799994],[125.12935638400006,-8.922599791999914],[125.12853241000028,-8.922249793999981],[125.12787628200022,-8.923049926999852],[125.12523651100003,-8.92300987199991],[125.1242523190001,-8.921339988999932],[125.12357330300006,-8.922800063999944],[125.12220764200015,-8.92168044999994],[125.12033081100003,-8.921770095999932],[125.11872100800008,-8.920619964999958],[125.11470794700017,-8.920809745999861],[125.11501312300004,-8.919619559999887],[125.1134567260001,-8.91913032499997],[125.11203765900018,-8.917519568999921],[125.1083908080002,-8.917280196999968],[125.1058502200001,-8.915550231999873],[125.10266876200012,-8.91067981699996],[125.10056304900002,-8.9101200099999],[125.09963989300002,-8.90686988799996],[125.09784698500005,-8.904549598999893],[125.09751129200004,-8.902839660999973],[125.09435272200005,-8.899550437999892],[125.09294128400018,-8.89927959399995],[125.09121704100005,-8.900289535999946],[125.09066009500009,-8.900019645999976],[125.09060668900031,-8.897850036999955],[125.08438873300008,-8.890890120999927],[125.08296966600005,-8.88759994499992],[125.08058166500007,-8.884400367999945],[125.07919311500007,-8.880109786999924],[125.07923889200003,-8.877030372999968],[125.08130645800009,-8.873109817999932],[125.08291626000005,-8.872599601999923],[125.08381652800006,-8.869990348999863],[125.0796585080003,-8.86762046799987],[125.07510376000005,-8.861100196999871],[125.07388305700022,-8.861619948999873],[125.07166290300017,-8.861310004999893],[125.0700225830002,-8.86213016499994],[125.06654357900027,-8.86038970899989],[125.06540679900002,-8.857150077999961],[125.06427764900002,-8.857049941999946],[125.06340789800004,-8.855879783999967],[125.06259155300017,-8.855859755999973],[125.06124877900004,-8.858489989999896],[125.05609893800022,-8.85918044999994],[125.05467224100005,-8.861149787999977],[125.05490875200007,-8.863169669999934],[125.05092620800008,-8.86386966699996],[125.05033874500009,-8.866060256999845],[125.04783630400004,-8.866109847999951],[125.0470733640002,-8.867150306999974],[125.04646301300022,-8.866939544999923],[125.04627990700021,-8.868320464999897],[125.04435730000034,-8.870320319999962],[125.04222869900002,-8.870630263999942],[125.04203796400009,-8.869930266999972],[125.04115295400004,-8.870180129999937],[125.03945159900024,-8.869250297999827],[125.03704834000007,-8.86991977699995],[125.03333282500012,-8.867690085999868],[125.0319137570001,-8.868040084999961],[125.02825927700007,-8.867509841999947],[125.02578735400004,-8.868029593999893],[125.02369689900002,-8.869050025999968],[125.02156829800003,-8.872139930999879],[125.01986694300001,-8.872550010999817],[125.01679992700008,-8.87561988799996],[125.01363372800006,-8.875550269999906],[125.01188659700017,-8.87639999399994],[125.01123809800004,-8.875709533999952],[125.00980377200005,-8.87569045999993],[125.00691223100023,-8.878470420999918],[125.00406646700026,-8.878970145999972],[125.00383758500016,-8.87479972799997],[125.00512695300006,-8.864480018999927],[125.00682067900004,-8.862250327999902],[125.0084228520002,-8.861499785999968],[125.00940704300001,-8.858960151999895],[125.01042175300017,-8.85871028899993],[125.0120773320001,-8.85614967299989],[125.01309204100005,-8.855750083999965],[125.0134887700001,-8.853810309999972],[125.01569366500007,-8.85367011999989],[125.01814270000011,-8.850729941999816],[125.01799011200012,-8.849220275999869],[125.02059173600003,-8.848340033999875],[125.02253723100034,-8.844779967999898],[125.02485656700003,-8.8438501359999],[125.02686309800004,-8.840620040999966],[125.02805328400018,-8.839859961999878],[125.02789306600005,-8.83847045899995],[125.03069305400004,-8.83917999299996],[125.03368377700019,-8.837059974999931],[125.0357437130001,-8.833649634999858],[125.03576660200008,-8.831520080999951],[125.0383377080002,-8.831580161999966],[125.03885650600012,-8.83045959499998],[125.03999328600003,-8.830080031999898],[125.03997039800015,-8.82927989999996],[125.0416793820001,-8.828720092999902],[125.04360199000007,-8.829429625999921],[125.0452270510001,-8.828780173999917],[125.0475387570001,-8.829179763999946],[125.0510864260001,-8.828700065999953],[125.05200958300031,-8.829739570999891],[125.05354309100005,-8.829270362999978],[125.05522155800008,-8.830309867999915],[125.05787658700012,-8.827520369999945],[125.05895233200022,-8.827960013999927],[125.06873321500007,-8.825229644999979],[125.07308197000009,-8.819849967999971],[125.07607269300001,-8.81764030499994],[125.07980346700015,-8.816029548999893],[125.08355712900004,-8.811160087999951],[125.08614349400011,-8.809189795999941],[125.08734893800033,-8.80671024299994],[125.09377288800022,-8.802120208999952],[125.09435272200005,-8.799639701999979],[125.09602356000005,-8.797989844999961],[125.09722900400016,-8.794409751999979],[125.09738922100018,-8.786450385999956],[125.09432220500025,-8.765660285999957],[125.09307861300022,-8.749199866999902],[125.09052276600005,-8.736169814999869],[125.09087371800013,-8.734809874999883],[125.10262298600003,-8.738089560999924]]]}},{"type":"Feature","properties":{"id":"TL0604","name":"Atauro","muni_id":"TL06","muni_name":"Dili","_lon":125.58211,"_lat":-8.21708,"_bbox":[125.50108,-8.30886,125.64391,-8.12687]},"geometry":{"type":"Polygon","coordinates":[[[125.63392639200026,-8.126870154999835],[125.63603210400004,-8.127599715999963],[125.63665008500016,-8.13096046399994],[125.63860321000016,-8.133219718999953],[125.63802337600032,-8.137820243999897],[125.64015197800006,-8.140850066999974],[125.64093780500014,-8.14383983599987],[125.64079284700006,-8.146160125999927],[125.6397171020003,-8.148130416999948],[125.63968658400006,-8.15178012799987],[125.64217376700026,-8.161419867999882],[125.64272308300008,-8.162059783999894],[125.64359283400017,-8.161930083999891],[125.64391326900011,-8.162750243999938],[125.64370727500011,-8.164620398999944],[125.64198303200021,-8.164629935999926],[125.64132690400027,-8.163359641999875],[125.6408767700002,-8.164799689999938],[125.6403884890002,-8.164859771999943],[125.64051055900018,-8.164299964999884],[125.64006805400004,-8.164759635999928],[125.64096832300004,-8.166009902999974],[125.64006805400004,-8.170169829999907],[125.64053344700005,-8.172570228999916],[125.63741302500023,-8.179349898999817],[125.63535308800022,-8.180009841999947],[125.63458252000021,-8.181139945999973],[125.63294220000023,-8.19423961599989],[125.62909698500005,-8.196909903999938],[125.62718963600014,-8.199509620999947],[125.62547302200005,-8.20055961599985],[125.62319183300019,-8.204179763999889],[125.62214660600011,-8.204730033999965],[125.62106323200021,-8.20711040499998],[125.61712646500018,-8.209259986999939],[125.6153869630001,-8.212739943999907],[125.61329650900018,-8.215140342999916],[125.609786987,-8.22243022899994],[125.60854339600007,-8.230179786999884],[125.60691070600001,-8.23186016099993],[125.60812377900004,-8.236900329999855],[125.60688781700014,-8.249179839999954],[125.60903930700033,-8.256959914999925],[125.60648345900006,-8.262200355999937],[125.60504150400004,-8.269579886999963],[125.60241699200014,-8.27443027499993],[125.60204315200008,-8.277799605999917],[125.60006713900032,-8.28005981399997],[125.60076904300013,-8.28186988799996],[125.5995025630001,-8.28345012699998],[125.59940338100012,-8.285490035999942],[125.59278106700003,-8.291939734999971],[125.59216308600014,-8.295060157999956],[125.58957672100007,-8.29722022999988],[125.58685302700019,-8.303319930999919],[125.58587646500018,-8.303870200999881],[125.58409118700024,-8.302809714999967],[125.58361816400009,-8.303839683999854],[125.58402252200017,-8.305150031999915],[125.58319091800013,-8.306730269999832],[125.5794830320001,-8.306889533999936],[125.57776641800001,-8.3088598249999],[125.57510376000016,-8.307909965999897],[125.57486724900002,-8.30718040499994],[125.57230377200005,-8.305950164999956],[125.56897735600023,-8.306929587999889],[125.56842804000007,-8.306320189999894],[125.56593322800006,-8.30659961699996],[125.56358337400013,-8.305800437999892],[125.56224823000014,-8.30667018899993],[125.56054687500011,-8.306369780999944],[125.5614166260001,-8.3050899509999],[125.56082916300022,-8.302729606999947],[125.55925750700021,-8.302160262999962],[125.55642700200008,-8.302729606999947],[125.55531311000004,-8.301090239999894],[125.55535888700001,-8.299070357999938],[125.55336761500018,-8.29726982099993],[125.55098724400011,-8.297120093999979],[125.54789733900031,-8.298000335999973],[125.54622650100009,-8.297109603999957],[125.54402923600014,-8.296950339999967],[125.53591918900008,-8.297989844999961],[125.53143310500002,-8.297360419999961],[125.52837371800013,-8.295989989999953],[125.52594757100019,-8.293979644999979],[125.5252075200001,-8.292320250999921],[125.5241470340003,-8.29224967999994],[125.52168273900008,-8.28927993799988],[125.51643371600017,-8.28512954699994],[125.51407623300008,-8.282159804999878],[125.50679016100014,-8.27608966799994],[125.5057525630001,-8.273670196999944],[125.50389099100005,-8.271650313999942],[125.50108337400002,-8.264699935999886],[125.5014877320001,-8.262229918999878],[125.50347900400016,-8.25891017899994],[125.50830078100023,-8.254890441999976],[125.51293945300017,-8.252280234999887],[125.5188827510002,-8.247110366999891],[125.52158355700021,-8.242699622999965],[125.52321624800004,-8.230839728999968],[125.5248489380001,-8.22723960899998],[125.52654266400009,-8.225270270999943],[125.52983093300008,-8.222760200999971],[125.533256531,-8.221420287999877],[125.53968811000027,-8.221240043999956],[125.54074859600007,-8.221929549999913],[125.54429626500007,-8.222100257999898],[125.54974365200007,-8.220230102999892],[125.55090332000009,-8.219010352999874],[125.55526733400006,-8.21006011999998],[125.55985260000011,-8.206680297999924],[125.56040191700004,-8.202679633999935],[125.56275177000009,-8.198619842999847],[125.56432342500011,-8.197070121999957],[125.56754303000002,-8.195699691999891],[125.57408905000023,-8.186929702999919],[125.58080291700014,-8.180029868999952],[125.58448791500007,-8.17714977299994],[125.5868835450002,-8.17407035799988],[125.58904266400009,-8.169949531999976],[125.59142303500005,-8.161740302999931],[125.59691619900002,-8.15997028399994],[125.60658264200003,-8.150639533999936],[125.61234283400006,-8.142589568999881],[125.6133804320001,-8.140179633999878],[125.61829376200001,-8.134989737999945],[125.62010192900016,-8.13189029699987],[125.62341308600014,-8.131310462999977],[125.63392639200026,-8.126870154999835]]]}},{"type":"Feature","properties":{"id":"TL0704","name":"Atsabe","muni_id":"TL07","muni_name":"Ermera","_lon":125.40123,"_lat":-8.93106,"_bbox":[125.31178,-8.99607,125.49798,-8.86731]},"geometry":{"type":"Polygon","coordinates":[[[125.38247680700022,-8.867309569999918],[125.38474273700012,-8.869979857999965],[125.38760376000016,-8.87152004199993],[125.38832092300004,-8.876230239999927],[125.38981628400006,-8.877289771999926],[125.39269256600016,-8.881979941999873],[125.39550781200023,-8.884900092999885],[125.39833831800013,-8.884969710999883],[125.40477752700008,-8.888549804999968],[125.40220642100019,-8.896989821999966],[125.40252685500002,-8.898289679999948],[125.40403747600021,-8.899020194999878],[125.4089431760001,-8.898480414999824],[125.4174270630001,-8.895099639999955],[125.42003631600005,-8.89468955999996],[125.42070770300006,-8.896459578999952],[125.42774200400027,-8.903169631999958],[125.42881012000021,-8.905010222999977],[125.44136047400013,-8.905269622999981],[125.44232177700019,-8.903730391999886],[125.44223022500012,-8.901490210999896],[125.44391632100019,-8.900369643999909],[125.44551849400011,-8.900540351999894],[125.44869232200017,-8.899410247999924],[125.45188140900018,-8.899580001999936],[125.45385742200017,-8.897939681999958],[125.45570373500004,-8.897700309999948],[125.45675659200003,-8.896889686999941],[125.45826721200012,-8.897020339999813],[125.45935821500007,-8.895219802999975],[125.46138000500002,-8.894809722999867],[125.46420288100035,-8.891719817999899],[125.4683609010001,-8.891659736999827],[125.46961975100021,-8.887880324999912],[125.47222137500012,-8.884369849999928],[125.47646331800001,-8.882550239999887],[125.47791290300017,-8.882390021999981],[125.4894332890002,-8.885210036999979],[125.49054718000002,-8.886560439999869],[125.49279022200005,-8.88710021999998],[125.49375152600032,-8.890290259999915],[125.49783325200019,-8.89295959499998],[125.49797821000016,-8.89373969999997],[125.49710083000002,-8.894539832999897],[125.49565887500012,-8.894659995999916],[125.49244689900013,-8.896980285999973],[125.49253845200019,-8.899259566999888],[125.49382019000018,-8.901140212999962],[125.49317932100018,-8.90497970599995],[125.49447631800012,-8.90752983099992],[125.49456024200015,-8.911290168999926],[125.49211883500016,-8.913729667999974],[125.49192047100007,-8.916769980999902],[125.48667907700019,-8.917690276999963],[125.4862670900003,-8.919329642999969],[125.48100280800008,-8.92241001099984],[125.48018646200012,-8.92488956499983],[125.48114776600005,-8.927680015999954],[125.48087310800008,-8.929920196999944],[125.47855377200017,-8.932120322999936],[125.47650909400011,-8.932519912999851],[125.4751434330002,-8.935319900999957],[125.47297668500016,-8.936160087999951],[125.47318267800006,-8.939040183999964],[125.47078704800003,-8.939120292999917],[125.46917724600007,-8.938320159999876],[125.46734619100005,-8.938839911999878],[125.46273803700012,-8.94287967699995],[125.46022033700001,-8.943880080999918],[125.45997619600018,-8.944999694999922],[125.45658111600005,-8.948989867999956],[125.45469665500002,-8.953029632999971],[125.45230102500022,-8.954070090999892],[125.45683288600014,-8.964389800999868],[125.45305633500004,-8.969579696999915],[125.45117950400004,-8.970339774999957],[125.45157623300008,-8.973819732999914],[125.45025634800004,-8.976300239999887],[125.44789886500018,-8.976460456999916],[125.44645690900006,-8.977540015999978],[125.44534301800002,-8.977299689999825],[125.44257354700005,-8.97929954499989],[125.43821716300022,-8.980819701999906],[125.4365692140002,-8.982060431999912],[125.43537139900013,-8.981980323999949],[125.43253326400009,-8.98445987699995],[125.43164825400004,-8.984259604999977],[125.43112945600024,-8.985059737999904],[125.42964172400002,-8.985260009999877],[125.42407226600005,-8.983409881999933],[125.42366027800006,-8.982540130999894],[125.42180633500004,-8.981989860999931],[125.42151641800012,-8.981120109999893],[125.41754150400004,-8.979060172999823],[125.41564178500016,-8.97883987399996],[125.41477203400007,-8.978059768999913],[125.41213226300022,-8.97824001299989],[125.4089202880001,-8.979769706999889],[125.40547180200008,-8.979740142999958],[125.40424346900011,-8.980910300999938],[125.4026718140002,-8.98104000099994],[125.39996337900004,-8.982540130999894],[125.39691162100007,-8.981570243999954],[125.39650726300022,-8.982460021999941],[125.39395141600005,-8.983489989999953],[125.38726806600005,-8.983699798999908],[125.38446807900027,-8.985380172999953],[125.38110351600017,-8.985320090999949],[125.37921905500014,-8.98591995199996],[125.37734222400002,-8.985079764999966],[125.37473297100018,-8.986359595999886],[125.37339782700008,-8.985950469999977],[125.37277221700015,-8.987830161999966],[125.36891174300013,-8.989159583999935],[125.3663330080002,-8.991100310999911],[125.36583709700005,-8.992919921999942],[125.36376953100012,-8.992839812999875],[125.36151123000002,-8.994279860999939],[125.35890197800018,-8.993820189999894],[125.35814666700003,-8.995499610999957],[125.35623931900022,-8.996069907999981],[125.35536956800024,-8.995880126999907],[125.35508728000002,-8.99512004899998],[125.35336303700001,-8.99495983099996],[125.34935760500014,-8.995639800999925],[125.34821319600019,-8.993709563999914],[125.34590148900031,-8.99295043899997],[125.34432983400006,-8.993570327999919],[125.34391784700017,-8.991370200999881],[125.34252929700006,-8.990400313999942],[125.34426879900002,-8.98787021599992],[125.3435897830002,-8.982600211999966],[125.34197998000013,-8.981650351999974],[125.34214782700008,-8.980239867999899],[125.34108734100005,-8.979370116999974],[125.3418426510002,-8.977210044999936],[125.34010314900002,-8.976819991999832],[125.33953857400013,-8.972979545999863],[125.33833313000002,-8.970250129999897],[125.33374023400017,-8.96796035799997],[125.33197021500018,-8.966099738999958],[125.32984924300001,-8.964980124999954],[125.3293304440001,-8.96358966799994],[125.32720947300004,-8.96255016299989],[125.32803344700005,-8.960570334999943],[125.32718658400006,-8.955380439999942],[125.32507324200014,-8.954429625999978],[125.32324981700003,-8.9560699459999],[125.32073974600007,-8.95541953999998],[125.32026672400002,-8.953949927999929],[125.32234191900022,-8.95355987499994],[125.32334137000021,-8.950579642999912],[125.32269287100007,-8.95005989099991],[125.32129669200015,-8.950360297999907],[125.32221221900011,-8.948240279999823],[125.3211288450002,-8.946519851999938],[125.31979370100021,-8.945520400999953],[125.3170166020002,-8.947250365999878],[125.31558990500002,-8.946519851999938],[125.3156814580002,-8.945219993999956],[125.31780242900015,-8.942410468999924],[125.31775665300006,-8.939379691999875],[125.31931304900002,-8.937390326999946],[125.32042694100005,-8.934490203999871],[125.32350921600005,-8.930000304999908],[125.32604980500003,-8.930000304999908],[125.32697296100002,-8.929430007999883],[125.32823944100005,-8.927599906999887],[125.3284530640002,-8.926119803999939],[125.32788085900017,-8.92450046499988],[125.32456970200008,-8.920829772999923],[125.3208236690001,-8.914979934999963],[125.31786346400008,-8.912650107999923],[125.31426239000007,-8.910960196999895],[125.31384277300003,-8.909480094999935],[125.31461334200014,-8.90608978299997],[125.31404876700003,-8.903479575999938],[125.31426239000007,-8.899539947999926],[125.31178283700012,-8.897709845999941],[125.3137283330002,-8.89818000799994],[125.31654357900004,-8.901880263999942],[125.3169174190001,-8.903779983999925],[125.31941223100011,-8.905610084999978],[125.32463836700015,-8.906729697999879],[125.33109283400006,-8.907139777999873],[125.33389282200017,-8.908040046999872],[125.33625793500016,-8.905039786999964],[125.34055328400007,-8.903240203999928],[125.34255981400031,-8.900170325999852],[125.34458160400004,-8.899209975999952],[125.34597778300008,-8.896400451999966],[125.34800720200019,-8.89430046099983],[125.3507308960003,-8.892700194999918],[125.3520965580002,-8.890979766999976],[125.3570098880001,-8.888699531999862],[125.35887908900008,-8.881569861999878],[125.35846710200008,-8.877849578999815],[125.35899353000002,-8.877030372999968],[125.36332702600032,-8.876830100999939],[125.36499023400006,-8.874950408999894],[125.36269378700024,-8.870140075999814],[125.36509704600007,-8.86785983999988],[125.36673736600005,-8.868049621999944],[125.36868286100002,-8.86940956099994],[125.3726272580003,-8.869770049999943],[125.37394714400011,-8.867560386999969],[125.37550354000007,-8.867489814999885],[125.3774871830002,-8.868760108999936],[125.3794937130001,-8.867320060999873],[125.38247680700022,-8.867309569999918]]]}},{"type":"Feature","properties":{"id":"TL0304","name":"Baguia","muni_id":"TL03","muni_name":"Baucau","_lon":126.71372,"_lat":-8.60474,"_bbox":[126.58669,-8.68913,126.81182,-8.5232]},"geometry":{"type":"Polygon","coordinates":[[[126.6566314700002,-8.540209769999933],[126.6596374510001,-8.545619964999958],[126.66253662100007,-8.549739837999937],[126.66306304900002,-8.551819800999908],[126.66554260300006,-8.55237007099987],[126.66824340800031,-8.554570197999851],[126.66956329300001,-8.554180144999975],[126.67075347900004,-8.55560970299996],[126.67411804200003,-8.557009696999899],[126.67681884800004,-8.55768966699992],[126.677787781,-8.557350158999895],[126.6783981320001,-8.558670043999939],[126.68138885500002,-8.55776023899989],[126.68437194800003,-8.55772018399989],[126.68730163600014,-8.561570167999946],[126.6895523070001,-8.562700271999915],[126.69081115700021,-8.56307983399995],[126.69325256300021,-8.56229972799997],[126.69650268600014,-8.566619872999865],[126.69747924800004,-8.57161045099997],[126.70044708300009,-8.576789855999948],[126.70614624000007,-8.579870223999933],[126.71616363500016,-8.582750319999946],[126.72515106200012,-8.581649779999907],[126.73300933800033,-8.577919959999917],[126.73919677700007,-8.576310157999956],[126.74331665000034,-8.57602024099998],[126.7476272580003,-8.573329925999928],[126.74981689500021,-8.573430060999954],[126.75691986100014,-8.569720267999969],[126.76003265400004,-8.563719748999972],[126.76212310800008,-8.562680243999921],[126.76512146000005,-8.558719634999875],[126.76746368400006,-8.559359549999897],[126.77378845200008,-8.564000129999897],[126.77973175000011,-8.566080092999869],[126.78202819800003,-8.567720412999961],[126.7830429080002,-8.568869590999952],[126.78537750200007,-8.578729629999941],[126.78502655000011,-8.58366012599987],[126.79210662800028,-8.58611965199998],[126.79411315900018,-8.589369773999977],[126.7963562010001,-8.589389800999925],[126.79701995800008,-8.591159820999906],[126.80074310300017,-8.593819617999827],[126.80122375500014,-8.596349715999906],[126.80374145500014,-8.600449561999937],[126.80782318100012,-8.600130080999975],[126.80903625500014,-8.601670264999939],[126.80834960900017,-8.602709769999876],[126.81001281700014,-8.6062297819999],[126.80877685500002,-8.608739852999918],[126.81020355200019,-8.609950065999953],[126.81027221700003,-8.612380027999961],[126.81182098400006,-8.615090369999848],[126.80953979500009,-8.616060256999958],[126.80805969200003,-8.617819785999927],[126.80803680400015,-8.618610381999929],[126.80986785900006,-8.619090079999921],[126.81004333500016,-8.623009681999974],[126.80741119400022,-8.623220443999912],[126.80612945600001,-8.621740340999906],[126.80518341100003,-8.621600150999882],[126.80256652800017,-8.622150420999844],[126.80119323700012,-8.62343978899986],[126.79898071300022,-8.623299598999893],[126.79675293000014,-8.624600409999971],[126.79205322300004,-8.623920440999939],[126.78851318400018,-8.625180243999978],[126.78633117700019,-8.625160216999916],[126.78096008300008,-8.628809928999829],[126.77841949500032,-8.634869575999915],[126.77644348100011,-8.63689994799995],[126.77413177500011,-8.641139983999949],[126.77143859900002,-8.644009589999882],[126.76732635500014,-8.64608001699986],[126.76541137700019,-8.64818954499998],[126.76500701900011,-8.649680137999951],[126.76550293000003,-8.652159690999895],[126.76316070600001,-8.654890059999957],[126.76435089100016,-8.657540320999942],[126.76309204100005,-8.658470153999872],[126.75897979700005,-8.659529685999871],[126.75588989300002,-8.658450126999924],[126.75415802000009,-8.658639907999884],[126.75257110600012,-8.66187000299982],[126.7470932010001,-8.666939734999971],[126.74585723900032,-8.669239997999966],[126.74450683600003,-8.675809859999902],[126.74089050300006,-8.678529738999885],[126.74037170400004,-8.68041038499996],[126.74082946800024,-8.681779860999939],[126.73815155000023,-8.683360099999959],[126.7364273070001,-8.68560028099995],[126.73555755600012,-8.688130378999972],[126.73314666700003,-8.687190055999963],[126.73107147200005,-8.688730239999927],[126.72914123500016,-8.688949584999875],[126.73152923600026,-8.685700416999964],[126.73219299300001,-8.682749747999821],[126.73365783700012,-8.681320189999951],[126.73401641800001,-8.678919791999931],[126.73251342800017,-8.677269935999902],[126.73181915300017,-8.674180030999878],[126.7291030880001,-8.673509597999896],[126.72937774700017,-8.671930312999905],[126.72756958000002,-8.667460441999879],[126.72869110100021,-8.66598987599997],[126.72860717800006,-8.664549827999963],[126.72712707500011,-8.663290023999878],[126.7216262820001,-8.660880088999875],[126.71534729000007,-8.65458965299996],[126.71089172400013,-8.648799895999844],[126.70910644500009,-8.648280143999898],[126.70525360100021,-8.650589942999886],[126.69346618700013,-8.649900435999939],[126.68943786600016,-8.64910983999988],[126.68488311800002,-8.65023040799997],[126.68224334700005,-8.647669791999931],[126.67858123800022,-8.646559714999853],[126.67579650900007,-8.647080420999941],[126.67283630400004,-8.643589972999962],[126.6703033450001,-8.644370078999941],[126.66824340800031,-8.64190959899986],[126.66696929900002,-8.641799926999909],[126.6661682130001,-8.64068984999983],[126.66391754200015,-8.64035987899996],[126.66034698500005,-8.638090133999924],[126.65731048600003,-8.637169837999977],[126.65474700900018,-8.637949943999956],[126.65339660600023,-8.63772010799994],[126.65144348100023,-8.63961029099994],[126.64984130900018,-8.642689704999896],[126.64691162100007,-8.64566039999994],[126.64675140400004,-8.648019790999967],[126.64514923100023,-8.649060248999888],[126.64134979200003,-8.64888954199995],[126.63842010500002,-8.65104961399993],[126.6322708130001,-8.651829719999967],[126.63081359900002,-8.652890204999949],[126.62709045400004,-8.652879714999813],[126.62644958500005,-8.65349006699995],[126.62322235100021,-8.659770011999967],[126.62033081100003,-8.662969588999943],[126.62053680400015,-8.664429664999943],[126.6219635010001,-8.664850234999847],[126.62071991000016,-8.67039966599998],[126.62177276600005,-8.676340102999973],[126.61801147500012,-8.679539679999948],[126.61795806900022,-8.681989669999894],[126.61705780000023,-8.684550284999943],[126.61221313500005,-8.68638038599994],[126.61216735800008,-8.689129828999967],[126.60813903800022,-8.684700011999894],[126.60611724900014,-8.681369780999944],[126.60365295400004,-8.679530143999955],[126.60032653800022,-8.675609588999862],[126.59700775100009,-8.673159598999916],[126.5935363770003,-8.667019843999924],[126.58757782000032,-8.66139984099982],[126.58669281000027,-8.659489631999975],[126.58669281000027,-8.656570434999935],[126.58805847200017,-8.654120444999876],[126.58898162800017,-8.65462017099992],[126.58910369900002,-8.648929595999903],[126.5907669070001,-8.645609855999965],[126.59306335400015,-8.643349647999969],[126.59651184100017,-8.642109870999889],[126.60266876200001,-8.641650199999958],[126.60500335700033,-8.639909743999965],[126.60723114000018,-8.63535022699989],[126.60812377900004,-8.631790160999856],[126.60532379200015,-8.62434959399991],[126.60590362500022,-8.623290061999967],[126.60414886500018,-8.622249602999943],[126.60500335700033,-8.620479583999952],[126.60370636000005,-8.619409560999884],[126.60349273700001,-8.616459845999827],[126.60719299300001,-8.613769530999889],[126.61196899400034,-8.611570357999938],[126.61356353800011,-8.608400344999893],[126.61997222900004,-8.603260039999952],[126.62300872800006,-8.59801006299989],[126.62631988500016,-8.594499587999962],[126.6290283200002,-8.588999747999821],[126.63115692100018,-8.588350295999817],[126.6324768070001,-8.587019919999875],[126.63207244900002,-8.580430030999878],[126.62698364300002,-8.570380210999929],[126.62599182100018,-8.565259932999936],[126.6296691890002,-8.558799743999941],[126.63240814200003,-8.547109603999843],[126.63932800300017,-8.54310989399994],[126.64041137700008,-8.54020023299995],[126.6396713260001,-8.538310050999883],[126.6399002080002,-8.533740043999956],[126.63664245600012,-8.524929999999927],[126.63758087200006,-8.523200034999945],[126.64183044400022,-8.528690337999933],[126.64457702600009,-8.531069755999965],[126.65106964100016,-8.534700393999913],[126.65392303500005,-8.538680076999867],[126.6566314700002,-8.540209769999933]]]}},{"type":"Feature","properties":{"id":"TL0403","name":"Balibo","muni_id":"TL04","muni_name":"Bobonaro","_lon":125.03162,"_lat":-8.96053,"_bbox":[124.93186,-9.06596,125.14053,-8.85579]},"geometry":{"type":"Polygon","coordinates":[[[125.06540679900002,-8.857150077999961],[125.06654357900027,-8.86038970899989],[125.0700225830002,-8.86213016499994],[125.07166290300017,-8.861310004999893],[125.07388305700022,-8.861619948999873],[125.07510376000005,-8.861100196999871],[125.0796585080003,-8.86762046799987],[125.08381652800006,-8.869990348999863],[125.08291626000005,-8.872599601999923],[125.08130645800009,-8.873109817999932],[125.07923889200003,-8.877030372999968],[125.07919311500007,-8.880109786999924],[125.08058166500007,-8.884400367999945],[125.08296966600005,-8.88759994499992],[125.08438873300008,-8.890890120999927],[125.09060668900031,-8.897850036999955],[125.09066009500009,-8.900019645999976],[125.09121704100005,-8.900289535999946],[125.09294128400018,-8.89927959399995],[125.09435272200005,-8.899550437999892],[125.09751129200004,-8.902839660999973],[125.09784698500005,-8.904549598999893],[125.09963989300002,-8.90686988799996],[125.10056304900002,-8.9101200099999],[125.10266876200012,-8.91067981699996],[125.1058502200001,-8.915550231999873],[125.1083908080002,-8.917280196999968],[125.11203765900018,-8.917519568999921],[125.1134567260001,-8.91913032499997],[125.11501312300004,-8.919619559999887],[125.11470794700017,-8.920809745999861],[125.11872100800008,-8.920619964999958],[125.12033081100003,-8.921770095999932],[125.12220764200015,-8.92168044999994],[125.12357330300006,-8.922800063999944],[125.1242523190001,-8.921339988999932],[125.12523651100003,-8.92300987199991],[125.12787628200022,-8.923049926999852],[125.12853241000028,-8.922249793999981],[125.12935638400006,-8.922599791999914],[125.13076782200017,-8.92187976799994],[125.13139343300008,-8.923939704999952],[125.13213348400018,-8.924189567999974],[125.13609314000007,-8.92195033999991],[125.14047241200001,-8.92183017699989],[125.14053344700005,-8.927610396999967],[125.13577270500014,-8.933850287999974],[125.13175201400009,-8.935950278999883],[125.13141632100007,-8.937879561999921],[125.12606811500007,-8.939299582999922],[125.12149047900004,-8.939709662999917],[125.11551666300011,-8.9470701219999],[125.11431121800013,-8.95627021799993],[125.11109924300001,-8.962690352999914],[125.11165618900009,-8.966770171999883],[125.11018371600005,-8.967679976999932],[125.10856628400029,-8.96998977699991],[125.10478210400004,-8.972169875999839],[125.10349273700001,-8.974149703999956],[125.10146331800001,-8.981940268999892],[125.10204315200008,-8.987449645999959],[125.10006713900009,-8.991250037999976],[125.09841918900031,-8.998840331999872],[125.09458160400015,-9.003780364999955],[125.0926132200002,-9.005370139999968],[125.08831024200015,-9.01169967699991],[125.08202362100019,-9.014369964999958],[125.08058166500007,-9.01725006099997],[125.07660675000022,-9.021769523999978],[125.07247161900011,-9.023079871999869],[125.07141113300031,-9.025110244999894],[125.06902313200021,-9.027480124999954],[125.06353759800015,-9.028599738999958],[125.05782318100012,-9.027150153999855],[125.05476379400022,-9.028770446999886],[125.05251312300004,-9.03182029699991],[125.04273986800013,-9.031999587999906],[125.04002380400004,-9.03441047699988],[125.03771972700031,-9.033140181999954],[125.03616333000002,-9.036410331999889],[125.0314788820001,-9.038189887999977],[125.03109741200012,-9.039279937999936],[125.03156280500002,-9.041799544999947],[125.03044891400009,-9.043540000999883],[125.0261535640002,-9.044039725999937],[125.02335357700008,-9.042320250999865],[125.02176666300022,-9.042920112999923],[125.02088928200033,-9.04393958999998],[125.02159881600005,-9.046110152999915],[125.02113342300004,-9.04938030199986],[125.0196533200002,-9.050279616999944],[125.01640319800003,-9.050370215999976],[125.01161956800001,-9.049429892999967],[125.01053619400011,-9.049940108999976],[125.00789642300003,-9.055500030999951],[125.00697326700003,-9.059630393999896],[125.00507354700028,-9.062270163999926],[124.99836731000005,-9.064510344999917],[124.99636840800008,-9.064909934999946],[124.99443817100018,-9.064020156999959],[124.99104309100005,-9.063960074999954],[124.988693237,-9.060110091999888],[124.98792266800012,-9.060509681999918],[124.98677825900018,-9.064140319999865],[124.98515319800003,-9.064769744999978],[124.98417663600014,-9.065959929999963],[124.98211669900013,-9.064959525999939],[124.97572326700015,-9.063679694999962],[124.97374725300006,-9.061860084999921],[124.9722671510001,-9.058600425999941],[124.9695129390002,-9.056340217999832],[124.9673080440001,-9.055740355999944],[124.9663772580002,-9.056139945999973],[124.96479797400002,-9.058429717999957],[124.96150207500011,-9.05753993999997],[124.95633697500011,-9.058369636999942],[124.95400238000013,-9.056650161999869],[124.95355987500022,-9.055540084999961],[124.95359039300024,-9.050999640999976],[124.95276641800001,-9.048620223999933],[124.95049285900006,-9.048780440999963],[124.94982147200005,-9.049860000999956],[124.95068359400034,-9.051139831999933],[124.9502868650003,-9.05206012699989],[124.94802856400008,-9.052650451999966],[124.94738006600005,-9.052249907999965],[124.94669342000009,-9.049119948999873],[124.9427871700002,-9.049059867999972],[124.94228363000002,-9.04889011399996],[124.94264984100005,-9.047400474999904],[124.94022369400011,-9.04699039499991],[124.93984985400016,-9.046279906999928],[124.94068908700001,-9.045410155999889],[124.9402999880001,-9.044019698999875],[124.94078826900011,-9.043390273999933],[124.94011688200021,-9.04236984299996],[124.94085693400018,-9.041769980999959],[124.94068908700001,-9.040220260999945],[124.94197845500014,-9.037030219999963],[124.93908691400009,-9.036279677999914],[124.93615722700008,-9.032400130999918],[124.93488311800002,-9.031720160999953],[124.93193054200003,-9.028280257999938],[124.93186187700007,-9.018159865999849],[124.93768310500002,-9.018659591999892],[124.93701934800004,-9.016510009999934],[124.93743133500016,-9.009449958999937],[124.93657684300013,-9.007080077999944],[124.93807983400006,-9.003780364999955],[124.93673706100003,-9.000849723999977],[124.93283081100014,-8.999979972999938],[124.93329620400004,-8.997280120999847],[124.93541717500011,-8.99293994899989],[124.93639373800033,-8.99263954199995],[124.93728637700008,-8.98941993699998],[124.93914794900002,-8.986049651999906],[124.94104003900009,-8.984210013999927],[124.94116210900006,-8.978719710999883],[124.9454116820001,-8.976409911999895],[124.94592285200008,-8.973369597999977],[124.94776153600003,-8.971420287999877],[124.94821929900013,-8.969909667999957],[124.9502868650003,-8.968910216999973],[124.95169067400002,-8.960969924999972],[124.95041656500018,-8.960080146999871],[124.95004272500034,-8.95804023699992],[124.95416259800004,-8.954409598999916],[124.95580291700003,-8.951419829999907],[124.95749664300001,-8.949850081999955],[124.96150207500011,-8.94867038699988],[124.9645767210003,-8.94661045099997],[124.97029113800033,-8.946240424999928],[124.97602081300022,-8.9418401719999],[124.97805786100002,-8.938400268999942],[124.9804382320001,-8.929929732999938],[124.98502349900014,-8.926630019999948],[124.98934173600003,-8.91888999899993],[124.99037170400004,-8.91217040999993],[124.99243164100005,-8.906180381999832],[124.99788665800008,-8.898389815999963],[125.00034332300004,-8.893540381999912],[125.00100708000002,-8.88681983899994],[125.00406646700026,-8.878970145999972],[125.00691223100023,-8.878470420999918],[125.00980377200005,-8.87569045999993],[125.01123809800004,-8.875709533999952],[125.01188659700017,-8.87639999399994],[125.01363372800006,-8.875550269999906],[125.01679992700008,-8.87561988799996],[125.01986694300001,-8.872550010999817],[125.02156829800003,-8.872139930999879],[125.02369689900002,-8.869050025999968],[125.02578735400004,-8.868029593999893],[125.02825927700007,-8.867509841999947],[125.0319137570001,-8.868040084999961],[125.03333282500012,-8.867690085999868],[125.03704834000007,-8.86991977699995],[125.03945159900024,-8.869250297999827],[125.04115295400004,-8.870180129999937],[125.04203796400009,-8.869930266999972],[125.04222869900002,-8.870630263999942],[125.04435730000034,-8.870320319999962],[125.04627990700021,-8.868320464999897],[125.04646301300022,-8.866939544999923],[125.0470733640002,-8.867150306999974],[125.04783630400004,-8.866109847999951],[125.05033874500009,-8.866060256999845],[125.05092620800008,-8.86386966699996],[125.05490875200007,-8.863169669999934],[125.05467224100005,-8.861149787999977],[125.05641937300015,-8.85898971599994],[125.06124877900004,-8.858489989999896],[125.06292724600007,-8.855790137999975],[125.06390380900018,-8.856060027999945],[125.06427764900002,-8.857049941999946],[125.06540679900002,-8.857150077999961]]]}},{"type":"Feature","properties":{"id":"TL1105","name":"Barique/Natarbora","muni_id":"TL11","muni_name":"Manatuto","_lon":126.02662,"_lat":-8.87788,"_bbox":[125.92812,-9.05729,126.15241,-8.69523]},"geometry":{"type":"Polygon","coordinates":[[[126.09748077400002,-8.698269843999924],[126.09652710000012,-8.698760032999871],[126.09667968700012,-8.699839591999933],[126.0978317260001,-8.699279784999817],[126.0978317260001,-8.701919555999893],[126.09908294700017,-8.70250987999998],[126.09626007100019,-8.703949927999872],[126.09800720200008,-8.705619811999838],[126.09674835200019,-8.706979751999825],[126.09532165500002,-8.706729888999917],[126.09597778300008,-8.708060264999972],[126.09458160400015,-8.707739829999923],[126.09681701700003,-8.713809966999975],[126.09615325900006,-8.716179847999967],[126.09625244100005,-8.717260360999944],[126.09671020500014,-8.717089652999903],[126.09625244100005,-8.71924972499994],[126.09799957300004,-8.719389914999908],[126.0964965820001,-8.723050116999957],[126.09192657500012,-8.725870131999898],[126.09063720700033,-8.726050376999979],[126.09043121300022,-8.726920127999904],[126.09147644000006,-8.727510451999876],[126.09004211400008,-8.72883987399996],[126.09081268300008,-8.730549811999936],[126.09014129600007,-8.732390403999887],[126.08815002400002,-8.732979773999887],[126.0876235960003,-8.734660148999922],[126.08347320600012,-8.73828029599997],[126.08277130100021,-8.740409850999981],[126.08165741000016,-8.741390227999887],[126.08085632300003,-8.741140365999911],[126.08029937700007,-8.743129729999964],[126.07788848900009,-8.746060370999942],[126.07489013700001,-8.745670318999942],[126.07306671100014,-8.746720313999958],[126.0710525510001,-8.746159553999973],[126.06973266600005,-8.749890326999946],[126.06774139400011,-8.751040458999967],[126.06732177700019,-8.75368976599998],[126.0650634770002,-8.754139899999927],[126.06379699700005,-8.75644016299998],[126.06226348900032,-8.75751972199987],[126.05726623500004,-8.757280349999974],[126.05346679700006,-8.759619712999893],[126.04852294900013,-8.7606296539999],[126.04959869400022,-8.762229918999878],[126.05137634300013,-8.762579917999972],[126.05094909700017,-8.766510009999877],[126.05171966600005,-8.767490386999839],[126.04969024700006,-8.768360137999935],[126.0474624630001,-8.770770072999937],[126.04731750500002,-8.772930144999975],[126.0462036130001,-8.774319648999835],[126.04627227800017,-8.776559829999826],[126.04942321800013,-8.782130240999948],[126.05171966600005,-8.788160323999875],[126.04786682100018,-8.794340133999981],[126.04783630400004,-8.796150207999972],[126.04947662400002,-8.797439574999828],[126.05161285400004,-8.797750472999951],[126.05557251000016,-8.800849914999901],[126.05557251000016,-8.802530288999947],[126.05476379400022,-8.803400039999872],[126.05510711700003,-8.804550170999903],[126.05594635000011,-8.8046197889999],[126.05724334700005,-8.803569793999884],[126.05808258100024,-8.80385017399982],[126.05944061300033,-8.807129859999918],[126.06537628200022,-8.810819625999954],[126.06690979000007,-8.813369750999925],[126.07359314000007,-8.818249701999946],[126.07486724900025,-8.820830344999933],[126.07528686500018,-8.823690413999941],[126.074630737,-8.83185005199988],[126.07718658400006,-8.837070464999897],[126.07952117900004,-8.83874988599996],[126.08563232400002,-8.83940982799993],[126.08894348100034,-8.841050147999965],[126.0907592770003,-8.842340468999964],[126.09555053700012,-8.84829044299994],[126.0956192020002,-8.849860190999948],[126.09398651100003,-8.853489875999912],[126.09349060100021,-8.856450080999878],[126.09195709200003,-8.858229636999965],[126.08969116200012,-8.85941982299994],[126.08815765400004,-8.86332035099997],[126.09104919400022,-8.866939544999923],[126.09146881100003,-8.872139930999879],[126.0905609130001,-8.873740195999972],[126.08798217800017,-8.875840186999824],[126.08619689900013,-8.879920005999963],[126.08371734600007,-8.882740020999961],[126.08444976800024,-8.884900092999885],[126.08769989000007,-8.884759902999917],[126.08751678500005,-8.889289855999948],[126.09010314900002,-8.88949966399997],[126.09126281700003,-8.89074993099996],[126.09213256800001,-8.892600059999893],[126.09258270300006,-8.898010253999928],[126.09594726600017,-8.901300429999935],[126.09871673600014,-8.906999587999849],[126.10031890900007,-8.914819716999943],[126.0999908450001,-8.918990134999945],[126.10237121600017,-8.927209853999955],[126.10250854500009,-8.931710242999827],[126.10398864700016,-8.939720153999815],[126.10545349100005,-8.943030356999941],[126.11327362100008,-8.947799682999971],[126.11837768600014,-8.94826984399998],[126.11930847200006,-8.94892978699994],[126.12042999300002,-8.951709746999938],[126.1220932010001,-8.95277023299991],[126.1264572140002,-8.951709746999938],[126.13083648700001,-8.961319922999962],[126.13223266600005,-8.961979865999865],[126.13754272500012,-8.961919784999964],[126.13842773400006,-8.965149878999966],[126.14128112800029,-8.965880393999896],[126.14121246300022,-8.968529700999909],[126.14453125000011,-8.96885967299994],[126.14394378700024,-8.971710204999908],[126.1428833010001,-8.97204017599995],[126.14227294900002,-8.973429679999981],[126.14386749300002,-8.976409911999895],[126.1424713130001,-8.976940154999909],[126.14221191400009,-8.978010177999977],[126.14333343500005,-8.980649947999893],[126.14353179900013,-8.983699798999908],[126.14438629200004,-8.984230041999922],[126.14750671400009,-8.983699798999908],[126.14890289300001,-8.984430312999962],[126.14929962200006,-8.985420226999963],[126.14869689900002,-8.987680434999959],[126.15241241500019,-8.991040229999953],[126.14314270000011,-8.994070052999973],[126.13382720900006,-8.998649596999826],[126.12258911100014,-9.005319594999946],[126.10710907000009,-9.016019820999873],[126.09786987300015,-9.023159980999935],[126.09258270300006,-9.028340339999943],[126.09158325200019,-9.028249740999968],[126.08946228000002,-9.030170440999825],[126.06429290800008,-9.057290076999891],[126.05848693800021,-9.050459861999911],[126.05697631800012,-9.044139861999952],[126.05780792200017,-9.043069838999884],[126.05741119400022,-9.042070388999946],[126.05399322500011,-9.041769980999959],[126.0537033080002,-9.039170264999825],[126.05471801800013,-9.035699843999907],[126.05287170400015,-9.034390449999933],[126.05059814500021,-9.034729957999957],[126.04933166500007,-9.033329963999961],[126.04631042500023,-9.022520064999924],[126.04284668000003,-9.01597976699992],[126.04123687700019,-9.01515960699993],[126.0348434450002,-9.014860152999915],[126.03341674800015,-9.0095300669999],[126.02745819100016,-9.002329825999936],[126.0258483890002,-8.997730254999965],[126.02065277100019,-8.995249747999878],[126.01614379900002,-8.9906997679999],[126.01093292200005,-8.991709708999906],[126.0077819820001,-8.990480422999894],[126.00399780300006,-8.987899779999964],[125.9984283450002,-8.986160277999943],[125.99571228000013,-8.982270240999924],[125.97953033400006,-8.970720290999964],[125.97554016100003,-8.968440055999963],[125.97125244100005,-8.968239783999934],[125.96058654800026,-8.963470458999893],[125.95645904500009,-8.96076965299983],[125.94680786100002,-8.950610160999872],[125.943771362,-8.938260077999871],[125.94210052500011,-8.937660216999973],[125.93987274200003,-8.939249991999816],[125.93670654300001,-8.938130378999972],[125.93746185300017,-8.934869765999963],[125.93702697800018,-8.933130263999885],[125.93427276600016,-8.92955017099996],[125.9285812380001,-8.925270080999951],[125.92812347400013,-8.923110007999924],[125.93151092500034,-8.919010161999893],[125.93296814000007,-8.914509772999963],[125.93855285600011,-8.903530120999903],[125.94156646700014,-8.899700164999956],[125.94454956100003,-8.900010108999936],[125.94474792500012,-8.898329734999948],[125.9459762570001,-8.897850036999955],[125.9470825200001,-8.89624977099993],[125.94851684600008,-8.891360282999926],[125.95127868700013,-8.890049933999933],[125.95751190200008,-8.890769957999908],[125.96000671400009,-8.88992977099997],[125.96366119400011,-8.887299537999922],[125.96441650400004,-8.886219977999872],[125.96437835700021,-8.884630202999972],[125.96566772500012,-8.883620261999965],[125.96634674100005,-8.87541961699992],[125.96808624300002,-8.87242984799991],[125.97377777100007,-8.867099761999953],[125.97490692100007,-8.86417961099994],[125.97631073000014,-8.862620353999887],[125.9830093380001,-8.860750197999948],[125.98458862300015,-8.861109733999967],[125.98589325000023,-8.85867977099997],[125.98742675800008,-8.857370376999825],[125.98813629200015,-8.85529041299992],[125.98784637500023,-8.854029654999977],[125.98869323700012,-8.853030204999868],[125.98905181900011,-8.850870131999955],[125.99368286100014,-8.843290328999956],[126.00109100300006,-8.83747959099992],[126.00556182900016,-8.835510253999871],[126.00538635300006,-8.831080436999912],[126.0046234130001,-8.828530311999941],[126.00803375200019,-8.825119971999925],[126.00885009800004,-8.821889876999933],[126.00988769500032,-8.82126045199982],[126.01342773400006,-8.82164955099995],[126.01772308300008,-8.819849967999971],[126.0247192380001,-8.819419860999915],[126.02594757100007,-8.817480086999922],[126.02641296400009,-8.814000129999954],[126.0280838010001,-8.810040473999948],[126.03027343700023,-8.807189940999933],[126.03082275400016,-8.804369925999936],[126.02452850300006,-8.799489974999915],[126.02298736600017,-8.795559882999896],[126.01957702600009,-8.792169570999874],[126.0198593140002,-8.79043006899991],[126.01815033000003,-8.78787994399994],[126.01905059800004,-8.785409926999932],[126.01822662400014,-8.781599997999933],[126.01969909700017,-8.777979850999884],[126.01944732700008,-8.77435970299996],[126.02071380600034,-8.769000052999957],[126.01496124300002,-8.76210021999998],[126.01508331300033,-8.759169578999888],[126.01656341600017,-8.757929801999978],[126.01484680200008,-8.75631046299992],[126.01566314700017,-8.754699706999872],[126.0158233640002,-8.749999999999943],[126.01689147900004,-8.747529983999868],[126.01693725600012,-8.74553012799987],[126.01908111600005,-8.744689940999876],[126.01899719200003,-8.74188995399993],[126.01151275600023,-8.744449614999894],[126.00892639200015,-8.74596977199991],[126.00686645500014,-8.745269774999826],[126.00343322800018,-8.746740340999906],[126.00060272200005,-8.744899749999945],[126.00023651100025,-8.743769645999976],[125.99936676000016,-8.743670463999933],[125.99926757800029,-8.742210387999819],[125.99748992900004,-8.740830420999941],[125.99803161600016,-8.738080024999931],[125.99669647200005,-8.733869552999977],[125.99378204300001,-8.73204994199989],[125.99066925000011,-8.72789955099995],[125.9930572510001,-8.722530364999955],[125.99482727100019,-8.720820426999978],[125.9988937380001,-8.719579696999972],[126.00244903600026,-8.716119765999963],[126.00420379600018,-8.715499877999946],[126.00618743900009,-8.715740203999928],[126.00684356700003,-8.714579581999885],[126.00904083300009,-8.713990210999896],[126.01064300500013,-8.712180137999951],[126.01464843700023,-8.715089797999838],[126.01612854000007,-8.717350005999947],[126.01822662400014,-8.71909999799982],[126.02071380600034,-8.719269752999935],[126.02313232400013,-8.721540450999953],[126.02799987800017,-8.724149703999899],[126.03035736100003,-8.72700023699997],[126.03547668500016,-8.730330466999817],[126.0380325320001,-8.73126983599991],[126.04045105000023,-8.730620383999906],[126.04286956800001,-8.73139953599997],[126.04493713400018,-8.729229926999949],[126.05027771000005,-8.72700023699997],[126.05269622800017,-8.723460196999895],[126.05284118700001,-8.720669745999942],[126.05444335900006,-8.716899871999942],[126.05729675300006,-8.713649749999945],[126.06079101600005,-8.71265029899996],[126.06469726600017,-8.710539817999972],[126.06833648700012,-8.71164989499988],[126.0708465580002,-8.711589812999875],[126.08144378700013,-8.709830283999963],[126.08483123800022,-8.707340239999894],[126.08733367900004,-8.706649779999964],[126.08931732200028,-8.703350066999974],[126.0952072140002,-8.699419974999955],[126.09716796900011,-8.695229529999892],[126.09748077400002,-8.698269843999924]]]}},{"type":"Feature","properties":{"id":"TL0301","name":"Baucau","muni_id":"TL03","muni_name":"Baucau","_lon":126.43864,"_lat":-8.50816,"_bbox":[126.29303,-8.60184,126.56068,-8.41498]},"geometry":{"type":"Polygon","coordinates":[[[126.41655731200012,-8.414979934999963],[126.42640686000004,-8.420459746999938],[126.4325637820001,-8.421159743999965],[126.43933868400018,-8.423299788999941],[126.44508361800001,-8.427789687999905],[126.44803619400022,-8.431380271999956],[126.4554595950001,-8.436820029999922],[126.46032714800003,-8.43745040899995],[126.46513366700003,-8.440609931999973],[126.46710968000002,-8.440580367999928],[126.47061157200005,-8.443120002999933],[126.47209930400004,-8.442740439999966],[126.47769928000014,-8.44443035099988],[126.48412323000002,-8.444740294999974],[126.49143219000007,-8.447520255999962],[126.49329376200012,-8.447079658999883],[126.49388885500002,-8.447799682999971],[126.49678802500011,-8.448260306999885],[126.50409698500005,-8.451239585999929],[126.50509643600003,-8.450920104999966],[126.5076293950001,-8.452340125999967],[126.50862121600017,-8.453599929999825],[126.51039886500007,-8.454230308999911],[126.51039123500016,-8.454739570999948],[126.51840210000012,-8.459170340999947],[126.52481079100005,-8.464929580999865],[126.5288772580002,-8.465729712999973],[126.52839660600034,-8.466679572999965],[126.52925109900013,-8.467550277999976],[126.53220367400002,-8.46603012099996],[126.53881835900017,-8.470000266999932],[126.54548645000023,-8.475099563999947],[126.54673767100007,-8.476710319999938],[126.55323028600003,-8.481140136999954],[126.554740906,-8.481679915999962],[126.5602111820001,-8.481149672999948],[126.56067657500023,-8.487629889999937],[126.55951690700033,-8.49271011399992],[126.56018829300012,-8.493809699999929],[126.56022644000018,-8.496769904999894],[126.55851745600012,-8.498510360999944],[126.55610656700003,-8.498959540999977],[126.55378723100023,-8.501959800999884],[126.55097198500016,-8.50255012499997],[126.54723358200022,-8.50728988599991],[126.54653930700022,-8.510600089999969],[126.54197692900004,-8.521800040999949],[126.53980255100021,-8.52449989299987],[126.54055786100002,-8.530550002999973],[126.54219818100023,-8.532190322999895],[126.54096984900002,-8.534999846999938],[126.53917694100016,-8.536809920999929],[126.53978729200014,-8.539669990999869],[126.53814697300004,-8.542949676999967],[126.53874206500006,-8.54444026899995],[126.53559875500002,-8.549289702999943],[126.5302200320001,-8.55245971699992],[126.52880859400011,-8.552499770999873],[126.52337646500007,-8.555109977999905],[126.52252197300004,-8.557519912999908],[126.51820373500016,-8.560270308999918],[126.51645660400004,-8.56233024599993],[126.51557159400022,-8.567689895999933],[126.51393890400016,-8.567099570999915],[126.50995636000016,-8.569390296999927],[126.50877380400016,-8.570839881999973],[126.50289154100005,-8.573100089999912],[126.50032043500016,-8.576160430999948],[126.49759674100005,-8.57691955599995],[126.49418640100032,-8.580060004999893],[126.4876098630001,-8.58316993699998],[126.48625183100035,-8.584739684999931],[126.48615264900013,-8.587189673999887],[126.48284912100019,-8.58843040499994],[126.47952270500014,-8.59090995799994],[126.47708129900013,-8.591279983999925],[126.47569274900013,-8.593469619999894],[126.4735031130001,-8.594619750999925],[126.46366119400022,-8.59309959399991],[126.45420074500021,-8.601840018999951],[126.4521408080002,-8.599220275999926],[126.45110321000016,-8.59552001999998],[126.4521636960003,-8.594659804999878],[126.45432281500018,-8.594719886999883],[126.45575714100016,-8.592410087999895],[126.45591735800019,-8.590889930999879],[126.45417785600011,-8.588000297999884],[126.45580291700003,-8.584349631999828],[126.45475769000018,-8.582090377999918],[126.45053863500004,-8.580269813999962],[126.4494934080002,-8.581179618999897],[126.44806671100002,-8.580459594999923],[126.44555664100017,-8.580809592999913],[126.44438934300001,-8.579509734999931],[126.43940734900025,-8.580030440999963],[126.43678283700001,-8.577610015999937],[126.43524169900002,-8.57711982699982],[126.43338775600023,-8.577610015999937],[126.43129730200008,-8.575799941999946],[126.43041992200017,-8.576530456999876],[126.42819213900009,-8.575790404999964],[126.42270660400004,-8.578780173999974],[126.41364288300008,-8.577050208999935],[126.4090728760001,-8.57820987699995],[126.40756225600012,-8.577659606999873],[126.40519714400023,-8.57793044999994],[126.40386962900004,-8.576939582999898],[126.39971160900029,-8.577170371999898],[126.39568328900009,-8.574560164999923],[126.39356231700003,-8.574669837999977],[126.39214325000034,-8.575819968999895],[126.3890762330002,-8.573820113999886],[126.3872528080002,-8.575460433999922],[126.38524627700019,-8.575790404999964],[126.38532257100007,-8.57843017599987],[126.38481140100009,-8.579039573999921],[126.37889862100008,-8.579250335999973],[126.37399292000009,-8.580240249999974],[126.37039184600008,-8.578809737999904],[126.36731720000023,-8.578849791999971],[126.36277771000016,-8.577770232999967],[126.36076355000012,-8.57888984699997],[126.35711669900013,-8.583869933999836],[126.35350036600028,-8.582059859999902],[126.35196685800008,-8.58041953999998],[126.34687042200005,-8.577239989999896],[126.34671783400006,-8.575400351999917],[126.34420776400009,-8.572710036999979],[126.34281921400009,-8.572440146999952],[126.34232330300017,-8.571370124999873],[126.34239196800013,-8.567170142999828],[126.34111785900006,-8.566169738999918],[126.34445190400004,-8.56229972799997],[126.3451080320001,-8.560230254999908],[126.34509277300003,-8.559029578999969],[126.3427429200002,-8.554730414999938],[126.34310150100009,-8.550299643999892],[126.34432220500003,-8.54788970899989],[126.34308624300002,-8.54539012899994],[126.34458923300008,-8.544030189999944],[126.34400177000009,-8.54267978699994],[126.34394836400008,-8.538689612999917],[126.34201812700019,-8.535630225999853],[126.34210968000002,-8.533679961999951],[126.34033203100012,-8.525400161999926],[126.33677673300008,-8.516980170999943],[126.33505249000018,-8.516090392999956],[126.33415222200006,-8.511389731999941],[126.33232116700003,-8.508950232999894],[126.32813262900004,-8.50736045799988],[126.31582641600028,-8.496020316999875],[126.31539917000009,-8.49223995199992],[126.31577301000016,-8.488189696999882],[126.31400299100017,-8.483659743999908],[126.31388092000009,-8.480939864999925],[126.31163024900013,-8.477930068999854],[126.31076049800004,-8.474780082999814],[126.30532836900022,-8.473440169999947],[126.30174255400004,-8.473449706999872],[126.30077362100008,-8.472089766999886],[126.29910278300008,-8.472519874999932],[126.29704284700017,-8.470680236999954],[126.29411315900006,-8.470120429999895],[126.29302978500016,-8.469160079999938],[126.2975921630001,-8.464759826999853],[126.30016326900011,-8.461250304999908],[126.31136322000009,-8.454689979999955],[126.32362365700021,-8.451620101999879],[126.32511901900011,-8.452210425999965],[126.33007812500023,-8.451250075999894],[126.33693695100021,-8.45129013099995],[126.34005737300026,-8.44987010999995],[126.34332275400004,-8.446009635999928],[126.34680175800008,-8.43854045899991],[126.36074066200001,-8.42628955799995],[126.36810302700019,-8.42555999799987],[126.36984252900004,-8.424799918999952],[126.37056732200006,-8.423199653999973],[126.37265014600007,-8.42267990099998],[126.37567138700001,-8.425200461999964],[126.37722015400004,-8.42749023399989],[126.3807525630001,-8.428350448999936],[126.38295745800008,-8.426989554999977],[126.38446044900002,-8.424850463999974],[126.38880157500034,-8.424079894999977],[126.39153289800015,-8.422510146999969],[126.3955307010001,-8.421669959999974],[126.40701293900008,-8.416970252999874],[126.4081726070001,-8.417570113999943],[126.41188812300004,-8.41728973399995],[126.41445922900016,-8.415369986999906],[126.41655731200012,-8.414979934999963]]]}},{"type":"Feature","properties":{"id":"TL0801","name":"Bazartete","muni_id":"TL08","muni_name":"Liqui\u00e7\u00e1","_lon":125.43624,"_lat":-8.63097,"_bbox":[125.33851,-8.70451,125.52758,-8.55578]},"geometry":{"type":"Polygon","coordinates":[[[125.4856033330002,-8.555780410999887],[125.49215698200021,-8.556929587999946],[125.49640655500002,-8.556779860999882],[125.49884033200021,-8.55591964699994],[125.49838256800001,-8.556770324999889],[125.49726867700008,-8.557089805999965],[125.4941864010002,-8.562859534999859],[125.49588012700019,-8.563969611999937],[125.49723053000002,-8.566109656999913],[125.50010681200001,-8.567150115999937],[125.50290679900013,-8.572380065999937],[125.50727844200014,-8.575320243999954],[125.50782012900004,-8.576259612999877],[125.50729370100021,-8.57888984699997],[125.50808715800008,-8.580960273999949],[125.51316070600012,-8.583219527999915],[125.51670837400002,-8.583680152999932],[125.51834869400034,-8.58471965799987],[125.52027130100021,-8.59138011899995],[125.52021026600005,-8.59296035799997],[125.5192718510001,-8.596209525999939],[125.51722717300004,-8.598279952999917],[125.51843261700026,-8.603099822999923],[125.51825714100016,-8.607239722999964],[125.51541137700008,-8.612030028999925],[125.51680755600023,-8.613269805999948],[125.52419281000005,-8.613010405999944],[125.52758026100003,-8.614049910999825],[125.52094268800022,-8.620490073999974],[125.51734924300001,-8.621669768999936],[125.51400756800001,-8.62483978299997],[125.51239013700001,-8.62921047199984],[125.51437377900004,-8.631810187999918],[125.51374054000007,-8.635129928999959],[125.51138305700033,-8.634590148999962],[125.50390625000011,-8.635390281999946],[125.5033874510001,-8.638270377999902],[125.50048065200008,-8.640930175999927],[125.49922943100012,-8.641209601999947],[125.49279785200008,-8.63926029199996],[125.4894332890002,-8.641960143999938],[125.4860687260001,-8.642849921999925],[125.48519897500012,-8.6440401079999],[125.48165893600003,-8.64307022099996],[125.48011016800001,-8.644300460999943],[125.4740371700002,-8.643289565999908],[125.47326660200008,-8.64260005999995],[125.47264099100005,-8.643469809999885],[125.4699783330002,-8.643859862999932],[125.46907043500005,-8.645319938999933],[125.46736908000003,-8.64538955699993],[125.46723938000002,-8.647310256999958],[125.46382141100003,-8.645259856999928],[125.46427917500012,-8.648839950999957],[125.46185302700007,-8.649470328999882],[125.46150207500023,-8.648240088999955],[125.46205139200003,-8.647109984999815],[125.45954895000011,-8.645330428999898],[125.4586715700002,-8.64700984999996],[125.45514679000007,-8.649250030999951],[125.45427703900009,-8.648929595999903],[125.45540618900009,-8.648240088999955],[125.4550704960003,-8.64752006499998],[125.45403289800004,-8.648469924999972],[125.45278167700008,-8.64636993399995],[125.45144653300008,-8.646539687999962],[125.44963836700003,-8.645330428999898],[125.44734954800003,-8.64535045599996],[125.44648742700008,-8.647470473999874],[125.44493866000005,-8.647689818999936],[125.44513702400002,-8.649270057999843],[125.44386291500018,-8.650730132999854],[125.43592071500007,-8.65398979199989],[125.43257141100025,-8.6601600649999],[125.42981720000023,-8.662010192999958],[125.42717742900004,-8.662420272999952],[125.42617034900002,-8.663640021999981],[125.42604827900004,-8.665160178999827],[125.42288208000014,-8.667389869999909],[125.41902923600003,-8.668640136999898],[125.4104614260001,-8.672869681999885],[125.408256531,-8.672320365999951],[125.40612030000011,-8.669050216999892],[125.40387725800008,-8.66823005699996],[125.40286254900013,-8.668250083999965],[125.40025329600007,-8.670129775999953],[125.4002838130001,-8.67164993299997],[125.39895629900002,-8.673179625999978],[125.39832305900018,-8.676099776999934],[125.39877319300012,-8.678930282999886],[125.39774322500034,-8.68083000199988],[125.39895629900002,-8.683569907999981],[125.39721679700017,-8.690139770999963],[125.39232635500002,-8.69075965899998],[125.38516235400004,-8.68968009899993],[125.38008117700008,-8.69118022899994],[125.37729644800015,-8.693449973999918],[125.37364959700005,-8.694270133999908],[125.37164306600005,-8.698169707999966],[125.37190246600005,-8.69917011299998],[125.3709106450001,-8.699649810999972],[125.37030792200005,-8.701330184999904],[125.36808013900009,-8.700949668999954],[125.36550903300008,-8.704509734999931],[125.36453247100019,-8.704310416999931],[125.3647689820001,-8.703080176999947],[125.36353302000032,-8.701080321999939],[125.35791778600003,-8.699959754999952],[125.3588027950002,-8.696629523999889],[125.36054229700005,-8.693360328999972],[125.36183929400033,-8.687029838999933],[125.3602981570001,-8.67994022399995],[125.36102294900002,-8.67815971399989],[125.35913848900009,-8.67714977299994],[125.35989379900002,-8.675559997999926],[125.36170196500007,-8.675209998999946],[125.36134338400018,-8.673780440999963],[125.36199188200021,-8.673000335999973],[125.36451721200001,-8.672880172999953],[125.36579132100007,-8.671859740999935],[125.36657714800015,-8.669960021999941],[125.36673736600005,-8.666430472999934],[125.36833190900006,-8.6626396179999],[125.36810302700019,-8.657199859999935],[125.36464691200013,-8.651169776999893],[125.36475372300015,-8.647069930999976],[125.36206054700006,-8.645469665999883],[125.3602981570001,-8.643580436999969],[125.35888671900022,-8.64035987899996],[125.35865020800009,-8.63895034799998],[125.35944366500007,-8.638250350999954],[125.36121368400006,-8.638349532999882],[125.36389923100012,-8.639989852999975],[125.36477661100014,-8.639760016999901],[125.36406707800006,-8.63496971099994],[125.36135101300022,-8.632060050999883],[125.3597564700001,-8.632069587999979],[125.35797119100016,-8.63012027699989],[125.34391784700017,-8.622460364999824],[125.34406280500002,-8.620039939999913],[125.34314727800006,-8.618020057999956],[125.34130859400034,-8.614760398999977],[125.33969879200004,-8.613880156999812],[125.33963775600012,-8.612669944999936],[125.34114837600009,-8.61021041899994],[125.33850860600012,-8.606240272999969],[125.3393783570001,-8.603759765999826],[125.33872222900015,-8.595359801999962],[125.33957672100018,-8.58362960799991],[125.3462371830002,-8.583290099999886],[125.35231018100001,-8.579640387999916],[125.3569564820001,-8.579560279999953],[125.36313629200004,-8.577110290999826],[125.36888122600021,-8.576359748999892],[125.37097930900029,-8.575269698999932],[125.37191009500009,-8.57324027999988],[125.37313842800017,-8.573789596999973],[125.37536621100003,-8.57324027999988],[125.37757873500016,-8.572210311999925],[125.3834762570001,-8.567520141999921],[125.38803100600012,-8.56653976399997],[125.39279174800004,-8.564419745999885],[125.40868377700019,-8.563679694999962],[125.41741180400015,-8.561829566999904],[125.42001342800029,-8.563469886999826],[125.42472839400011,-8.563839911999878],[125.42569732700008,-8.56311035199991],[125.42748260500002,-8.564140319999979],[125.42880249000007,-8.566089629999965],[125.42987060500013,-8.565999984999905],[125.43032074000007,-8.566780089999952],[125.43199920700022,-8.56579017599995],[125.43309783900008,-8.565879821999829],[125.43398284900002,-8.567790030999959],[125.43512725800008,-8.56791973099996],[125.43657684300001,-8.566479682999898],[125.43773651100003,-8.567859649999946],[125.4399337770003,-8.568759917999898],[125.4429702760001,-8.568479537999963],[125.44405365000023,-8.569109916999935],[125.44496154800004,-8.570969581999975],[125.44670105000012,-8.571709632999898],[125.44933319100016,-8.570899962999874],[125.45028686500007,-8.567319869999949],[125.45146179200015,-8.571649550999894],[125.45420074500021,-8.56956005099994],[125.45552063000025,-8.569190024999955],[125.45564270000023,-8.569629668999937],[125.45610809300013,-8.56904983499993],[125.45683288600014,-8.569849967999971],[125.45765686000004,-8.568610190999948],[125.45909881600005,-8.569270133999964],[125.46115875200007,-8.567819594999833],[125.46376800500025,-8.567870139999911],[125.46388244600007,-8.568909644999962],[125.46499633800022,-8.569100379999952],[125.46611022900004,-8.569009780999977],[125.46676635700021,-8.567799567999941],[125.46768188500005,-8.568679809999935],[125.46975708000014,-8.568980216999933],[125.47102356000005,-8.567740439999852],[125.47247314500021,-8.568659781999884],[125.47135162400002,-8.570070266999892],[125.47206878700001,-8.570759772999907],[125.47254943800021,-8.573889731999884],[125.47351074200003,-8.57413005799998],[125.4738082890002,-8.574870109999836],[125.47554779100005,-8.575030326999922],[125.4771499630001,-8.573470115999896],[125.47860717800017,-8.574830054999893],[125.48091125500014,-8.573590278999973],[125.48178863500004,-8.571299552999903],[125.48351287800017,-8.569729804999952],[125.48381042500034,-8.568030356999941],[125.48571014400022,-8.565489768999953],[125.48700714100016,-8.565039634999948],[125.48525238000002,-8.56319999699997],[125.48504638700012,-8.561079978999942],[125.48417663600003,-8.560449599999856],[125.48397827100007,-8.559209823999936],[125.48055267300026,-8.557649611999977],[125.48107147200017,-8.556980132999854],[125.4856033330002,-8.555780410999887]]]}},{"type":"Feature","properties":{"id":"TL0406","name":"Bobonaro","muni_id":"TL04","muni_name":"Bobonaro","_lon":125.32949,"_lat":-9.04167,"_bbox":[125.21694,-9.13016,125.43442,-8.95443]},"geometry":{"type":"Polygon","coordinates":[[[125.32740783700012,-8.955809592999856],[125.32803344700005,-8.960570334999943],[125.32720947300004,-8.96255016299989],[125.3293304440001,-8.96358966799994],[125.32984924300001,-8.964980124999954],[125.33197021500018,-8.966099738999958],[125.33374023400017,-8.96796035799997],[125.33833313000002,-8.970250129999897],[125.33953857400013,-8.972979545999863],[125.34010314900002,-8.976819991999832],[125.3418426510002,-8.977210044999936],[125.34108734100005,-8.979370116999974],[125.34214782700008,-8.980239867999899],[125.34197998000013,-8.981650351999974],[125.3435897830002,-8.982600211999966],[125.34426879900002,-8.98787021599992],[125.34252929700006,-8.990400313999942],[125.34391784700017,-8.991370200999881],[125.34432983400006,-8.993570327999919],[125.34590148900031,-8.99295043899997],[125.34821319600019,-8.993709563999914],[125.34913635300006,-8.99557971999991],[125.35336303700001,-8.99495983099996],[125.35508728000002,-8.99512004899998],[125.35536956800024,-8.995880126999907],[125.35623931900022,-8.996069907999981],[125.35814666700003,-8.995499610999957],[125.35890197800018,-8.993820189999894],[125.36151123000002,-8.994279860999939],[125.36376953100012,-8.992839812999875],[125.36583709700005,-8.992919921999942],[125.3663330080002,-8.991100310999911],[125.36891174300013,-8.989159583999935],[125.37277221700015,-8.987830161999966],[125.37339782700008,-8.985950469999977],[125.37473297100018,-8.986359595999886],[125.37734222400002,-8.985079764999966],[125.37921905500014,-8.98591995199996],[125.38110351600017,-8.985320090999949],[125.38446807900027,-8.985380172999953],[125.38726806600005,-8.983699798999908],[125.39395141600005,-8.983489989999953],[125.39650726300022,-8.982460021999941],[125.39691162100007,-8.981570243999954],[125.39996337900004,-8.982540130999894],[125.4026718140002,-8.98104000099994],[125.40424346900011,-8.980910300999938],[125.40547180200008,-8.979740142999958],[125.4089202880001,-8.979769706999889],[125.41275787400002,-8.978159903999938],[125.41477203400007,-8.978059768999913],[125.41564178500016,-8.97883987399996],[125.41754150400004,-8.979060172999823],[125.42151641800012,-8.981120109999893],[125.42180633500004,-8.981989860999931],[125.42366027800006,-8.982540130999894],[125.42407226600005,-8.983409881999933],[125.43002319300012,-8.98565006299998],[125.42843627900004,-8.986300467999968],[125.42746734600007,-8.988450049999926],[125.42648315400004,-8.988690375999909],[125.42552948000002,-8.99118995699996],[125.42575836200012,-8.992509841999947],[125.42453002900015,-8.9934101099999],[125.42471313500005,-8.996250152999892],[125.4240570070001,-8.996729850999941],[125.42420196500007,-8.997710227999903],[125.42488098100011,-8.998009681999974],[125.42529296900022,-9.001649856999904],[125.42635345500003,-9.002039908999961],[125.42710876500018,-9.004210471999954],[125.42859649700017,-9.004920005999963],[125.4287567140002,-9.006030082999928],[125.43006134000018,-9.007160186999954],[125.43254852300015,-9.011489867999956],[125.43441772500012,-9.022069930999976],[125.43315887500023,-9.026229857999908],[125.42717742900004,-9.031880378999972],[125.42415618900031,-9.036109923999902],[125.42360687300015,-9.03810977899991],[125.42162323000025,-9.039999961999968],[125.4203262330002,-9.039979934999849],[125.41954803500005,-9.03822994199993],[125.4155502320001,-9.034529685999928],[125.41272735600012,-9.030879973999902],[125.41118621800001,-9.022150039999929],[125.4089202880001,-9.019579886999907],[125.40724945100033,-9.019579886999907],[125.40048217800006,-9.031220435999899],[125.39895629900002,-9.032449721999853],[125.3958129880001,-9.033289908999905],[125.39615631100014,-9.037389754999936],[125.39507293700001,-9.040289878999886],[125.39153289800015,-9.043049811999936],[125.38719177200016,-9.048279761999936],[125.38034820600001,-9.04967021899995],[125.37876892100019,-9.050510405999944],[125.37544250500014,-9.054570197999908],[125.37122345000012,-9.061880111999812],[125.36840820300006,-9.063309668999977],[125.36765289300001,-9.06583023099995],[125.36860656700026,-9.067339896999897],[125.36859130900007,-9.06892967199991],[125.37026214600007,-9.070770263999975],[125.37069702100007,-9.07256984699984],[125.37270355200008,-9.07380962399992],[125.37206268300008,-9.075730323999949],[125.37242889400011,-9.07796001399987],[125.37024688700012,-9.081870078999827],[125.36794281000016,-9.081720351999934],[125.36794281000016,-9.082940101999895],[125.36576080300017,-9.087710380999965],[125.36791992200006,-9.090209960999914],[125.36901855500003,-9.093290328999899],[125.36927032500012,-9.096320151999919],[125.37230682400013,-9.097570418999908],[125.37374115000011,-9.100449561999937],[125.3739395140002,-9.102529525999898],[125.37136840800008,-9.10832023599994],[125.37162017800017,-9.1114597319999],[125.37090301500007,-9.113400458999877],[125.36747741700015,-9.117580413999974],[125.365646362,-9.118909835999943],[125.36411285400015,-9.123510360999887],[125.36389923100012,-9.126079558999947],[125.3616561890002,-9.12808990499991],[125.36045837400013,-9.130160331999889],[125.35796356200012,-9.128919600999836],[125.35711669900013,-9.127619742999912],[125.35428619400011,-9.128109931999973],[125.35014343300008,-9.126110076999964],[125.34754180900018,-9.12613010399997],[125.34565734900002,-9.1251001359999],[125.34130096400008,-9.125289916999975],[125.33844757100019,-9.128190040999868],[125.33689117400024,-9.128379821999943],[125.3360366820001,-9.127750396999886],[125.33315277100007,-9.12856006599992],[125.33212280300017,-9.128310203999945],[125.33117675800008,-9.126569747999895],[125.32763671900022,-9.12662982899991],[125.32465362500011,-9.125619887999903],[125.32099151600005,-9.122130393999953],[125.31976318400007,-9.119990348999977],[125.31987762500023,-9.111639976999982],[125.31197357200006,-9.113039969999932],[125.30851745600023,-9.11573982199991],[125.30667877200017,-9.115719794999961],[125.30063629200004,-9.11371040299997],[125.29228210400004,-9.120079993999923],[125.28695678700001,-9.119939803999955],[125.28234863300008,-9.121270179999897],[125.27957916300011,-9.123920440999825],[125.27655029300001,-9.122079848999931],[125.27243042000009,-9.123399733999975],[125.27108764600018,-9.119070052999973],[125.26756286600005,-9.114959716999863],[125.26524353000002,-9.11021041899994],[125.26421356200001,-9.10902976999995],[125.26020050000011,-9.107310294999934],[125.2595062260001,-9.1037502289999],[125.25878143300008,-9.102849959999958],[125.25489044200026,-9.100649833999967],[125.24437713600014,-9.096420287999877],[125.24205017100007,-9.094670295999947],[125.23886108400006,-9.09389972699995],[125.22943115200019,-9.094300269999962],[125.22191619900002,-9.096409797999968],[125.21932983400018,-9.091300010999873],[125.21804046600005,-9.087180137999951],[125.21694183300019,-9.079139708999946],[125.21816253700013,-9.076939582999898],[125.22413635300006,-9.074379920999945],[125.22564697300015,-9.073200225999926],[125.22765350300006,-9.070179938999956],[125.2298965450002,-9.068530082999871],[125.23822021500007,-9.066040038999915],[125.24401855500003,-9.063289641999972],[125.2515335080002,-9.062359809999975],[125.25247955300006,-9.061559676999934],[125.26962280300006,-9.035719871999959],[125.27523803700012,-9.02388000499991],[125.27822113000013,-9.02058029199992],[125.28555297900004,-9.017649650999886],[125.29871368400018,-9.018369674999974],[125.30254364000018,-9.015899657999967],[125.31059265100009,-9.015119552999977],[125.31192016600005,-9.01229953799998],[125.31375885000011,-9.01058959999989],[125.31452179000019,-9.007809638999845],[125.31857299800004,-9.00395965599995],[125.31845855700021,-9.002169608999907],[125.31918335000023,-9.000329970999928],[125.31887817400002,-8.99818038899997],[125.31601715100021,-8.996210097999949],[125.31622314500021,-8.992739676999975],[125.31463623000002,-8.991729735999968],[125.31408691400009,-8.989170073999901],[125.31300354000018,-8.988519668999913],[125.31224060100021,-8.98355960799995],[125.31249237100008,-8.978320121999957],[125.31191253700001,-8.977560042999869],[125.31403350800008,-8.97626972199987],[125.31407928500005,-8.973130225999967],[125.31568908700001,-8.971710204999908],[125.31759643600003,-8.968480109999973],[125.31983947800018,-8.967020034999962],[125.32102203400018,-8.967450141999961],[125.3220825200001,-8.967029571999944],[125.32240295400004,-8.965809821999926],[125.32134246800001,-8.964019774999883],[125.3215103150003,-8.962149619999877],[125.32404327400002,-8.95905971499991],[125.32449340800008,-8.957650184999977],[125.32212829600019,-8.956979751999938],[125.32147979700005,-8.955719947999967],[125.32324981700003,-8.9560699459999],[125.32463836700015,-8.954600333999963],[125.3257598880001,-8.954429625999978],[125.32740783700012,-8.955809592999856]]]}},{"type":"Feature","properties":{"id":"TL0402","name":"Cailaco","muni_id":"TL04","muni_name":"Bobonaro","_lon":125.24079,"_lat":-8.87421,"_bbox":[125.18579,-8.98238,125.32845,-8.76508]},"geometry":{"type":"Polygon","coordinates":[[[125.20719909700017,-8.765119552999977],[125.21714782700019,-8.765080451999836],[125.2209777830002,-8.765870093999979],[125.23232269300001,-8.77116012599987],[125.23824310300017,-8.77511024499995],[125.24237060500025,-8.776800155999979],[125.25356292700008,-8.7860202789999],[125.25849151600016,-8.791760444999966],[125.26183319100016,-8.796560286999977],[125.26242828400007,-8.798509597999896],[125.26767730700021,-8.802969932999929],[125.27055358900009,-8.811479567999925],[125.27868652300003,-8.821869849999871],[125.28031158400006,-8.825280189999944],[125.28166961700003,-8.83071994799991],[125.28246307400013,-8.837659835999943],[125.28156280500014,-8.844149589999972],[125.28196716300022,-8.84792995499987],[125.28459930400027,-8.85266017899994],[125.29113006600005,-8.859749793999981],[125.2943496700002,-8.866749762999973],[125.29485321000016,-8.86921977999998],[125.29463195800008,-8.873590468999907],[125.29357147200028,-8.875709533999952],[125.29315185500013,-8.879090308999878],[125.2940673830002,-8.886139869999965],[125.2951965330002,-8.88712978399991],[125.29830169700006,-8.892769813999905],[125.30239868200022,-8.89461040499998],[125.30507659900002,-8.897210120999944],[125.3095169070001,-8.897990226999923],[125.31178283700012,-8.897709845999941],[125.31376647900015,-8.89869022399995],[125.31461334200014,-8.90608978299997],[125.31384277300003,-8.909480094999935],[125.31426239000007,-8.910960196999895],[125.31786346400008,-8.912650107999923],[125.3208236690001,-8.914979934999963],[125.32456970200008,-8.920829772999923],[125.32823944100005,-8.925129889999823],[125.3284530640002,-8.926750182999967],[125.3275299070001,-8.928799628999968],[125.32604980500003,-8.930000304999908],[125.32350921600005,-8.930000304999908],[125.32042694100005,-8.934490203999871],[125.31745147700019,-8.940239905999931],[125.31780242900015,-8.942410468999924],[125.31542205800008,-8.946000098999832],[125.31581115700021,-8.946900367999888],[125.3170166020002,-8.947250365999878],[125.32022094700005,-8.945650100999899],[125.32221221900011,-8.948240279999823],[125.32129669200015,-8.950360297999907],[125.32269287100007,-8.95005989099991],[125.32334137000021,-8.950579642999912],[125.32234191900022,-8.95355987499994],[125.32013702400013,-8.954299926999909],[125.32212829600019,-8.956979751999938],[125.32449340800008,-8.957650184999977],[125.32404327400002,-8.95905971499991],[125.3215103150003,-8.962149619999877],[125.32134246800001,-8.964019774999883],[125.32240295400004,-8.965809821999926],[125.3220825200001,-8.967029571999944],[125.32102203400018,-8.967450141999961],[125.31983947800018,-8.967020034999962],[125.31759643600003,-8.968480109999973],[125.31568908700001,-8.971710204999908],[125.31407928500005,-8.973130225999967],[125.31366729700005,-8.976759910999931],[125.31024169900002,-8.97766971599998],[125.30724334700005,-8.976719855999875],[125.3066864010002,-8.97998046899994],[125.30494689900013,-8.982379912999875],[125.30219268800022,-8.982049941999946],[125.30033111600005,-8.97840022999992],[125.29704284700006,-8.978420257999971],[125.29496765100009,-8.980310439999869],[125.29235839800015,-8.979709624999828],[125.28891754200015,-8.977499961999968],[125.2876434330002,-8.975090026999965],[125.2847366330002,-8.973460196999952],[125.28220367400013,-8.968890189999968],[125.28074646000016,-8.968259810999882],[125.27041626000005,-8.967200278999883],[125.26537323000002,-8.964670180999974],[125.26252746600017,-8.96146011399992],[125.25782012900015,-8.960379600999886],[125.2555465700002,-8.960359572999891],[125.25187683100023,-8.961520194999935],[125.24948883100001,-8.96292018899993],[125.2471694950001,-8.965700149999918],[125.24445343000002,-8.96770954099992],[125.24201965300017,-8.968279838999933],[125.23989105200019,-8.967450141999961],[125.23832702600009,-8.968890189999968],[125.23419952400002,-8.970499991999873],[125.22963714600019,-8.970120429999895],[125.22522735600012,-8.968040465999934],[125.22355651900023,-8.968589782999913],[125.22149658200021,-8.966919898999947],[125.22129058800022,-8.96208000199988],[125.21977233900009,-8.957110404999924],[125.22019195600012,-8.948080062999964],[125.21736908000014,-8.937640189999911],[125.21817016600016,-8.933770179999897],[125.21642303500005,-8.930990218999852],[125.21428680400015,-8.93029022199994],[125.21356201200001,-8.928540229999896],[125.21315765400016,-8.921699523999962],[125.21395874000018,-8.920419692999928],[125.21367645300006,-8.919500350999954],[125.214897156,-8.918970107999883],[125.21531677200028,-8.91792964899986],[125.2138366700002,-8.91539955099995],[125.21465301500018,-8.91431999199989],[125.2142486570001,-8.912579535999953],[125.2124710080002,-8.910570144999951],[125.2093429570001,-8.904640197999925],[125.21025848400006,-8.895689963999871],[125.20374298100023,-8.885040282999967],[125.19821167000009,-8.88202953299998],[125.19548034700006,-8.8793001169999],[125.18959045400015,-8.8784799579999],[125.18602752700008,-8.879179954999927],[125.18579101600017,-8.877949714999943],[125.18682098400029,-8.874819755999965],[125.19238281200023,-8.866860389999943],[125.19492340100021,-8.861989974999972],[125.19541931200013,-8.851440429999968],[125.19847869900002,-8.84792995499987],[125.20205688500016,-8.84634017899998],[125.2054595950001,-8.843890189999911],[125.20585632300015,-8.840909957999884],[125.20504760700032,-8.83792972599997],[125.20858764600007,-8.833370208999895],[125.21045684800004,-8.829449653999973],[125.20932769800004,-8.821619986999963],[125.21202087400025,-8.812350272999936],[125.21367645300006,-8.809869765999963],[125.21856689500021,-8.807390212999962],[125.22057342500011,-8.804590224999856],[125.22009277300015,-8.803130149999845],[125.21695709200014,-8.79986953699995],[125.21674346900011,-8.794779777999906],[125.21526336700003,-8.791399955999964],[125.21405792200005,-8.790260314999898],[125.21130371100003,-8.789759635999872],[125.21038055400004,-8.788929938999956],[125.21012878400006,-8.78651046799996],[125.2074127200002,-8.781880378999972],[125.20720672600021,-8.779600142999925],[125.20916748000002,-8.775950431999945],[125.20879364000007,-8.77392959599996],[125.20291900600012,-8.771570205999978],[125.20300293000003,-8.768870353999887],[125.20060730000023,-8.766670226999906],[125.20719909700017,-8.765119552999977]]]}},{"type":"Feature","properties":{"id":"TL0606","name":"Cristo Rei","muni_id":"TL06","muni_name":"Dili","_lon":125.63746,"_lat":-8.55635,"_bbox":[125.57899,-8.60229,125.70012,-8.51899]},"geometry":{"type":"MultiPolygon","coordinates":[[[[125.60276794400022,-8.58948993699994],[125.60102844200003,-8.58712005599989],[125.5993728640002,-8.57997989699993],[125.59812164300013,-8.58028984099991],[125.59562683100012,-8.579540252999891],[125.59388732900004,-8.57847022999988],[125.59237670900029,-8.57633018499996],[125.59272003200022,-8.573610305999978],[125.59676361100003,-8.568070411999884],[125.59719848600002,-8.564490317999969],[125.59110260000011,-8.565239905999817],[125.59123230000023,-8.562290191999978],[125.59026336700003,-8.559889792999968],[125.58815765400004,-8.558870315999911],[125.58718872100008,-8.556799888999933],[125.58303833000014,-8.557990073999918],[125.58289337200017,-8.555899619999877],[125.59121704100005,-8.55459022499997],[125.58908844000007,-8.547550200999979],[125.59134674100017,-8.547900199999958],[125.59526825000023,-8.546950339999967],[125.5970611570001,-8.547209739999971],[125.60012054400022,-8.546660422999878],[125.6041793820001,-8.544939994999936],[125.60614013700012,-8.546179770999913],[125.60935974100005,-8.544449805999932],[125.61174774200003,-8.541729926999949],[125.61496734600007,-8.53594016999989],[125.61431121800001,-8.534879683999918],[125.61485290500013,-8.53229045899991],[125.61369323700012,-8.529769896999824],[125.61203002900004,-8.5303602219999],[125.6096267700002,-8.529089927999962],[125.60993957500023,-8.527070044999903],[125.60899353000002,-8.522089957999981],[125.60700225800008,-8.520939826999836],[125.60823822000009,-8.519120215999976],[125.6095733640002,-8.51926994299987],[125.61109161400009,-8.521100043999922],[125.6142807010001,-8.521889686999884],[125.6175918580002,-8.521249770999873],[125.61968231200001,-8.518989562999934],[125.6207580570001,-8.51918029799998],[125.62167358400006,-8.519550322999976],[125.6216278080002,-8.520959853999955],[125.62261962900004,-8.52163982399992],[125.62133789100005,-8.523839950999957],[125.62348175000011,-8.526390075999927],[125.6265869140002,-8.526949882999816],[125.62863159200003,-8.525369643999966],[125.62920379600018,-8.525870322999936],[125.6314468380001,-8.525440215999936],[125.63134765600023,-8.526860236999937],[125.63220214800003,-8.527460097999949],[125.63626861600005,-8.527950286999896],[125.63912200900018,-8.526419639999972],[125.64099884000018,-8.52690029099989],[125.64363861100014,-8.526300429999878],[125.64293670700033,-8.526960372999952],[125.64370727500011,-8.527000426999905],[125.64569854700005,-8.52624988599996],[125.64613342300015,-8.523960113999976],[125.6479187010001,-8.525259971999958],[125.66030883800022,-8.526410102999932],[125.66332244900002,-8.526220321999915],[125.66567993200033,-8.525560378999955],[125.6663970950001,-8.524749755999949],[125.66745758100024,-8.527290343999937],[125.67092132600021,-8.527950286999896],[125.67976379400034,-8.533650397999907],[125.68060302700007,-8.533519744999921],[125.68038940400004,-8.535030364999955],[125.6809387210003,-8.535079955999947],[125.6811218260001,-8.53384017899998],[125.68170166000027,-8.533900260999872],[125.6816101070001,-8.53567981699996],[125.68772888200021,-8.537249564999968],[125.689170837,-8.537039756999945],[125.68988800000011,-8.535260200999971],[125.69152069100016,-8.535140037999952],[125.6931991580002,-8.535949706999816],[125.69393920900006,-8.534879683999918],[125.69673156700014,-8.542759894999904],[125.70011901900011,-8.546380042999942],[125.70005798300008,-8.550700187999894],[125.69612121600005,-8.54930973099988],[125.69300079300001,-8.549150466999947],[125.69143676800002,-8.560270308999918],[125.6862106320001,-8.5659399029999],[125.68522644000006,-8.568799972999955],[125.68354797400013,-8.57003021199995],[125.68322753900031,-8.57203960399994],[125.6644668580002,-8.568719863999888],[125.66439056400009,-8.5701799389999],[125.65991973900009,-8.571080207999955],[125.65950775100009,-8.571889876999876],[125.66002655000011,-8.574370383999963],[125.6592788700001,-8.5754098889999],[125.6570968630001,-8.576290130999894],[125.6564483640002,-8.578909873999976],[125.65461731000005,-8.580430030999878],[125.65487670900006,-8.581359862999875],[125.65361022900004,-8.584540366999875],[125.65072631800012,-8.588399886999923],[125.64972686800002,-8.588839530999962],[125.64914703400018,-8.590550422999968],[125.64691162100007,-8.592490195999972],[125.64250183100023,-8.593729972999938],[125.63577270500002,-8.591799735999928],[125.6256103520002,-8.58413028699988],[125.62288665800008,-8.585080146999871],[125.61847686800002,-8.582880019999891],[125.60276794400022,-8.58948993699994]]],[[[125.5995788570001,-8.589859961999935],[125.60276794400022,-8.58948993699994],[125.6066970830002,-8.596349715999906],[125.60854339600007,-8.59788989999987],[125.60807037400002,-8.599820136999881],[125.60328674300013,-8.601249694999979],[125.60050964400011,-8.600859641999932],[125.59902191200013,-8.602140426999938],[125.59542846700003,-8.602290153999888],[125.59541320800008,-8.601369857999941],[125.59306335400004,-8.601590156999976],[125.59117889400022,-8.599780082999871],[125.58898162800017,-8.600870131999898],[125.58838653600014,-8.59947013899989],[125.58695983900009,-8.599989890999893],[125.58551025400016,-8.59815978999984],[125.5824127200002,-8.600970267999855],[125.57898712200006,-8.59912967699995],[125.58016204800015,-8.596579551999923],[125.57937622100008,-8.592920302999914],[125.57977294900002,-8.59220027899994],[125.58029937700007,-8.592579841999907],[125.57996368400006,-8.591919898999947],[125.58083343500005,-8.592140197999868],[125.58229064900013,-8.595350265999969],[125.58291626000016,-8.595450400999937],[125.58204650900018,-8.58915996599984],[125.58361053500005,-8.584630012999924],[125.58545684800004,-8.585659980999878],[125.59069824200003,-8.586020469999937],[125.59310150100009,-8.588419913999871],[125.59539794900002,-8.588250159999973],[125.5995788570001,-8.589859961999935]]]]}},{"type":"Feature","properties":{"id":"TL0605","name":"Dom Aleixo","muni_id":"TL06","muni_name":"Dili","_lon":125.53654,"_lat":-8.57579,"_bbox":[125.49448,-8.61405,125.56697,-8.53743]},"geometry":{"type":"Polygon","coordinates":[[[125.54971313500027,-8.544819831999916],[125.55805969200014,-8.54761028299987],[125.56511688200021,-8.547929763999946],[125.56420898400017,-8.556870460999903],[125.56578826900022,-8.56245040899995],[125.56566619900002,-8.57071018199997],[125.56694030800008,-8.57254981999995],[125.56697082500034,-8.573780059999876],[125.56375122100008,-8.578289985999902],[125.56336212200006,-8.581749915999922],[125.5605926510002,-8.58417034099989],[125.54506683300008,-8.581569671999944],[125.54387664800026,-8.580840110999873],[125.5433731080002,-8.577679633999935],[125.54123687700007,-8.576430320999975],[125.54173278800033,-8.577110290999826],[125.54136657700019,-8.579350470999884],[125.53971862800017,-8.581830024999874],[125.53618621800024,-8.590660094999976],[125.53357696500007,-8.590709685999968],[125.5320129390002,-8.594479560999957],[125.52974700900006,-8.595680236999954],[125.52760314900002,-8.598560332999853],[125.52680206300033,-8.606769561999897],[125.52810668900008,-8.613349914999901],[125.52758026100003,-8.614049910999825],[125.52419281000005,-8.613010405999944],[125.51608276400009,-8.613059997999812],[125.51538085900017,-8.611579894999977],[125.51677703900009,-8.610360145999891],[125.51825714100016,-8.607239722999964],[125.51843261700026,-8.603099822999923],[125.51722717300004,-8.598279952999917],[125.5192718510001,-8.596209525999939],[125.52021026600005,-8.59296035799997],[125.52027130100021,-8.59138011899995],[125.51834869400034,-8.58471965799987],[125.51670837400002,-8.583680152999932],[125.51316070600012,-8.583219527999915],[125.50808715800008,-8.580960273999949],[125.50729370100021,-8.57888984699997],[125.50782012900004,-8.576259612999877],[125.50727844200014,-8.575320243999954],[125.50290679900013,-8.572380065999937],[125.50010681200001,-8.567150115999937],[125.49723053000002,-8.566109656999913],[125.49588012700019,-8.563969611999937],[125.49447631800012,-8.563220023999918],[125.4947509770002,-8.56126975999996],[125.49726867700008,-8.557089805999965],[125.49838256800001,-8.556770324999889],[125.49884033200021,-8.55591964699994],[125.49933624300013,-8.556650161999926],[125.50276184100005,-8.557649611999977],[125.50784301800013,-8.556380271999956],[125.51808929400022,-8.546219825999913],[125.52600097700031,-8.54183959999989],[125.5310897830002,-8.540590285999883],[125.53386688200021,-8.537460326999906],[125.53521728500027,-8.537429809999878],[125.53811645500002,-8.539279937999936],[125.54340362500011,-8.540920257999858],[125.54971313500027,-8.544819831999916]]]}},{"type":"Feature","properties":{"id":"TL0702","name":"Ermera","muni_id":"TL07","muni_name":"Ermera","_lon":125.42178,"_lat":-8.76608,"_bbox":[125.35744,-8.83083,125.47646,-8.70012]},"geometry":{"type":"Polygon","coordinates":[[[125.35743713400007,-8.700119971999982],[125.36353302000032,-8.701080321999939],[125.3647689820001,-8.703080176999947],[125.36453247100019,-8.704310416999931],[125.36535644500009,-8.70452976199988],[125.36784362800029,-8.701120376999938],[125.37004852300004,-8.701519965999978],[125.37064361600017,-8.700710296999944],[125.37275695800008,-8.702050208999879],[125.37375640900007,-8.703689574999885],[125.3745803830002,-8.707619666999904],[125.37626647900004,-8.709199904999934],[125.37729644800015,-8.70862960799991],[125.3796463010001,-8.709670066999934],[125.38421630900007,-8.709890365999968],[125.38807678200021,-8.713230132999968],[125.3902130130001,-8.713279723999904],[125.39151001000005,-8.71422004699997],[125.4005126950002,-8.714889525999979],[125.40350341800013,-8.716119765999963],[125.4078369140002,-8.715310096999929],[125.41029357900015,-8.716090201999918],[125.41365814200003,-8.71879005399984],[125.4151611330002,-8.71920967099993],[125.41716003400006,-8.719079970999928],[125.41857147200017,-8.717800139999895],[125.42476654100005,-8.716589927999962],[125.42700195300006,-8.714480399999957],[125.43171691900011,-8.713350295999874],[125.43314361600005,-8.71135044099998],[125.44010162400025,-8.71170043899997],[125.44127655000011,-8.7146797179999],[125.44280242900004,-8.715200423999931],[125.4448165890002,-8.714340209999875],[125.44671630900018,-8.71693038899997],[125.44680786100014,-8.719470023999975],[125.44599151600016,-8.720950126999867],[125.44658660900006,-8.723259925999912],[125.4497528080002,-8.721190452999963],[125.4515304570001,-8.722760200999971],[125.45446777300026,-8.723299979999979],[125.45406341600017,-8.724490165999953],[125.45903015100009,-8.729900359999931],[125.4632720950001,-8.730739593999829],[125.46518707300004,-8.72986984299996],[125.4700317380001,-8.733189582999955],[125.47128295900018,-8.734999656999946],[125.4742965700002,-8.735899924999956],[125.47646331800001,-8.737400054999966],[125.4760665890002,-8.739700316999972],[125.47474670400015,-8.740650176999964],[125.47393035900018,-8.742540358999918],[125.47608184800015,-8.74376010899988],[125.47646331800001,-8.745100020999814],[125.47218322800029,-8.752459525999882],[125.47035980200008,-8.753459929999963],[125.47104644800004,-8.75461959799992],[125.46988678000002,-8.755629538999813],[125.47152710000023,-8.757379531999902],[125.47212982200017,-8.760600089999855],[125.4713363650003,-8.76224994699993],[125.46930694600019,-8.763460158999976],[125.46836853000013,-8.764989852999975],[125.46439361600005,-8.765410422999935],[125.46515655500002,-8.766739844999904],[125.46440124500009,-8.767230033999965],[125.46382141100003,-8.769220351999877],[125.46250152600021,-8.770099639999898],[125.46143341100003,-8.77365016899995],[125.45831298800022,-8.770959853999841],[125.45173645000011,-8.770950316999915],[125.44943237300004,-8.77023029299994],[125.44486236600017,-8.772680282999886],[125.44358062700007,-8.772800445999962],[125.44265747100008,-8.777669906999904],[125.44093322800018,-8.780489921999902],[125.43956756600016,-8.78155040699994],[125.43875885000023,-8.785300254999925],[125.43742370600023,-8.786620139999968],[125.43547821000016,-8.786680221999973],[125.43488311800013,-8.787759780999977],[125.43463134800004,-8.791919707999966],[125.43514251700003,-8.79292011299998],[125.43388366700015,-8.793470382999942],[125.43450164800004,-8.795269965999978],[125.43370056200001,-8.796360015999937],[125.43406677200005,-8.797120093999922],[125.43335723900009,-8.79827976199988],[125.42807769800015,-8.800829886999963],[125.4285278320001,-8.801340102999973],[125.42746734600007,-8.801730155999905],[125.42755889900013,-8.803279876999966],[125.42639923100012,-8.803830146999928],[125.42530822800018,-8.806570052999973],[125.42534637500023,-8.808440207999979],[125.4222335820001,-8.80873966199988],[125.42102050800008,-8.8103199009999],[125.42001342800029,-8.809900283999923],[125.41586303700001,-8.810429572999908],[125.4138488770003,-8.81157016799989],[125.41484832800018,-8.81268978099996],[125.41325378400006,-8.815099715999963],[125.41095733600025,-8.814209937999976],[125.4115676880001,-8.813710212999922],[125.41272735600012,-8.814000129999954],[125.4124832150003,-8.813039779999883],[125.41137695300006,-8.81284999799982],[125.40962219200014,-8.815569877999963],[125.40744781500007,-8.817500113999813],[125.40447998000002,-8.823080062999907],[125.40306091300033,-8.822979926999892],[125.40236663800022,-8.824489593999942],[125.4005126950002,-8.824850081999898],[125.39460754400034,-8.830829619999918],[125.38543701200024,-8.830519675999938],[125.3843765260001,-8.826849936999906],[125.38517761200012,-8.823490142999901],[125.38748931900011,-8.821470260999945],[125.3881530760001,-8.818960189999927],[125.38796234100005,-8.817729949999887],[125.38712310800031,-8.817379950999907],[125.38736724900002,-8.81509017899998],[125.38613891600005,-8.810299872999963],[125.38665008500016,-8.807169913999871],[125.38450622600033,-8.797730445999889],[125.38272857700008,-8.796099662999893],[125.38147735600023,-8.7916803359999],[125.38346099900014,-8.783309936999842],[125.38516235400004,-8.78120994599982],[125.3841934200002,-8.779769896999937],[125.38352203400007,-8.78001022299992],[125.38316345200008,-8.778759955999874],[125.3816528320001,-8.778479575999938],[125.3813171390002,-8.774319648999835],[125.37954711900011,-8.771989821999966],[125.37848663300008,-8.768879889999937],[125.37889862100008,-8.765060424999945],[125.37989807100018,-8.764510154999812],[125.3804168700002,-8.761599540999953],[125.38134765600012,-8.761219977999872],[125.38200378400006,-8.759840011999927],[125.38227844200003,-8.757579802999885],[125.3812408450001,-8.753990172999977],[125.38223266600016,-8.743610381999929],[125.37924194300001,-8.739469527999972],[125.37506103500016,-8.736519813999962],[125.37393188500016,-8.734029769999836],[125.37184906000005,-8.731539725999937],[125.36920166000004,-8.730139731999941],[125.3709869380001,-8.727169990999869],[125.3703384400003,-8.72243022899994],[125.3690338130001,-8.719030379999936],[125.36773681600016,-8.718270301999894],[125.36773681600016,-8.717379569999935],[125.36342620800019,-8.711460113999976],[125.35822296100002,-8.708959578999952],[125.35836029100017,-8.707200049999926],[125.35749816900011,-8.706410407999954],[125.3588027950002,-8.702460288999873],[125.35743713400007,-8.700119971999982]]]}},{"type":"Feature","properties":{"id":"TL1003","name":"Fatuberliu","muni_id":"TL10","muni_name":"Manufahi","_lon":125.92602,"_lat":-8.98072,"_bbox":[125.71458,-9.11031,126.06429,-8.85117]},"geometry":{"type":"Polygon","coordinates":[[[125.82290649400034,-8.853710174999947],[125.8241119380001,-8.855460166999933],[125.82436370800008,-8.857660293999913],[125.82573700000023,-8.858160018999968],[125.82599639900013,-8.859669684999972],[125.82866668700012,-8.860130309999931],[125.82882690400015,-8.862950324999929],[125.83071136500018,-8.865449904999878],[125.82956695600001,-8.868040084999961],[125.83072662400025,-8.868889808999938],[125.8294067380001,-8.869259833999877],[125.83011627200005,-8.87053966499991],[125.82839965800008,-8.872550010999817],[125.82868957500023,-8.87294006299993],[125.83003997800029,-8.871820449999916],[125.83072662400025,-8.873439788999974],[125.82951355000012,-8.873539924999932],[125.83029174800015,-8.874469756999929],[125.8301010130001,-8.874890326999832],[125.82927703900009,-8.874469756999929],[125.82910156200012,-8.876159667999957],[125.82823944100005,-8.877289771999926],[125.82972717300004,-8.877799987999879],[125.82932281500018,-8.879449843999964],[125.83088684100028,-8.881219863999945],[125.83260345500003,-8.880729674999884],[125.834037781,-8.882019996999816],[125.8358764650003,-8.882329940999966],[125.83756256100003,-8.88115978199994],[125.8385009770002,-8.878310203999888],[125.84108734100016,-8.877590178999924],[125.84365844700005,-8.879159926999876],[125.85859680200019,-8.881150245999947],[125.86087036100014,-8.88302993799988],[125.8635101320001,-8.883139609999887],[125.86856842000009,-8.884920119999947],[125.8712692260001,-8.88403034199996],[125.87500000000011,-8.884320258999878],[125.87785339400011,-8.883600234999903],[125.88165283200021,-8.886360167999896],[125.88774108900009,-8.888270377999959],[125.89502716100003,-8.887379645999886],[125.90411377000021,-8.890870093999865],[125.9077606200002,-8.89570045499994],[125.91396331800001,-8.897459983999966],[125.92151641800001,-8.902460097999949],[125.92342376700003,-8.905010222999977],[125.92729187000009,-8.905409812999949],[125.92742157000009,-8.907699584999932],[125.9293212890002,-8.907360076999908],[125.93102264400022,-8.908180236999897],[125.93147277800017,-8.90993022899994],[125.9335098270002,-8.91098976099994],[125.93435668900008,-8.912159919999965],[125.93151092500034,-8.919010161999893],[125.92820739700005,-8.922789573999978],[125.92822265600012,-8.924389838999957],[125.9299621580002,-8.926650046999896],[125.93193817100018,-8.927399634999858],[125.93517303500016,-8.930399894999937],[125.93702697800018,-8.933130263999885],[125.93746185300017,-8.934869765999963],[125.93670654300001,-8.938130378999972],[125.93987274200003,-8.939249991999816],[125.94210052500011,-8.937660216999973],[125.943771362,-8.938260077999871],[125.94718170200008,-8.951100348999944],[125.95645904500009,-8.96076965299983],[125.96058654800026,-8.963470458999893],[125.97125244100005,-8.968239783999934],[125.97554016100003,-8.968440055999963],[125.97953033400006,-8.970720290999964],[125.99571228000013,-8.982270240999924],[125.9984283450002,-8.986160277999943],[126.00399780300006,-8.987899779999964],[126.0077819820001,-8.990480422999894],[126.01093292200005,-8.991709708999906],[126.01614379900002,-8.9906997679999],[126.02065277100019,-8.995249747999878],[126.0258483890002,-8.997730254999965],[126.02745819100016,-9.002329825999936],[126.03341674800015,-9.0095300669999],[126.0348434450002,-9.014860152999915],[126.04123687700019,-9.01515960699993],[126.04284668000003,-9.01597976699992],[126.04631042500023,-9.022520064999924],[126.04933166500007,-9.033329963999961],[126.05059814500021,-9.034729957999957],[126.05287170400015,-9.034390449999933],[126.05471801800013,-9.035699843999907],[126.0537033080002,-9.039170264999825],[126.05399322500011,-9.041769980999959],[126.05741119400022,-9.042070388999946],[126.05780792200017,-9.043069838999884],[126.05697631800012,-9.044139861999952],[126.05848693800021,-9.050459861999911],[126.06429290800008,-9.057290076999891],[126.06400299100005,-9.057640075999927],[126.06096649200003,-9.059280395999906],[126.0554809570001,-9.06060028099995],[126.04283142100007,-9.065970420999918],[126.03217315700022,-9.0716400149999],[126.02439880400004,-9.076629638999918],[126.01761627200005,-9.081809997999926],[125.9952163700001,-9.102290153999888],[125.98390197800006,-9.11030960099987],[125.98377227800006,-9.105219840999894],[125.98226928700012,-9.101550101999862],[125.98312377900027,-9.100000380999973],[125.97952270500002,-9.09790039099994],[125.97747039800015,-9.095729827999946],[125.96602630600023,-9.08115005499991],[125.95892334000018,-9.076760291999904],[125.95799255400004,-9.069510459999833],[125.95294189500021,-9.063810348999937],[125.94880676300022,-9.061140059999957],[125.9481887820001,-9.056240081999874],[125.94576263400018,-9.049280166999836],[125.93965148900008,-9.047080039999969],[125.93743133500016,-9.04504013099995],[125.93569183300008,-9.040289878999886],[125.93595123300008,-9.037619590999952],[125.93467712400002,-9.033080100999939],[125.93488311800002,-9.031060218999812],[125.93025207500011,-9.023579596999923],[125.92874908400017,-9.019689559999847],[125.91722106900033,-9.01918029799998],[125.91079711900011,-9.017979621999928],[125.90837097200006,-9.014599799999871],[125.90599060100021,-9.00506973299997],[125.9032135010001,-9.003499984999962],[125.89417266800001,-9.00255012499997],[125.8882827760001,-8.996870040999909],[125.88559722900004,-8.995129584999972],[125.88227844200014,-8.994750022999938],[125.87539672900016,-8.997150420999958],[125.86723327600009,-8.998069762999876],[125.86453247100008,-8.997960090999982],[125.86369323700023,-8.99736022899998],[125.86208343500027,-8.994600295999874],[125.85946655300029,-8.98495960199989],[125.85845184300001,-8.980480193999881],[125.8588333130001,-8.975060462999977],[125.85790252700019,-8.972339629999851],[125.85550689700005,-8.970680236999954],[125.8506317140002,-8.97056961099986],[125.84715271000005,-8.966759681999918],[125.84736633300008,-8.963520049999943],[125.84583282500023,-8.96138954199995],[125.84638977100008,-8.958259582999972],[125.85102844200014,-8.953439712999966],[125.8536682130001,-8.948470115999896],[125.85162353500004,-8.947010039999896],[125.84967804000019,-8.946499824999876],[125.84554290800008,-8.94680023199993],[125.84455871600005,-8.944809913999961],[125.84043121300022,-8.943129538999926],[125.83733367900004,-8.941269874999875],[125.83643341100003,-8.939909934999946],[125.8348312380001,-8.939319610999974],[125.8338012700001,-8.94013023399998],[125.82829284700006,-8.940690040999925],[125.82746887200005,-8.941579818999912],[125.82289123500004,-8.939929961999951],[125.82100677500011,-8.94075012199994],[125.81857299800004,-8.940759658999923],[125.80908966100014,-8.93572044399997],[125.80626678500016,-8.93525028199997],[125.80304718000014,-8.935609817999875],[125.80227661100002,-8.937580108999953],[125.80048370400016,-8.939530372999911],[125.79679107700008,-8.940569877999963],[125.79479980500014,-8.939860343999953],[125.7947387700001,-8.944009780999977],[125.79183960000012,-8.943340301999854],[125.79061889600018,-8.94384956399989],[125.78999328600003,-8.946129798999891],[125.7926330570001,-8.948800086999938],[125.79210662800017,-8.949009894999904],[125.7879028320001,-8.948920249999958],[125.7761077880001,-8.945910453999943],[125.77210998500004,-8.947079658999883],[125.76989746100014,-8.945039748999932],[125.76941680900029,-8.94291973099996],[125.7686004640002,-8.942139625999971],[125.76016235400027,-8.942259788999877],[125.76065826400009,-8.943610190999891],[125.7629470830002,-8.945509910999931],[125.76334381100003,-8.94865989699997],[125.7627410890002,-8.951009749999912],[125.76402282700008,-8.951979636999965],[125.76537323000014,-8.955349921999925],[125.76432037400002,-8.95588016499994],[125.76524353000002,-8.956930160999946],[125.76361846900011,-8.958359717999826],[125.76489257800017,-8.959850310999968],[125.76365661600005,-8.960820197999908],[125.76431274400011,-8.96230030099997],[125.76416015600012,-8.965740203999928],[125.7651596070001,-8.966589927999905],[125.76471710200019,-8.967490195999972],[125.76331329300012,-8.967530250999914],[125.76159668000014,-8.972209929999963],[125.76074981700015,-8.972450255999945],[125.76036071800002,-8.973649978999902],[125.7621002200002,-8.97618007699998],[125.76069641100014,-8.976469993999899],[125.76004028300008,-8.976010322999969],[125.75711059600019,-8.977950095999972],[125.75641632100007,-8.97677993799988],[125.7542800900003,-8.977479934999906],[125.75221252400013,-8.974849700999869],[125.75126647900004,-8.975069999999903],[125.74877166700003,-8.978679656999873],[125.75108337400013,-8.980959891999873],[125.75103759800004,-8.984060286999977],[125.75322723400006,-8.984849929999939],[125.75366210900006,-8.98565006299998],[125.75270080600001,-8.990019797999878],[125.7509231570001,-8.989830016999974],[125.75044250500014,-8.99151039099985],[125.74529266400009,-8.994930266999916],[125.74352264400022,-8.994520186999921],[125.74162292500012,-8.996000289999927],[125.73574066200001,-8.995559691999972],[125.73428344700017,-8.99608039899988],[125.73341369600007,-8.997070312999881],[125.73226928700001,-8.997139930999879],[125.73139953600003,-8.999079703999882],[125.72969055200008,-8.99890994999987],[125.72750854500009,-9.000240325999812],[125.72733306900011,-9.001569747999952],[125.72612762500023,-9.00286006899995],[125.72534179700006,-9.002869605999933],[125.72445678700001,-9.004360198999962],[125.72131347700031,-9.00537967699995],[125.71900177000009,-9.008270263999918],[125.71840667700019,-9.008589744999824],[125.71662139900002,-9.007719993999956],[125.71505737300015,-9.00584983799996],[125.71457672100018,-9.00189971899988],[125.7150726320001,-8.99965953799989],[125.71688842800006,-8.99798011799993],[125.71872711200012,-8.99483013199989],[125.71794128400006,-8.985489844999961],[125.72045135500002,-8.98134994499992],[125.72270965600012,-8.97529983499993],[125.7221908570001,-8.97301006299989],[125.7210617070001,-8.971989631999918],[125.72189331100014,-8.967479705999892],[125.72135925300006,-8.966130256999975],[125.72355651900011,-8.964030265999952],[125.72377777100007,-8.961779593999893],[125.72284698500005,-8.960350036999898],[125.72432708700012,-8.95917987799993],[125.72450256300021,-8.957039832999953],[125.72746276900023,-8.956009864999885],[125.72905731200001,-8.953980445999946],[125.72940063500016,-8.950309752999885],[125.72646331800001,-8.949890136999898],[125.7273788450002,-8.949110030999918],[125.72786712600032,-8.94723033899993],[125.73121643100012,-8.946510314999955],[125.73182678200021,-8.942770003999897],[125.73264312700019,-8.941820144999838],[125.7323913570001,-8.940890311999908],[125.7297973630001,-8.940139770999963],[125.7309265140002,-8.938599585999896],[125.73045349100005,-8.937879561999921],[125.7306213380001,-8.935390471999938],[125.73037719700005,-8.934760093999842],[125.72808075000023,-8.934949874999916],[125.72865295400015,-8.931340217999946],[125.72746276900023,-8.930430411999964],[125.7257080080002,-8.930620192999982],[125.72299957300004,-8.927720069999907],[125.72321319600019,-8.927080153999896],[125.72627258300008,-8.926130294999894],[125.72844696000016,-8.92267990099998],[125.72734832800006,-8.92175960499992],[125.72747802700019,-8.919759749999912],[125.72422790500002,-8.917630195999948],[125.72368621800013,-8.915809630999945],[125.72373962400002,-8.915289878999943],[125.72535705600012,-8.915229796999938],[125.72590637200005,-8.914480208999976],[125.72579956100003,-8.911890029999938],[125.72479248000013,-8.91090011599988],[125.72534179700006,-8.908909797999968],[125.72966766400009,-8.909250258999975],[125.73210907000009,-8.906769752999935],[125.73084259000018,-8.903949737999937],[125.72928619400011,-8.902549743999884],[125.73085784900024,-8.90062046099996],[125.73007965100021,-8.899920463999933],[125.7302093510001,-8.898500442999875],[125.73243713400007,-8.89573001899987],[125.73410797100007,-8.896010398999977],[125.73549652100019,-8.893730163999976],[125.73774719200014,-8.893759726999917],[125.74417877200028,-8.891510009999877],[125.74717712400002,-8.88891029399997],[125.75131988500004,-8.889289855999948],[125.75438690200008,-8.888090133999981],[125.75908660900018,-8.88934040099997],[125.76067352300004,-8.888360022999905],[125.76171875000011,-8.884169578999945],[125.76344299300001,-8.882160186999954],[125.77706909200026,-8.88418006899991],[125.78103637700019,-8.886540412999977],[125.79379272500012,-8.888079642999969],[125.79975891100014,-8.881139754999879],[125.80139923100012,-8.878230094999935],[125.80007934600008,-8.874239921999845],[125.80026245100021,-8.870960235999974],[125.7989501950002,-8.866430282999886],[125.79989624000018,-8.862090110999873],[125.8013687130001,-8.859189986999922],[125.80048370400016,-8.857999801999938],[125.80171966600005,-8.854459762999966],[125.80410003700013,-8.85490989699997],[125.80564117400002,-8.853960036999979],[125.80747222900004,-8.854020118999927],[125.80863952600009,-8.853119849999928],[125.81432342500011,-8.851810454999963],[125.81670379600018,-8.853810309999972],[125.81803131100014,-8.853349685999945],[125.81922912600021,-8.851169585999969],[125.82290649400034,-8.853710174999947]]]}},{"type":"Feature","properties":{"id":"TL0501","name":"Fatululic","muni_id":"TL05","muni_name":"Covalima","_lon":125.15132,"_lat":-9.20497,"_bbox":[125.10345,-9.23901,125.19901,-9.1715]},"geometry":{"type":"Polygon","coordinates":[[[125.15146637000021,-9.172109603999957],[125.15458679200003,-9.173589705999973],[125.15532684300013,-9.173600196999928],[125.1558303830002,-9.172739982999929],[125.15857696500007,-9.173740386999896],[125.16163635300006,-9.173250197999948],[125.16697692900004,-9.173950194999861],[125.17149353000002,-9.172989844999961],[125.17363739000018,-9.174030303999928],[125.1741333010001,-9.175379752999902],[125.17471313500005,-9.175450324999815],[125.17465972900015,-9.174099921999925],[125.17694091800013,-9.17570018799995],[125.17893219000007,-9.175990104999869],[125.18289947500011,-9.178770064999867],[125.18370819100005,-9.18087005599989],[125.18742370600012,-9.181610106999926],[125.18913269000006,-9.184630393999896],[125.18972015400004,-9.187100409999971],[125.19473266600016,-9.190850257999898],[125.19570159900013,-9.192790030999902],[125.19846344000007,-9.194459914999982],[125.19879913300008,-9.196330069999817],[125.19706726100014,-9.199660300999938],[125.19866180400004,-9.200929641999892],[125.19901275600012,-9.20242023499992],[125.19666290300006,-9.205510138999898],[125.19670867900015,-9.20948982199991],[125.19518280000011,-9.21098041499988],[125.19400024400011,-9.213800429999878],[125.1929168700002,-9.21457004499996],[125.19158935500002,-9.218359946999954],[125.19123077400013,-9.224309920999929],[125.19277954100028,-9.225799560999974],[125.1931228640002,-9.228159903999881],[125.19062042200005,-9.233900069999947],[125.18669128400006,-9.238510131999874],[125.18544769300013,-9.239009856999928],[125.1830520630001,-9.238030433999882],[125.17781066900022,-9.233619689999898],[125.17648315400004,-9.230979918999878],[125.17366027800006,-9.228710174999947],[125.17109680200008,-9.227890014999957],[125.16883850100021,-9.224209784999971],[125.16692352300004,-9.217720031999932],[125.16264343300008,-9.213609694999946],[125.15527343700012,-9.21374988599996],[125.1492004390002,-9.215570449999973],[125.14745330800008,-9.21296977999998],[125.1363830570001,-9.213829993999923],[125.13471984900002,-9.212949752999862],[125.13298797600021,-9.210769652999943],[125.12995147700019,-9.210889815999963],[125.12867736800001,-9.211680411999907],[125.12503814700005,-9.216959952999844],[125.1210632320001,-9.220459937999976],[125.10935211200012,-9.222610473999907],[125.10402679400022,-9.21448993699994],[125.10344696000004,-9.211609839999937],[125.10574340800031,-9.204429625999921],[125.10582733200033,-9.200579642999969],[125.10684204100005,-9.197270392999883],[125.10630035400004,-9.195790290999923],[125.10791778600014,-9.192420005999963],[125.11334228500016,-9.189220427999885],[125.11686706500006,-9.186220168999967],[125.12093353300008,-9.185429572999851],[125.12332916300011,-9.183320044999903],[125.12756347700031,-9.18187046099996],[125.12954711900011,-9.179809569999975],[125.13214874300013,-9.17947006199995],[125.13307952900004,-9.178389548999917],[125.1335525510001,-9.175069808999865],[125.13716888400006,-9.175029754999912],[125.13973236100003,-9.173850059999836],[125.14086914100005,-9.17422962199987],[125.14415741000005,-9.172120093999979],[125.14636230500003,-9.17214965799991],[125.14765930200008,-9.171500205999905],[125.15146637000021,-9.172109603999957]]]}},{"type":"Feature","properties":{"id":"TL0502","name":"Fatumean","muni_id":"TL05","muni_name":"Covalima","_lon":125.0208,"_lat":-9.2464,"_bbox":[124.97682,-9.32445,125.09584,-9.16908]},"geometry":{"type":"Polygon","coordinates":[[[125.0521926880001,-9.169079780999937],[125.05593872100019,-9.169770240999867],[125.05621337900016,-9.171509742999888],[125.0601577760001,-9.172889708999946],[125.06526947000009,-9.173270225999886],[125.06552124000018,-9.17407989499992],[125.06713867200006,-9.174369811999952],[125.06800079300001,-9.175800322999976],[125.07102966300022,-9.174969672999907],[125.07398986800024,-9.175760268999966],[125.07646179200015,-9.18288993799996],[125.07894134500009,-9.185709952999957],[125.07917022700019,-9.188750266999875],[125.08215332000032,-9.19009017899998],[125.08641052200016,-9.193630218999886],[125.09036254900002,-9.19544029199983],[125.09584045400004,-9.201809882999896],[125.09417724600007,-9.20289039599993],[125.09306335400015,-9.205820083999981],[125.09130096400008,-9.207349776999877],[125.08908844000007,-9.207830428999955],[125.08223724400034,-9.215450286999896],[125.08077240000011,-9.215689658999963],[125.08055114700005,-9.216979979999962],[125.07901001000016,-9.218420028999958],[125.07807922400002,-9.22068977399988],[125.07550811800013,-9.221280097999966],[125.07511138900009,-9.223210334999976],[125.07293701200001,-9.224340438999945],[125.072677612,-9.226849555999934],[125.07176208500005,-9.227370261999909],[125.07087707500023,-9.230139731999941],[125.06909179700006,-9.230759620999947],[125.06690979000007,-9.233940124999947],[125.0655288700001,-9.234519957999964],[125.06294250500002,-9.237360000999956],[125.06118774400011,-9.2377901079999],[125.06091308600003,-9.23902988399982],[125.05857849100005,-9.240730285999916],[125.05792999300024,-9.243479728999944],[125.05831146200012,-9.244370460999903],[125.05615234400034,-9.245140075999927],[125.05599975600012,-9.24709987599988],[125.0543975830002,-9.247360228999923],[125.05428314200003,-9.249290465999934],[125.05307006800001,-9.251919745999885],[125.05429077100007,-9.257309913999904],[125.05068206800001,-9.266940116999933],[125.05101776100014,-9.270110129999978],[125.05000305200008,-9.272769927999946],[125.05197906500007,-9.27412033099995],[125.05140686000027,-9.277990340999963],[125.0518569950001,-9.282279967999955],[125.05259704600019,-9.285019874999932],[125.05384063700012,-9.286040305999961],[125.05377197300015,-9.28800010699996],[125.0561218260001,-9.289719581999918],[125.0559692380001,-9.291190146999895],[125.05754852300015,-9.295149802999958],[125.0613632200002,-9.296649932999912],[125.06244659400011,-9.300470351999934],[125.06279754600007,-9.308670043999882],[125.06147766100003,-9.312109946999954],[125.05863952600009,-9.315059661999953],[125.05767059300013,-9.317070006999927],[125.05203247100008,-9.320489882999823],[125.04889679000007,-9.324449538999886],[125.04495239300013,-9.32192039499995],[125.03752899200003,-9.318679809999878],[125.02961731000005,-9.316749572999981],[125.02583313000014,-9.312990188999947],[125.0236129760001,-9.311679839999954],[125.02266693100023,-9.310440062999874],[125.02216339100016,-9.307979583999952],[125.01883697500011,-9.303629874999956],[125.01493835400004,-9.300930022999978],[125.01049804700006,-9.299340247999965],[125.00971221900022,-9.297459601999947],[125.00627899200015,-9.293999671999927],[125.00116729700005,-9.293470382999942],[124.99925231900022,-9.294380187999877],[124.9963989260001,-9.29358005499995],[124.99433136000005,-9.289520263999975],[124.99537658700001,-9.288969993999899],[124.99568939200003,-9.28547954599992],[124.99803924600008,-9.281040191999978],[124.99788665800008,-9.278340339999943],[124.99452972400002,-9.273249625999938],[124.98941040000011,-9.267959594999923],[124.98854064900013,-9.265449523999962],[124.98887634300002,-9.263890265999919],[124.98738098100011,-9.260789870999929],[124.98813629200004,-9.256890296999927],[124.98782348600002,-9.254340171999957],[124.98667144800015,-9.254269599999816],[124.98628997800017,-9.25251007099996],[124.9848327640002,-9.251660346999927],[124.98439025900007,-9.249850272999822],[124.98577880900007,-9.245690345999947],[124.98452758800022,-9.24534988399995],[124.98322296100002,-9.243849753999825],[124.98339080800008,-9.243029593999893],[124.98142242400013,-9.241970061999893],[124.98300170900018,-9.240940093999939],[124.98235321000004,-9.240389823999976],[124.98306274400011,-9.239480018999927],[124.98219299300001,-9.238889693999965],[124.98256683300008,-9.235639571999968],[124.98097991900022,-9.235349654999936],[124.9781494140002,-9.232950210999945],[124.97770690900006,-9.2310304639999],[124.97682189900002,-9.230569838999884],[124.97734832800018,-9.229840278999916],[124.97869873000002,-9.229990004999877],[124.98040771500007,-9.229080199999942],[124.9808731080002,-9.227259635999928],[124.9817504880001,-9.226619719999974],[124.9806671140002,-9.224550246999911],[124.98153686500007,-9.220720290999907],[124.98081970200019,-9.218059539999956],[124.98164367700008,-9.214099883999893],[124.98148345900029,-9.210300445999962],[124.98284149200015,-9.20588016499994],[124.9833679200002,-9.200260161999836],[124.98600769000006,-9.195520400999953],[124.98840332000009,-9.193579673999977],[124.98876953100012,-9.191229819999876],[124.98809051500007,-9.185689925999895],[124.99040222200006,-9.178680419999978],[124.99327850300028,-9.176420211999925],[124.99433136000005,-9.172410010999954],[124.99954223600014,-9.17418956799986],[125.00301361100003,-9.172389983999892],[125.0055236820001,-9.174590110999873],[125.00895690900006,-9.174799918999895],[125.01171112100008,-9.173899650999942],[125.0137710570001,-9.169719695999959],[125.02031707800006,-9.170140265999919],[125.0243835450002,-9.171589850999965],[125.02604675300029,-9.171500205999905],[125.02677154500009,-9.170200347999923],[125.02832031200023,-9.169540404999964],[125.03305053700001,-9.170240401999934],[125.03344726600005,-9.172410010999954],[125.0349731450001,-9.172499656999946],[125.0356903080002,-9.174449920999905],[125.03981018100012,-9.173399924999899],[125.04193115200019,-9.174309730999937],[125.04360961900022,-9.172389983999892],[125.04824829100016,-9.171569823999903],[125.04946136500018,-9.170009612999934],[125.0510787960003,-9.170060157999956],[125.0521926880001,-9.169079780999937]]]}},{"type":"Feature","properties":{"id":"TL0503","name":"Fohorem","muni_id":"TL05","muni_name":"Covalima","_lon":125.12277,"_lat":-9.25641,"_bbox":[125.04994,-9.31617,125.19331,-9.19556]},"geometry":{"type":"Polygon","coordinates":[[[125.10559845000023,-9.196249961999854],[125.10630035400004,-9.195790290999923],[125.10677337600009,-9.197959899999944],[125.10344696000004,-9.213250159999916],[125.10935211200012,-9.222610473999907],[125.1210632320001,-9.220459937999976],[125.12503814700005,-9.216959952999844],[125.12867736800001,-9.211680411999907],[125.12995147700019,-9.210889815999963],[125.13298797600021,-9.210769652999943],[125.13471984900002,-9.212949752999862],[125.1363830570001,-9.213829993999923],[125.14745330800008,-9.21296977999998],[125.1492004390002,-9.215570449999973],[125.15527343700012,-9.21374988599996],[125.16264343300008,-9.213609694999946],[125.16692352300004,-9.217720031999932],[125.16883850100021,-9.224209784999971],[125.17064666700003,-9.227399825999953],[125.17366027800006,-9.228710174999947],[125.17648315400004,-9.230979918999878],[125.17781066900022,-9.233619689999898],[125.1830520630001,-9.238030433999882],[125.18216705300006,-9.239009856999928],[125.1823577880001,-9.242759704999969],[125.18109130900007,-9.246760367999968],[125.18209075900018,-9.250080108999896],[125.18300628700001,-9.251090049999902],[125.18509674100005,-9.251480102999949],[125.19068908700001,-9.255510329999879],[125.19331359900002,-9.258620261999965],[125.19245910600011,-9.260990142999958],[125.18969726600005,-9.262960433999979],[125.18604278600003,-9.267370223999933],[125.18054199200003,-9.27600955999992],[125.17385101300033,-9.279140471999881],[125.17360687300004,-9.281929969999965],[125.17465210000012,-9.285909652999976],[125.17269134500009,-9.29152965499992],[125.17057037400002,-9.293780326999979],[125.16441345200008,-9.296979903999954],[125.16005706800024,-9.301329612999893],[125.15306091300022,-9.31616973899986],[125.14621734600018,-9.314740180999877],[125.1402587890002,-9.312109946999954],[125.13176727300015,-9.310549735999928],[125.13076019300013,-9.30862045299989],[125.13052368200022,-9.305809974999875],[125.12956237800006,-9.304619788999958],[125.12433624300013,-9.304909705999876],[125.11862945600001,-9.306619643999966],[125.11612701400009,-9.308690070999944],[125.11430358900009,-9.307709693999925],[125.11329650900007,-9.307849883999893],[125.11235046400009,-9.309909820999962],[125.11139679000019,-9.310270308999975],[125.1076965330002,-9.31000995599993],[125.10443115200007,-9.308730124999897],[125.09809112500034,-9.309499740999968],[125.0889663700001,-9.304050445999962],[125.08442688000014,-9.298689841999874],[125.08252716100026,-9.298620223999876],[125.07993316700004,-9.297320365999894],[125.0765533450002,-9.29749965699989],[125.07524871800013,-9.296739577999972],[125.07331848100023,-9.297610282999926],[125.06926727300004,-9.295530318999852],[125.06704711900022,-9.295209884999963],[125.06385040300006,-9.29706001299985],[125.05873870800008,-9.295849799999814],[125.05731201200001,-9.294770240999924],[125.0559692380001,-9.291190146999895],[125.0561218260001,-9.289719581999918],[125.05377197300015,-9.28800010699996],[125.05384063700012,-9.286040305999961],[125.05259704600019,-9.285019874999932],[125.0518569950001,-9.282279967999955],[125.05140686000027,-9.277990340999963],[125.05197906500007,-9.27412033099995],[125.0502395630001,-9.27318000799994],[125.04994201700015,-9.272299766999936],[125.05101776100014,-9.270110129999978],[125.05084228500004,-9.266380309999818],[125.05429077100007,-9.257309913999904],[125.05307006800001,-9.251919745999885],[125.05428314200003,-9.249290465999934],[125.0543975830002,-9.247360228999923],[125.05599975600012,-9.24709987599988],[125.05615234400034,-9.245140075999927],[125.05831146200012,-9.244370460999903],[125.05792999300024,-9.243479728999944],[125.05857849100005,-9.240730285999916],[125.06091308600003,-9.23902988399982],[125.06118774400011,-9.2377901079999],[125.06294250500002,-9.237360000999956],[125.0655288700001,-9.234519957999964],[125.06690979000007,-9.233940124999947],[125.06909179700006,-9.230759620999947],[125.07087707500023,-9.230139731999941],[125.07176208500005,-9.227370261999909],[125.072677612,-9.226849555999934],[125.07293701200001,-9.224340438999945],[125.07511138900009,-9.223210334999976],[125.07595062300004,-9.220950126999924],[125.07807922400002,-9.22068977399988],[125.07901001000016,-9.218420028999958],[125.08055114700005,-9.216979979999962],[125.08077240000011,-9.215689658999963],[125.08223724400034,-9.215450286999896],[125.08908844000007,-9.207830428999955],[125.09130096400008,-9.207349776999877],[125.09306335400015,-9.205820083999981],[125.09417724600007,-9.20289039599993],[125.09584045400004,-9.201809882999896],[125.09853363000013,-9.20475006099997],[125.09958648700012,-9.204870223999876],[125.10093689000018,-9.199259757999926],[125.10275268600014,-9.195560454999907],[125.10559845000023,-9.196249961999854]]]}},{"type":"Feature","properties":{"id":"TL0705","name":"Hatolia","muni_id":"TL07","muni_name":"Ermera","_lon":125.32512,"_lat":-8.80074,"_bbox":[125.1907,-8.9082,125.38856,-8.69209]},"geometry":{"type":"Polygon","coordinates":[[[125.31968689000018,-8.69653034199996],[125.31889343300031,-8.698109626999894],[125.32216644300001,-8.699709891999873],[125.3248291020002,-8.697319983999932],[125.33074951200012,-8.696100234999903],[125.33267211900011,-8.696430205999945],[125.3350830080002,-8.697850226999947],[125.33518219000007,-8.69536018399998],[125.33699798600003,-8.695070266999949],[125.33881378200033,-8.696539878999943],[125.33772277800017,-8.697799682999914],[125.33738708500016,-8.699410438999962],[125.3396072390002,-8.700389861999895],[125.34127044700017,-8.699660300999938],[125.34200286900011,-8.69766044599993],[125.34391021700003,-8.697380065999937],[125.3455963130001,-8.699230193999881],[125.34549713100012,-8.701789855999948],[125.34793853800022,-8.70285034199992],[125.34863281200012,-8.704350470999884],[125.35083007800017,-8.704279899999904],[125.35336303700001,-8.703289985999959],[125.35405731200001,-8.705100059999893],[125.35781860400004,-8.70440006299998],[125.35749816900011,-8.706410407999954],[125.35836029100017,-8.707200049999926],[125.35822296100002,-8.708959578999952],[125.36342620800019,-8.711460113999976],[125.36773681600016,-8.717379569999935],[125.36773681600016,-8.718270301999894],[125.3690338130001,-8.719030379999936],[125.3710632320001,-8.726440429999911],[125.36920166000004,-8.730139731999941],[125.37184906000005,-8.731539725999937],[125.37393188500016,-8.734029769999836],[125.37506103500016,-8.736519813999962],[125.37924194300001,-8.739469527999972],[125.38223266600016,-8.743610381999929],[125.3812408450001,-8.753990172999977],[125.38227844200003,-8.757579802999885],[125.38200378400006,-8.759840011999927],[125.38134765600012,-8.761219977999872],[125.3804168700002,-8.761599540999953],[125.37989807100018,-8.764510154999812],[125.37889862100008,-8.765060424999945],[125.37848663300008,-8.768879889999937],[125.37954711900011,-8.771989821999966],[125.3813171390002,-8.774319648999835],[125.3816528320001,-8.778479575999938],[125.38316345200008,-8.778759955999874],[125.38352203400007,-8.78001022299992],[125.3841934200002,-8.779769896999937],[125.38516235400004,-8.78120994599982],[125.38346099900014,-8.783309936999842],[125.38147735600023,-8.7916803359999],[125.38272857700008,-8.796099662999893],[125.38450622600033,-8.797730445999889],[125.38665008500016,-8.807169913999871],[125.38613891600005,-8.810299872999963],[125.38736724900002,-8.81509017899998],[125.38712310800031,-8.817379950999907],[125.38796234100005,-8.817729949999887],[125.3881530760001,-8.818960189999927],[125.38748931900011,-8.821470260999945],[125.38596344000007,-8.822509765999882],[125.38487243700001,-8.824290275999942],[125.3843765260001,-8.826849936999906],[125.38493347200017,-8.830829619999918],[125.38240814200014,-8.835439681999901],[125.38374328600025,-8.83703994799987],[125.38120269800004,-8.842510222999977],[125.38510894800015,-8.846110343999953],[125.38855743400018,-8.85081005099994],[125.38626098600002,-8.855819701999962],[125.38543701200024,-8.859640120999927],[125.3868713380001,-8.865550040999892],[125.38625335700021,-8.8661298749999],[125.38408660900018,-8.866109847999951],[125.38247680700022,-8.867309569999918],[125.3794937130001,-8.867320060999873],[125.3774871830002,-8.868760108999936],[125.37550354000007,-8.867489814999885],[125.37394714400011,-8.867560386999969],[125.3726272580003,-8.869770049999943],[125.36868286100002,-8.86940956099994],[125.36673736600005,-8.868049621999944],[125.36509704600007,-8.86785983999988],[125.36269378700024,-8.870140075999814],[125.36499023400006,-8.874950408999894],[125.36332702600032,-8.876830100999939],[125.35899353000002,-8.877030372999968],[125.35846710200008,-8.877849578999815],[125.35887908900008,-8.881569861999878],[125.3570098880001,-8.888699531999862],[125.3520965580002,-8.890979766999976],[125.3507308960003,-8.892700194999918],[125.34800720200019,-8.89430046099983],[125.34597778300008,-8.896400451999966],[125.34458160400004,-8.899209975999952],[125.34255981400031,-8.900170325999852],[125.34007263200021,-8.903699874999916],[125.33625793500016,-8.905039786999964],[125.33345794700017,-8.908200263999959],[125.33109283400006,-8.907139777999873],[125.32463836700015,-8.906729697999879],[125.31941223100011,-8.905610084999978],[125.3169174190001,-8.903779983999925],[125.31654357900004,-8.901880263999942],[125.31300354000018,-8.897669791999874],[125.3095169070001,-8.897990226999923],[125.30507659900002,-8.897210120999944],[125.30239868200022,-8.89461040499998],[125.30005645800009,-8.893899917999818],[125.29752349900002,-8.891719817999899],[125.2951965330002,-8.88712978399991],[125.2940673830002,-8.886139869999965],[125.29337310800008,-8.883460044999936],[125.2932205200002,-8.877539634999835],[125.29463195800008,-8.873590468999907],[125.29485321000016,-8.86921977999998],[125.29385376000005,-8.865269660999957],[125.29113006600005,-8.859749793999981],[125.28459930400027,-8.85266017899994],[125.28196716300022,-8.84792995499987],[125.28156280500014,-8.844149589999972],[125.28246307400013,-8.837659835999943],[125.28166961700003,-8.83071994799991],[125.28031158400006,-8.825280189999944],[125.27868652300003,-8.821869849999871],[125.27055358900009,-8.811479567999925],[125.26767730700021,-8.802969932999929],[125.26242828400007,-8.798509597999896],[125.26183319100016,-8.796560286999977],[125.25849151600016,-8.791760444999966],[125.25356292700008,-8.7860202789999],[125.24237060500025,-8.776800155999979],[125.23824310300017,-8.77511024499995],[125.23232269300001,-8.77116012599987],[125.2209777830002,-8.765870093999979],[125.21714782700019,-8.765080451999836],[125.20926666300022,-8.765040397999883],[125.20060730000023,-8.766670226999906],[125.1993713380001,-8.766099929999882],[125.19592285200008,-8.763139724999917],[125.19434356700003,-8.759010314999955],[125.19069671600016,-8.753990172999977],[125.19783783000003,-8.745639800999982],[125.20665741000005,-8.741000174999954],[125.20829010000011,-8.739450454999883],[125.21446228000013,-8.738269805999892],[125.21750640900018,-8.735850333999906],[125.2203369140002,-8.735899924999956],[125.22370147700008,-8.736880301999975],[125.22683715800008,-8.734430312999848],[125.23076629600018,-8.73285007499993],[125.23449707000009,-8.732990264999955],[125.24018096900011,-8.73472976699992],[125.24945068400018,-8.73402023299991],[125.25673675500002,-8.72883987399996],[125.26394653300008,-8.72546005199996],[125.26962280300006,-8.724800109999933],[125.27481079100016,-8.722960471999954],[125.28518676800002,-8.716739654999913],[125.28864288300008,-8.713680266999916],[125.29026794400033,-8.709589957999981],[125.29187011700014,-8.707900046999953],[125.29797363300008,-8.70627021799993],[125.30037689200026,-8.704569816999822],[125.30402374300013,-8.705920218999893],[125.30703735400016,-8.70602035499985],[125.30766296400009,-8.704959868999936],[125.30751037600021,-8.702170371999955],[125.31082916300011,-8.701299666999944],[125.31069183300008,-8.69707965899994],[125.31154632600021,-8.695329665999907],[125.3130569460003,-8.695010184999944],[125.31484985400016,-8.69664955099995],[125.31616210900006,-8.69633006999993],[125.31651306200013,-8.694919585999912],[125.3159866330002,-8.692119597999977],[125.31688690200008,-8.692090033999932],[125.3183822630001,-8.693699836999883],[125.32180023200021,-8.694919585999912],[125.32171630900007,-8.695739745999902],[125.31968689000018,-8.69653034199996]]]}},{"type":"Feature","properties":{"id":"TL0102","name":"Hatu-Builico","muni_id":"TL01","muni_name":"Ainaro","_lon":125.55787,"_lat":-8.94439,"_bbox":[125.48251,-9.01552,125.61119,-8.87193]},"geometry":{"type":"Polygon","coordinates":[[[125.52274322500023,-8.871930121999867],[125.53275299100017,-8.87211990399993],[125.53798675500013,-8.873259543999893],[125.54205322300015,-8.87530040699994],[125.5510864260001,-8.878060340999923],[125.55758667000009,-8.87763023399998],[125.5623092650003,-8.880339621999951],[125.56372833300009,-8.881950377999829],[125.56462097200017,-8.881580352999947],[125.56549072300027,-8.879940032999912],[125.56667327900004,-8.87957000699987],[125.56758117700008,-8.879819869999949],[125.56918335000023,-8.88197040599988],[125.57157135000023,-8.88259029399984],[125.57598877000021,-8.881409644999962],[125.5819473270002,-8.886710166999933],[125.5841369630001,-8.887089728999968],[125.58467865000011,-8.888990401999934],[125.5868835450002,-8.890330314999972],[125.5877075200001,-8.894080161999966],[125.58952331500006,-8.895170211999925],[125.58968353300008,-8.897700309999948],[125.59073638900009,-8.898819922999849],[125.59645843500016,-8.89920043899997],[125.59908294700006,-8.897740363999958],[125.6005020140002,-8.898309707999886],[125.60249328600003,-8.900529860999939],[125.6038970950001,-8.900819777999914],[125.60508728000013,-8.90466022499993],[125.60472869900002,-8.906599997999933],[125.60563659700017,-8.91063976299995],[125.60498809800004,-8.913049697999952],[125.60311126700014,-8.913840293999897],[125.59787750200007,-8.920470237999837],[125.59905242900004,-8.921799659999976],[125.60150146500018,-8.92168044999994],[125.60413360600012,-8.923179625999921],[125.60629272500012,-8.926819800999908],[125.60549926800013,-8.934619903999874],[125.60665893600014,-8.936329841999964],[125.61119079600007,-8.938739776999967],[125.60807800300006,-8.939350127999944],[125.60727691700004,-8.940690040999925],[125.60640716600005,-8.943719863999888],[125.60807037400002,-8.946539878999886],[125.6025085450002,-8.951040267999929],[125.59982299800015,-8.952670096999952],[125.59745788600003,-8.953149795999877],[125.59661865200019,-8.95497989699993],[125.59680938700023,-8.956859588999976],[125.59381866500007,-8.96164035799984],[125.59438324000018,-8.96747016899991],[125.59304046600005,-8.969030379999936],[125.5921783450001,-8.97157001499994],[125.5944137570001,-8.97581005099994],[125.59439849900025,-8.980580329999839],[125.59217071500018,-8.984290122999937],[125.5926437380001,-8.988229751999938],[125.59213256800012,-8.990579604999937],[125.5910491940001,-8.991459845999941],[125.59031677200016,-8.99386024499995],[125.59126281700014,-8.995599746999972],[125.58979797400002,-8.99956035599996],[125.58941650400004,-9.005330085999958],[125.5877075200001,-9.00872039799998],[125.58602905300017,-9.01004028299991],[125.58358764600007,-9.010789870999872],[125.57865142800006,-9.0100002289999],[125.57688140900007,-9.010869979999939],[125.57360076900022,-9.01430034599997],[125.57099151600005,-9.01220989199993],[125.568771362,-9.01286029799985],[125.5671463010001,-9.01445007299992],[125.56590271000016,-9.013979911999854],[125.56455993700001,-9.015520095999932],[125.56275939900002,-9.014289855999891],[125.5620803830002,-9.014780044999952],[125.5598983760002,-9.013999938999973],[125.55985260000011,-9.012450217999913],[125.55811309800015,-9.008919715999923],[125.55840301500007,-9.00829029099998],[125.55924987800006,-9.008469581999918],[125.5593338010001,-9.006219863999945],[125.55864715600012,-9.005749701999946],[125.55684661900023,-9.00736045799988],[125.55605316200001,-9.004960059999974],[125.55438995400004,-9.00335979499988],[125.55461120600012,-9.002639770999906],[125.55370330800008,-9.002610206999975],[125.55145263700001,-8.999429702999976],[125.55204772900004,-8.997389792999968],[125.55330658000014,-8.996339797999951],[125.55354309100005,-8.994739531999869],[125.55193328900009,-8.989830016999974],[125.5501098630001,-8.989100455999846],[125.54933166500018,-8.988069533999976],[125.55019378700013,-8.986599921999812],[125.5501327510002,-8.985260009999877],[125.54550170900018,-8.984239577999915],[125.54470825200019,-8.982799529999966],[125.54176330600001,-8.980919837999863],[125.53822326700015,-8.98116016399996],[125.53677368200022,-8.979869842999847],[125.5330963130001,-8.97898960099991],[125.53115844700005,-8.975620269999865],[125.53431701700003,-8.97029972099989],[125.53456878700013,-8.968649863999929],[125.5339965820001,-8.967109679999908],[125.53148651100014,-8.966710090999982],[125.52919769300013,-8.965350150999939],[125.52715301500007,-8.96253967299998],[125.52372741700015,-8.962309836999964],[125.52253723100011,-8.96107959699998],[125.52181243900031,-8.95808982799997],[125.51925659200015,-8.956199645999959],[125.51734924300001,-8.953100203999952],[125.51563262900004,-8.948519706999946],[125.5114593510001,-8.945509910999931],[125.50962829600019,-8.945050239999944],[125.50801849400023,-8.943490027999871],[125.50598907500012,-8.943079947999877],[125.50447082500023,-8.94167995499987],[125.50157165500002,-8.940810203999945],[125.50038909900002,-8.935750007999957],[125.49817657500012,-8.93587017099992],[125.49581146200023,-8.933719634999818],[125.49411773700001,-8.933349608999947],[125.49205780000034,-8.931819915999938],[125.49137115500014,-8.928119658999947],[125.48970794700017,-8.925930022999921],[125.4893798830002,-8.924489974999972],[125.48251342800006,-8.92156982399996],[125.4862670900003,-8.919329642999969],[125.48667907700019,-8.917690276999963],[125.49192047100007,-8.916769980999902],[125.49211883500016,-8.913729667999974],[125.49427795400004,-8.912010192999901],[125.49447631800012,-8.90752983099992],[125.49317932100018,-8.90497970599995],[125.49382019000018,-8.901140212999962],[125.49253845200019,-8.899259566999888],[125.49244689900013,-8.896980285999973],[125.49565887500012,-8.894659995999916],[125.500053406,-8.89325046499988],[125.49944305400015,-8.89235973399991],[125.50060272200005,-8.892459868999936],[125.50090026900023,-8.890919684999972],[125.5033874510001,-8.890130042999829],[125.50277710000012,-8.889280318999965],[125.50330352800006,-8.888440131999971],[125.50296020500014,-8.88702011099997],[125.50356292700008,-8.885230063999927],[125.50509643600003,-8.884819983999932],[125.5036468510001,-8.884409903999938],[125.5046234130001,-8.883090018999951],[125.51077270500014,-8.881199836999883],[125.51157379200004,-8.879940032999912],[125.5147476200001,-8.879289626999935],[125.51648712200017,-8.87720012699998],[125.51815795900006,-8.876620292999974],[125.51854705800008,-8.87541961699992],[125.52162170400004,-8.874710082999911],[125.52274322500023,-8.871930121999867]]]}},{"type":"Feature","properties":{"id":"TL0104","name":"Hatu-Udo","muni_id":"TL01","muni_name":"Ainaro","_lon":125.62109,"_lat":-9.1168,"_bbox":[125.5255,-9.22218,125.7007,-9.01]},"geometry":{"type":"Polygon","coordinates":[[[125.58273315400004,-9.010660171999973],[125.58602905300017,-9.01004028299991],[125.58705139200015,-9.010450362999848],[125.58751678500005,-9.0120496749999],[125.59326934800004,-9.015760421999914],[125.59322357200028,-9.01677989999996],[125.59227752700008,-9.01747035999989],[125.59320068400018,-9.018280028999925],[125.59227752700008,-9.0190000529999],[125.59307098400006,-9.022410392999973],[125.59232330300017,-9.02392005899992],[125.59346771200023,-9.027400016999934],[125.59452819800003,-9.028109549999897],[125.59470367400002,-9.029450416999907],[125.59599304200015,-9.030190467999944],[125.59622192400002,-9.03717040999993],[125.59535980200008,-9.038069724999957],[125.59633636500018,-9.039649962999874],[125.59580993700001,-9.039950370999975],[125.59581756600016,-9.041560172999937],[125.59670257600021,-9.042579650999926],[125.60121154800004,-9.04446983299988],[125.60505676300033,-9.047120093999979],[125.60875701900011,-9.051070212999946],[125.61192321800013,-9.050209998999946],[125.61605835000012,-9.051520347999826],[125.6218566890002,-9.05459022499997],[125.6278228760001,-9.056200026999932],[125.62893676800024,-9.057990073999918],[125.62928009000007,-9.060830115999977],[125.62814331100003,-9.064940452999963],[125.62893676800024,-9.065660476999938],[125.63188934300001,-9.064080237999974],[125.6332168580002,-9.064270019999924],[125.63410949700005,-9.065119742999968],[125.63349151600016,-9.067170142999885],[125.63436126700014,-9.068499564999968],[125.63723754900002,-9.068610190999948],[125.64125824000007,-9.067119597999977],[125.64349365200019,-9.067210196999952],[125.6456832890002,-9.069840430999932],[125.6523666380001,-9.075200080999934],[125.65379333500016,-9.075149535999856],[125.6568374630001,-9.073719977999872],[125.66134643600003,-9.074259757999926],[125.66634368900009,-9.071660041999962],[125.6700668330003,-9.072790145999932],[125.67323303200021,-9.075969695999959],[125.67386627200017,-9.079230308999968],[125.67839813200032,-9.079910277999943],[125.68386077900016,-9.083559989999912],[125.68489837600009,-9.084839820999946],[125.68559265100009,-9.089429854999935],[125.68665313700012,-9.091320037999935],[125.6902999880001,-9.092650413999877],[125.69117736800001,-9.093709945999876],[125.69200134300013,-9.098279952999917],[125.69148254400011,-9.101869582999825],[125.69184875500025,-9.107130050999956],[125.68929290800008,-9.116049766999879],[125.68781280500014,-9.117549895999957],[125.68554687500023,-9.118579864999901],[125.68087768600014,-9.119130134999978],[125.67608642600021,-9.118829726999877],[125.67239379900013,-9.120679854999935],[125.66993713400018,-9.123970031999932],[125.67069244400011,-9.129360198999962],[125.66722869900013,-9.135100364999971],[125.66954803500005,-9.14910983999988],[125.67408752400002,-9.160460471999954],[125.6753692630001,-9.165800094999895],[125.67529296900022,-9.169960021999941],[125.67756652800006,-9.172619819999909],[125.69152069100016,-9.179100036999898],[125.69695282000009,-9.185810088999972],[125.70069885300018,-9.194219588999886],[125.69843292200017,-9.195590018999951],[125.69127655000011,-9.196800231999816],[125.68569183300008,-9.200010299999917],[125.68267059300024,-9.200949668999954],[125.67253112800006,-9.201709746999938],[125.66445159900002,-9.201160430999892],[125.65692901600016,-9.200340270999959],[125.64026641800012,-9.193690299999957],[125.6296463010001,-9.18873977699991],[125.6242980960003,-9.187069892999943],[125.61264038100023,-9.185489654999913],[125.60169982900004,-9.186200141999905],[125.5924072270002,-9.188509940999893],[125.58120727500022,-9.193650245999947],[125.56968689000007,-9.201459884999963],[125.55906677200016,-9.209770202999948],[125.54904937700007,-9.216279983999868],[125.54461669900013,-9.220330237999974],[125.54418945300017,-9.219519614999967],[125.54228973400006,-9.218990325999869],[125.53730773900008,-9.21928977999994],[125.52744293200033,-9.22216033899997],[125.52549743700001,-9.222180366999964],[125.52919006300021,-9.218910216999916],[125.52989959700017,-9.21751975999996],[125.52863311800002,-9.216030120999903],[125.5294723510001,-9.213890075999927],[125.52745819100005,-9.212989806999872],[125.52728271500018,-9.212050437999949],[125.52809906000005,-9.209690093999882],[125.52728271500018,-9.20730018599994],[125.52958679200026,-9.204339980999976],[125.52835845900017,-9.196900367999945],[125.52825164800015,-9.19184970899994],[125.53202056900011,-9.18595027899994],[125.53295898400006,-9.180509566999888],[125.53582763700001,-9.175550460999943],[125.53787994400022,-9.16767978699994],[125.54023742700019,-9.161769866999975],[125.54409027100007,-9.145520209999972],[125.5489807130001,-9.135760306999885],[125.54978179900013,-9.133000373999948],[125.55016326900022,-9.125590323999972],[125.55213165300006,-9.12353038799995],[125.55187225300006,-9.120579719999967],[125.55420684800004,-9.115570067999897],[125.55404663100023,-9.113309859999958],[125.55680847200017,-9.102939605999893],[125.55789947500011,-9.101490020999961],[125.56391906700026,-9.098230361999981],[125.5634231570001,-9.085390090999908],[125.5689697270002,-9.080719947999967],[125.56944274900002,-9.079440116999933],[125.56889343300008,-9.077630042999942],[125.56640625000011,-9.07664966599998],[125.56468963600003,-9.07168006899991],[125.56449127200005,-9.069169997999893],[125.56076049800015,-9.063449859999935],[125.56088256800012,-9.060759543999893],[125.5616226200001,-9.059180259999891],[125.56111145000023,-9.055230140999981],[125.55819702100007,-9.05237007099987],[125.5560989380001,-9.045800208999935],[125.55446624800004,-9.044599532999882],[125.5538101200001,-9.043250083999965],[125.55372619600007,-9.036569594999946],[125.55590057400002,-9.033430098999872],[125.55637359600007,-9.031620025999928],[125.55522918700001,-9.029809951999937],[125.55322265600012,-9.028980254999908],[125.55319976800001,-9.028079986999956],[125.5550689700001,-9.024889945999973],[125.55525970500003,-9.021909713999946],[125.55771637000032,-9.016440391999936],[125.56153869600007,-9.01597976699992],[125.56275939900002,-9.014289855999891],[125.56400299100028,-9.015460013999927],[125.56522369400011,-9.015350341999977],[125.56535339400023,-9.014289855999891],[125.5671463010001,-9.01445007299992],[125.57026672400013,-9.012200355999937],[125.57360076900022,-9.01430034599997],[125.57688140900007,-9.010869979999939],[125.57865142800006,-9.0100002289999],[125.58273315400004,-9.010660171999973]]]}},{"type":"Feature","properties":{"id":"TL0903","name":"Iliomar","muni_id":"TL09","muni_name":"Laut\u00e9m","_lon":126.84446,"_lat":-8.66637,"_bbox":[126.72691,-8.76013,126.95352,-8.57127]},"geometry":{"type":"MultiPolygon","coordinates":[[[[126.8720397950002,-8.57149028799995],[126.87487793000025,-8.578129767999883],[126.87603759800015,-8.57966995199996],[126.87596130400004,-8.581339835999927],[126.8770523070001,-8.582360267999888],[126.87641906700014,-8.58366012599987],[126.87682342500023,-8.585729598999876],[126.87432098400018,-8.587389945999917],[126.87431335400004,-8.589460372999895],[126.87339782700008,-8.590820312999881],[126.87519073500016,-8.59220027899994],[126.87493133500016,-8.594160079999938],[126.87573242200006,-8.598270415999934],[126.87809753400006,-8.601240157999882],[126.88410186800002,-8.602999686999908],[126.89009857200017,-8.600709914999982],[126.89176178000014,-8.60081005099994],[126.89465332000009,-8.602100371999938],[126.89906311000027,-8.605400084999928],[126.90399169900013,-8.605959891999873],[126.90473175000034,-8.604660033999949],[126.9070129390002,-8.6032800669999],[126.91129303000002,-8.603079795999975],[126.91208648700001,-8.602789878999943],[126.91227722200006,-8.60130977599988],[126.91417694100016,-8.600259780999977],[126.9166030880001,-8.60033988999993],[126.91815185500002,-8.601519584999835],[126.91658020000011,-8.604180335999956],[126.91670990000023,-8.605090140999948],[126.91864013700001,-8.606349944999977],[126.92186737100019,-8.607230185999981],[126.92331695600012,-8.610010146999969],[126.92587280300029,-8.608779906999871],[126.92671203600003,-8.609109878999902],[126.92680358900009,-8.610130309999874],[126.92372894300001,-8.614159583999935],[126.9261627200002,-8.61557006799984],[126.93036651600005,-8.620059966999975],[126.93079376200001,-8.621290206999902],[126.93016815200019,-8.622810363999918],[126.93122100800008,-8.624819755999908],[126.93415832500034,-8.6265897749999],[126.93389129600018,-8.628470420999975],[126.93470764200003,-8.629839896999954],[126.93250274700017,-8.632189750999942],[126.9286499020003,-8.633020400999953],[126.92720031700003,-8.635169982999969],[126.92769622800006,-8.63685989399994],[126.92968750000023,-8.638079642999969],[126.93209838900009,-8.64183044399988],[126.93269348100011,-8.6465196609999],[126.93197631800001,-8.648719787999937],[126.92880249000018,-8.652680396999926],[126.92902374300002,-8.653539657999943],[126.93244934100017,-8.655110358999877],[126.93591308600014,-8.658140181999954],[126.93567657500023,-8.66232967399992],[126.94078064000018,-8.665320395999913],[126.9421463010001,-8.671030044999952],[126.94686126700014,-8.673620223999933],[126.94769287100007,-8.67675018299991],[126.95018005400004,-8.678199767999956],[126.95352172900004,-8.68558978999988],[126.94875335700021,-8.687709807999966],[126.94654846200012,-8.687179564999951],[126.94468689000007,-8.687680243999921],[126.93475341800013,-8.692740439999909],[126.92414856000005,-8.701470374999872],[126.92075347900004,-8.704890250999938],[126.91969299300001,-8.707119941999963],[126.91677856400008,-8.709560393999936],[126.91275024400011,-8.711130141999945],[126.906303406,-8.710749625999881],[126.90119934100005,-8.713319777999914],[126.89697265600012,-8.716340064999883],[126.89169311500007,-8.718339919999892],[126.88913726800001,-8.721460341999887],[126.8842697140002,-8.723990439999966],[126.87600708000002,-8.733090400999913],[126.87299346900022,-8.73441982299994],[126.86936950700021,-8.738630294999894],[126.86785125700021,-8.741490363999844],[126.84899139400011,-8.752329825999823],[126.83718872100019,-8.753939628999944],[126.83415985100021,-8.755849837999904],[126.83158874500009,-8.755370139999911],[126.82787323000002,-8.756090163999886],[126.8260116580002,-8.757639884999946],[126.82393646200012,-8.75802040099984],[126.82192993200022,-8.759739875999912],[126.82000732400024,-8.760129928999959],[126.81664276100014,-8.75984954799992],[126.81392669700028,-8.758819579999965],[126.81091308600026,-8.75592994699997],[126.80590820300017,-8.755629538999813],[126.80291748000002,-8.754199981999932],[126.79892730700021,-8.754509925999969],[126.79445648200021,-8.755760192999958],[126.79138946500007,-8.7549695969999],[126.78685760500002,-8.752659797999854],[126.78357696500007,-8.753080367999928],[126.78108215300006,-8.75197982799989],[126.77837371800001,-8.74845981599998],[126.77597045900006,-8.74724006699995],[126.77046203600003,-8.746879577999948],[126.76679992700008,-8.747730254999908],[126.7639236450002,-8.746919631999901],[126.7529220580002,-8.749730109999916],[126.74239349400034,-8.755249976999949],[126.73928833000014,-8.758049964999884],[126.73610687300004,-8.755160331999889],[126.73320007300003,-8.755319594999946],[126.73412323000014,-8.749670028999901],[126.7359390260001,-8.748390197999981],[126.73615264900013,-8.747130393999953],[126.7339096070001,-8.745109557999967],[126.73387908900008,-8.742489814999942],[126.73428344700017,-8.74123001099997],[126.73742675800008,-8.738639831999876],[126.73699951200012,-8.734439849999944],[126.73751831100014,-8.731869697999969],[126.73632812500023,-8.730190276999963],[126.73296356200012,-8.731089591999933],[126.73108673100012,-8.729969977999929],[126.73330688500005,-8.72655010199992],[126.73338317900027,-8.725000380999973],[126.73451232900004,-8.72288989999987],[126.73378753700001,-8.720910071999924],[126.72975921600005,-8.717760085999885],[126.72796630900007,-8.714900016999934],[126.72998046900011,-8.711620330999892],[126.72814941400009,-8.707200049999926],[126.72940826400009,-8.702560424999831],[126.72691345200008,-8.700619697999912],[126.72849273700012,-8.699440001999903],[126.7292327880001,-8.69773960099991],[126.72834014900013,-8.693719863999945],[126.72914123500016,-8.688949584999875],[126.73107147200005,-8.688730239999927],[126.73314666700003,-8.687190055999963],[126.73555755600012,-8.688130378999972],[126.7364273070001,-8.68560028099995],[126.73815155000023,-8.683360099999959],[126.74082946800024,-8.681779860999939],[126.74049377400002,-8.679349898999874],[126.74481964100005,-8.67521953599993],[126.74585723900032,-8.669239997999966],[126.74680328400018,-8.66740989699997],[126.75257110600012,-8.66187000299982],[126.75415802000009,-8.658639907999884],[126.75588989300002,-8.658450126999924],[126.75897979700005,-8.659529685999871],[126.76309204100005,-8.658470153999872],[126.76435089100016,-8.657540320999942],[126.76316070600001,-8.654890059999957],[126.76550293000003,-8.652159690999895],[126.76500701900011,-8.649680137999951],[126.76541137700019,-8.64818954499998],[126.76732635500014,-8.64608001699986],[126.77143859900002,-8.644009589999882],[126.77413177500011,-8.641139983999949],[126.77644348100011,-8.63689994799995],[126.77841949500032,-8.634869575999915],[126.78096008300008,-8.628809928999829],[126.78633117700019,-8.625160216999916],[126.78851318400018,-8.625180243999978],[126.79205322300004,-8.623920440999939],[126.79675293000014,-8.624600409999971],[126.79898071300022,-8.623299598999893],[126.80119323700012,-8.62343978899986],[126.80256652800017,-8.622150420999844],[126.80518341100003,-8.621600150999882],[126.80612945600001,-8.621740340999906],[126.80741119400022,-8.623220443999912],[126.80980682400002,-8.623279571999944],[126.81030273400006,-8.622039794999921],[126.80986785900006,-8.619090079999921],[126.80803680400015,-8.618610381999929],[126.80805969200003,-8.617819785999927],[126.80953979500009,-8.616060256999958],[126.81182098400006,-8.615090369999848],[126.81027221700003,-8.612380027999961],[126.81020355200019,-8.609950065999953],[126.80877685500002,-8.608739852999918],[126.81001281700014,-8.6062297819999],[126.808647156,-8.603759765999826],[126.80847168000003,-8.602040290999923],[126.80970001200012,-8.601329802999942],[126.81173706100014,-8.601679801999921],[126.81345367400002,-8.600930213999902],[126.8153228760001,-8.60266971599998],[126.81778717000009,-8.60344028499992],[126.82604980500025,-8.604499816999862],[126.82704162600021,-8.605079650999869],[126.82774353000002,-8.607589721999886],[126.82937622100019,-8.6094102859999],[126.83040618900009,-8.609660148999978],[126.83067321800013,-8.611980437999932],[126.83204650900007,-8.61480045299993],[126.83783721900011,-8.613590239999894],[126.8454437260001,-8.607810019999931],[126.84651947000009,-8.608019828999943],[126.84786224400011,-8.606710433999979],[126.84916687000009,-8.606439589999866],[126.85275268600014,-8.603249549999873],[126.85590362500034,-8.597149848999948],[126.85563659700006,-8.590640067999914],[126.85755920400015,-8.58948993699994],[126.85852050800008,-8.587149619999934],[126.86035919200015,-8.586890220999976],[126.86109924300001,-8.58580017099996],[126.86128234900002,-8.583979606999947],[126.86054229700028,-8.58257007599991],[126.86303710900029,-8.581399917999931],[126.86316680900018,-8.580550193999954],[126.86219024700006,-8.580200194999975],[126.86235046400009,-8.579460143999938],[126.86347961400008,-8.578639983999892],[126.86519622800017,-8.578949927999872],[126.86673736600017,-8.57824993099996],[126.86727905300006,-8.578980445999946],[126.8695220950001,-8.578660010999954],[126.86978149400011,-8.578160285999843],[126.86831665000022,-8.576180457999897],[126.86969757100019,-8.57404041299992],[126.87062072800006,-8.57493972799989],[126.8712692260001,-8.574330329999952],[126.87075042700008,-8.571700095999915],[126.87122345000023,-8.571269988999859],[126.8720397950002,-8.57149028799995]]],[[[126.73486328100034,-8.755789756999945],[126.73616027800006,-8.756299972999955],[126.73724365200007,-8.758549689999938],[126.73313140900007,-8.757800101999976],[126.73291015600012,-8.757010459999947],[126.73486328100034,-8.755789756999945]]]]}},{"type":"Feature","properties":{"id":"TL1103","name":"Laclo","muni_id":"TL11","muni_name":"Manatuto","_lon":125.87051,"_lat":-8.59202,"_bbox":[125.75861,-8.70818,125.98002,-8.47458]},"geometry":{"type":"Polygon","coordinates":[[[125.85070800800008,-8.474579810999955],[125.87803649900002,-8.476619719999974],[125.88260650600012,-8.476220130999934],[125.88400268600014,-8.475350379999838],[125.88997650100009,-8.477709769999933],[125.89473724400011,-8.47519016299998],[125.89684295700022,-8.475589751999905],[125.90229034400033,-8.4751396179999],[125.9059371950002,-8.475879668999937],[125.90846252400002,-8.478409766999846],[125.91570282000009,-8.478930472999934],[125.91811370800008,-8.478569983999932],[125.91982269300013,-8.47949027999988],[125.9245681760001,-8.480440139999871],[125.9277801510002,-8.479060172999937],[125.93073272700008,-8.479080199999885],[125.9317398070001,-8.478280066999957],[125.93492889400011,-8.478610038999875],[125.93788909900002,-8.478079795999975],[125.94055938700012,-8.476440429999968],[125.94570922900004,-8.47912979099982],[125.94848632800006,-8.47828960399994],[125.9505233760002,-8.479040145999932],[125.95287323000014,-8.480839728999968],[125.95559692400025,-8.484510421999971],[125.95848083500005,-8.485580443999936],[125.96372222900027,-8.484749793999924],[125.9687728880001,-8.486220359999948],[125.97148895300006,-8.487689971999941],[125.97386932400025,-8.487999915999922],[125.97696685800008,-8.485230445999946],[125.97885131800001,-8.484620093999979],[125.98001861600017,-8.491720199999975],[125.97796630900007,-8.494239806999929],[125.97738647500023,-8.496069907999981],[125.97804260300018,-8.50187015499995],[125.97284698500016,-8.509440421999955],[125.97470092800017,-8.511130332999812],[125.97438049300001,-8.525199889999953],[125.97023010300018,-8.531760215999896],[125.96930694600007,-8.534979819999933],[125.96616363500016,-8.53897952999995],[125.95942688000002,-8.541749953999954],[125.9593429570001,-8.537670134999871],[125.95446777300003,-8.535630225999853],[125.9533996580002,-8.53182029699991],[125.94927215600012,-8.530559539999956],[125.9473876950002,-8.52777004199993],[125.94525909400022,-8.526579856999945],[125.94435119600007,-8.525210380999965],[125.94397735600023,-8.521900176999964],[125.94236755400004,-8.521030425999868],[125.94084167500023,-8.521409987999903],[125.93686676000004,-8.52038955699993],[125.93446350100021,-8.516969680999978],[125.92987823500005,-8.516650199999901],[125.92717742900004,-8.517640113999903],[125.92443847700008,-8.525309562999894],[125.92503356900033,-8.529680251999935],[125.92787933300008,-8.530909537999946],[125.92791748000013,-8.531900405999977],[125.92659759500009,-8.533949851999978],[125.92816925000034,-8.535799979999865],[125.92823028600003,-8.53841972399988],[125.93099212600032,-8.541910171999973],[125.93108367900004,-8.544199943999956],[125.93331909200015,-8.546290397999826],[125.93389129600007,-8.547659873999976],[125.94183349600007,-8.547149657999967],[125.94447326700015,-8.548620223999933],[125.94600677500034,-8.55078029599997],[125.95813751200001,-8.561209678999944],[125.96420288100012,-8.56838989299996],[125.96389770500002,-8.57094955399998],[125.96202850300028,-8.571590423999965],[125.96135711700003,-8.57365989699997],[125.96820068400018,-8.574419974999898],[125.96999359100016,-8.575530051999976],[125.9694137570001,-8.577159881999933],[125.97006225600023,-8.581130027999961],[125.9712066650003,-8.582830428999955],[125.96987152100019,-8.58495044699987],[125.96935272200017,-8.587260245999971],[125.96991729700005,-8.589480399999957],[125.97258758500016,-8.592869758999939],[125.9733963010001,-8.595310210999969],[125.96927642800006,-8.603429793999965],[125.96810150100009,-8.607119559999887],[125.9676895140002,-8.609979629999941],[125.96819305400027,-8.614350318999811],[125.96338653600014,-8.617710113999976],[125.95963287400002,-8.618769645999976],[125.95818328900009,-8.616829871999869],[125.95596313500005,-8.61804962199983],[125.95748138400006,-8.618800162999946],[125.95791626000016,-8.61979961399993],[125.95693969700005,-8.620570182999927],[125.95516204800015,-8.619759559999977],[125.9542007450001,-8.620969771999967],[125.95414733900009,-8.622810363999918],[125.95240020800009,-8.622529983999812],[125.95117950400015,-8.623410224999873],[125.953178406,-8.626600265999969],[125.9514236450002,-8.628689765999923],[125.94745636000016,-8.62950038899993],[125.94647979700005,-8.628290175999894],[125.94358062700019,-8.628600120999977],[125.94098663300008,-8.630009650999966],[125.93984222400002,-8.632040023999934],[125.93743896500007,-8.632760047999966],[125.93543243400018,-8.635910033999949],[125.93505096400008,-8.641519546999916],[125.93285369900025,-8.642029761999936],[125.92917633100012,-8.641699790999894],[125.92658233600014,-8.639909743999965],[125.92101287800028,-8.639550208999935],[125.91622924800004,-8.643670081999858],[125.9136962890002,-8.64435005199988],[125.91108703600003,-8.64361953699995],[125.90744018600014,-8.644020080999951],[125.90518188500005,-8.645420073999958],[125.90339660600023,-8.647569655999916],[125.90276336700015,-8.646539687999962],[125.90133667000009,-8.64743995699996],[125.90129852300004,-8.648150443999839],[125.90284729000007,-8.649259566999945],[125.90115356400008,-8.650600432999966],[125.9032363890002,-8.651769637999962],[125.90364074700005,-8.652660369999978],[125.9029769900003,-8.654500007999957],[125.90396881100003,-8.655070304999981],[125.90377807600032,-8.656390189999911],[125.90234375000011,-8.65799045599988],[125.90177917500023,-8.659879683999975],[125.90003967300004,-8.661190032999968],[125.89742279100005,-8.666319846999954],[125.8974533080002,-8.669309615999964],[125.89675140400016,-8.669759749999969],[125.89601135300018,-8.672450065999897],[125.89633178700001,-8.673959731999958],[125.89768219000007,-8.674530028999868],[125.8962936400003,-8.677300452999873],[125.89322662400002,-8.675749778999887],[125.89177703900009,-8.675720214999956],[125.88865661600005,-8.678919791999931],[125.88603210400004,-8.67982959699998],[125.88385009800015,-8.682000159999973],[125.87996673600014,-8.68435001399996],[125.87882232700008,-8.687740325999926],[125.87915039100005,-8.69165039099994],[125.87729644800004,-8.69163989999987],[125.87560272200005,-8.692859649999832],[125.87380218500005,-8.694430350999937],[125.8726577760001,-8.697190284999863],[125.8691864010002,-8.700059890999967],[125.86805725100021,-8.701919555999893],[125.86740112300004,-8.706609725999954],[125.86591339100005,-8.708180427999935],[125.86313629200004,-8.706390380999892],[125.86269378700001,-8.704669951999847],[125.86081695600001,-8.703370093999922],[125.86006164600008,-8.701820373999965],[125.85614776600005,-8.700440406999917],[125.85463714600007,-8.698430060999954],[125.85545349100005,-8.696269988999916],[125.85481262200005,-8.69526004799991],[125.85646820100021,-8.695500373999835],[125.85717773400017,-8.69330978399995],[125.8597793580002,-8.691399573999888],[125.85827636700003,-8.687009810999939],[125.85717773400017,-8.68638038599994],[125.85765838600003,-8.685170173999893],[125.85707855200019,-8.683529853999971],[125.85716247600021,-8.6805200579999],[125.8591918950001,-8.678050040999892],[125.85916900600012,-8.675350188999971],[125.86093902600021,-8.672209739999914],[125.86096191400009,-8.670370101999936],[125.85822296100002,-8.668519973999878],[125.85545349100005,-8.668470382999885],[125.8532562260001,-8.667579650999926],[125.85257720900029,-8.66477012599995],[125.84977722200017,-8.66152954099988],[125.84690094000007,-8.662249564999968],[125.8435134890002,-8.661959647999936],[125.84023284900002,-8.663339614999927],[125.83828735400004,-8.664799689999938],[125.8368301390002,-8.668080329999952],[125.83319854700005,-8.668479918999878],[125.82044982900004,-8.67625045799997],[125.81535339400011,-8.677989959999877],[125.81353759800004,-8.681679725999913],[125.81040954600019,-8.68074035599983],[125.81027221700015,-8.678509711999936],[125.80890655500025,-8.677430152999932],[125.80718994100016,-8.676969527999915],[125.80536651600005,-8.678039550999927],[125.79650116000016,-8.674869536999893],[125.79370117200006,-8.669409751999979],[125.7913131710003,-8.66788005799998],[125.79215240500014,-8.66695022599987],[125.79192352300004,-8.66578960399994],[125.79046630900007,-8.666110038999875],[125.78842163100012,-8.664669990999926],[125.78752899200015,-8.662240027999871],[125.78785705600023,-8.658510207999939],[125.786827087,-8.655810355999904],[125.78674316400009,-8.652910232999943],[125.78901672400013,-8.649089812999932],[125.7877197270002,-8.649929999999927],[125.7849731450001,-8.650210380999908],[125.78077697800006,-8.64857959699998],[125.78077697800006,-8.64597034499991],[125.7801437380001,-8.644989966999901],[125.77864074700005,-8.64554977399996],[125.77845001200012,-8.644949912999948],[125.77784729000018,-8.639249801999938],[125.77696228000013,-8.637949943999956],[125.77406311000004,-8.636599540999953],[125.77462768600003,-8.62917995499987],[125.77722930900006,-8.623539924999875],[125.77339935300029,-8.62298011799993],[125.77229309100005,-8.62158012399982],[125.7702713010001,-8.620880126999964],[125.76966857900015,-8.619299888999876],[125.76743316700015,-8.617810248999831],[125.76705169700017,-8.61649990099994],[125.7678527830002,-8.615989684999931],[125.76635742200006,-8.61174011199995],[125.76528167700008,-8.61248969999997],[125.76452636700014,-8.612299918999895],[125.76299285900006,-8.610059737999904],[125.76145172100007,-8.609230041999979],[125.76094055200019,-8.606380462999937],[125.75897979700005,-8.60544967699991],[125.75861358600002,-8.604510306999941],[125.75978088400018,-8.600090026999965],[125.76206207300015,-8.598270415999934],[125.76631164600019,-8.59700965899998],[125.76822662400014,-8.595279693999942],[125.76850891100014,-8.593090056999927],[125.76957702600009,-8.591179847999967],[125.76925659200026,-8.589550017999954],[125.77065277100007,-8.587400435999939],[125.76972198500016,-8.58572006199995],[125.77004241900022,-8.584420203999969],[125.76882934600008,-8.582880019999891],[125.7686004640002,-8.580820083999981],[125.7678527830002,-8.579890250999881],[125.76777648900008,-8.576069831999973],[125.76637268100012,-8.571220397999923],[125.76847076400009,-8.569499968999935],[125.77393341100003,-8.5688896179999],[125.77510070800008,-8.567580222999936],[125.77715301500018,-8.559229850999941],[125.77837371800001,-8.558529853999914],[125.7786483760002,-8.557040214999915],[125.78095245400004,-8.55533027599995],[125.78170013400006,-8.550060271999882],[125.78150939900002,-8.545630454999923],[125.7837066650003,-8.542650222999896],[125.78276825000023,-8.540450095999859],[125.78379821800002,-8.540550231999873],[125.78688049300001,-8.543160438999848],[125.79393005400004,-8.54335021999998],[125.79457855200008,-8.546190261999868],[125.79699707000009,-8.54693984999983],[125.7993392940001,-8.54652023299991],[125.80042266800001,-8.547499656999946],[125.80213928200033,-8.547450065999953],[125.80303192100007,-8.545820235999827],[125.80745697000009,-8.544420241999887],[125.80993652300003,-8.544420241999887],[125.81101226800013,-8.543210029999955],[125.81320190400015,-8.543250083999965],[125.81333923300019,-8.542209624999941],[125.81497192400002,-8.54094982099997],[125.81674194300001,-8.541270255999962],[125.81758117700019,-8.540019988999973],[125.82023620600023,-8.539270400999953],[125.82103729200003,-8.538430213999959],[125.82225036600005,-8.53888988499989],[125.8234176640002,-8.536660193999978],[125.8249588010001,-8.537779807999868],[125.82369995100021,-8.5393600459999],[125.82659149200003,-8.5393600459999],[125.82737731900033,-8.54016017899994],[125.82808685300006,-8.539130210999872],[125.8290176390002,-8.53419017799996],[125.83139801000004,-8.534230231999913],[125.83545684800015,-8.540289878999943],[125.83775329600007,-8.54067039499995],[125.83849334700028,-8.539130210999872],[125.84044647200017,-8.538619994999976],[125.84269714400023,-8.535960196999952],[125.84307098400006,-8.531990050999923],[125.84417724600007,-8.529520034999905],[125.84647369400022,-8.53269004799995],[125.84741210900017,-8.53287982899991],[125.84806060800008,-8.531479835999903],[125.84987640400004,-8.53096961999995],[125.85133361800001,-8.529470443999912],[125.85172271700014,-8.527939795999941],[125.8550796510001,-8.526960372999952],[125.85582733200022,-8.524680137999951],[125.8547973630001,-8.523139953999873],[125.8586273190001,-8.522760390999906],[125.85871887200017,-8.521880149999902],[125.85736846900011,-8.520480155999905],[125.85709381100025,-8.518750190999924],[125.85812377900004,-8.517259597999953],[125.85727691700015,-8.515210151999952],[125.85854339600007,-8.512220382999942],[125.86062622100019,-8.511710166999933],[125.86142730700021,-8.509280204999925],[125.85051727300004,-8.501950263999902],[125.8503265380001,-8.500040053999953],[125.84842681900011,-8.499239921999902],[125.84763336200024,-8.496290206999902],[125.84628295900018,-8.495550155999979],[125.84326171900011,-8.49131011999998],[125.83950042700008,-8.48836040499998],[125.83753204300001,-8.487680434999959],[125.83513641400009,-8.485360145999891],[125.84066772500012,-8.481889724999917],[125.84274292000009,-8.479660033999892],[125.84298706100014,-8.478580474999944],[125.84481811500007,-8.478730201999952],[125.85011291500018,-8.475600242999974],[125.85070800800008,-8.474579810999955]]]}},{"type":"Feature","properties":{"id":"TL1106","name":"Laclubar","muni_id":"TL11","muni_name":"Manatuto","_lon":125.91187,"_lat":-8.74714,"_bbox":[125.80016,-8.88233,126.02151,-8.61157]},"geometry":{"type":"Polygon","coordinates":[[[125.97849273700012,-8.61868953699991],[125.980186462,-8.62345981599998],[125.97714996300022,-8.628769874999875],[125.97705841100003,-8.632109641999932],[125.97830963100023,-8.636240004999877],[125.98179626500007,-8.643320083999924],[125.9830093380001,-8.659910201999935],[125.98175811800002,-8.665820121999957],[125.98441314700005,-8.669639586999892],[125.98255920400004,-8.67063045499998],[125.98240661600005,-8.671850203999952],[125.98499298100023,-8.674139976999925],[125.98792266800001,-8.683090209999932],[125.98697662400014,-8.685480117999873],[125.98502349900025,-8.686140059999957],[125.98403167700008,-8.688529967999955],[125.98091125500002,-8.69130039199996],[125.97966766400009,-8.693490027999928],[125.9806213380001,-8.694569587999979],[125.98140716600005,-8.694490432999942],[125.98165893600014,-8.695289611999897],[125.9779434200002,-8.69931983899994],[125.97705078100012,-8.70223045299997],[125.98182678200021,-8.704310416999931],[125.98301696800002,-8.711020469999937],[125.98790741000005,-8.715550422999911],[125.98737335200008,-8.718740462999904],[125.98834991500019,-8.719420432999925],[125.99179840100021,-8.725270270999886],[125.99050903300008,-8.727290153999945],[125.99107360800019,-8.728850364999914],[125.99378204300001,-8.73204994199989],[125.99669647200005,-8.733869552999977],[125.99803161600016,-8.738080024999931],[125.99748992900004,-8.740830420999941],[125.99926757800029,-8.742210387999819],[125.99936676000016,-8.743670463999933],[126.00023651100025,-8.743769645999976],[126.00060272200005,-8.744899749999945],[126.00343322800018,-8.746740340999906],[126.00686645500014,-8.745269774999826],[126.00892639200015,-8.74596977199991],[126.01151275600023,-8.744449614999894],[126.01899719200003,-8.74188995399993],[126.01908111600005,-8.744689940999876],[126.01693725600012,-8.74553012799987],[126.01689147900004,-8.747529983999868],[126.01593017600032,-8.749389647999976],[126.01566314700017,-8.754699706999872],[126.01484680200008,-8.756669997999836],[126.01656341600017,-8.757929801999978],[126.01508331300033,-8.759169578999888],[126.01489257800006,-8.761610030999918],[126.02071380600034,-8.769000052999957],[126.01944732700008,-8.77435970299996],[126.01969909700017,-8.777979850999884],[126.01822662400014,-8.781599997999933],[126.01905059800004,-8.785409926999932],[126.01815033000003,-8.78787994399994],[126.0198593140002,-8.79043006899991],[126.01957702600009,-8.792169570999874],[126.02150726300022,-8.794400214999882],[126.01957702600009,-8.795060157999956],[126.0180892940001,-8.796870231999947],[126.01378631600005,-8.796549796999898],[126.00982666000016,-8.798600196999928],[126.00612640400004,-8.798740386999896],[126.00346374500009,-8.79771041899994],[125.99944305400004,-8.799130439999942],[125.99825286900011,-8.800410270999862],[125.98256683300019,-8.81040954599996],[125.97795105000012,-8.815699576999975],[125.97689819300012,-8.821080207999898],[125.9745483400003,-8.821829795999918],[125.97174835200008,-8.824600219999923],[125.97045898400017,-8.824629783999967],[125.96917724600019,-8.827019690999919],[125.96775817900004,-8.826899528999945],[125.96504974400011,-8.82831954999989],[125.96166992200006,-8.83323955499992],[125.95770263700012,-8.833390235999957],[125.95532226600005,-8.831939696999939],[125.95372772200017,-8.832369803999939],[125.95260620100032,-8.831919669999877],[125.94982147200005,-8.832880019999948],[125.94851684600008,-8.834440230999974],[125.94648742700019,-8.835399627999948],[125.94551849400023,-8.833769797999935],[125.94441986100014,-8.834050178999973],[125.94348144500009,-8.833209990999876],[125.94071197500011,-8.833419799999945],[125.93907165500013,-8.834659575999922],[125.93711853000025,-8.832639693999965],[125.93144989000018,-8.831629752999959],[125.92765808100023,-8.82855033899989],[125.92404937700007,-8.827779769999836],[125.92191314700005,-8.826530456999933],[125.92075347900004,-8.824040412999977],[125.91892242400002,-8.823189734999914],[125.91928863500004,-8.820179938999956],[125.91494751000005,-8.818320273999973],[125.9147796630001,-8.81645965599995],[125.91310119600007,-8.814359664999927],[125.91259002700019,-8.815699576999975],[125.91184234600018,-8.815549849999911],[125.90857696500007,-8.81377983099992],[125.90651702900004,-8.811659812999949],[125.9069671630001,-8.80889987899991],[125.90644836400008,-8.806429862999835],[125.90342712400025,-8.806260108999822],[125.9023132320001,-8.805040358999975],[125.90049743700001,-8.805259704999912],[125.90000915500002,-8.803790091999929],[125.89734649700029,-8.803330420999885],[125.89830780000011,-8.800900458999934],[125.89772796600016,-8.798789977999888],[125.89820861800013,-8.797439574999828],[125.89541626000005,-8.798060416999931],[125.89334869400022,-8.797229766999976],[125.89286804200003,-8.795880317999945],[125.89009857200006,-8.79592990899988],[125.88659668000003,-8.79349994699993],[125.88204193100034,-8.792280196999968],[125.87664032000009,-8.79368972799989],[125.87420654300001,-8.793399810999972],[125.87291717500011,-8.794799804999968],[125.87165069600007,-8.794899939999937],[125.86966705300017,-8.79621982599997],[125.86842346200001,-8.794859885999813],[125.86531066900011,-8.794260024999915],[125.86456298800022,-8.797039985999959],[125.86562347400002,-8.798549651999906],[125.86575317400002,-8.80261039699991],[125.86358642600021,-8.804989814999942],[125.86327362100019,-8.806449889999897],[125.86464691200001,-8.808420180999917],[125.86372375500014,-8.811820029999865],[125.85843658400006,-8.816869735999944],[125.85693359400022,-8.817480086999922],[125.85610961900022,-8.819410323999932],[125.85460662800006,-8.81978988599991],[125.85545349100005,-8.821140288999914],[125.86179351800001,-8.823639869999965],[125.86340332000032,-8.82565021499994],[125.86356353800011,-8.831390380999949],[125.86488342300015,-8.83594989799991],[125.86392211900022,-8.837599753999939],[125.86511230500003,-8.841589927999962],[125.86425018300031,-8.842289924999932],[125.86289215100021,-8.845540046999929],[125.85870361300022,-8.849020003999897],[125.85785675000022,-8.850649833999853],[125.85704040500013,-8.850700377999942],[125.85413360600023,-8.854339599999946],[125.85399627700008,-8.855330466999874],[125.85250854500009,-8.85538005799998],[125.8495025630001,-8.852990149999869],[125.84976959200003,-8.857480048999946],[125.85148620600035,-8.858160018999968],[125.85182952900004,-8.85991954799988],[125.85269165000011,-8.860509871999966],[125.85111236600017,-8.861969947999967],[125.8521499630001,-8.866589545999943],[125.85077667200005,-8.868909835999887],[125.85167694100005,-8.871040343999937],[125.85404205300017,-8.87209987599988],[125.85691070600012,-8.875709533999952],[125.85669708300009,-8.88092994699997],[125.84365844700005,-8.879159926999876],[125.84108734100016,-8.877590178999924],[125.8385009770002,-8.878310203999888],[125.83756256100003,-8.88115978199994],[125.8358764650003,-8.882329940999966],[125.834037781,-8.882019996999816],[125.83260345500003,-8.880729674999884],[125.83088684100028,-8.881219863999945],[125.82932281500018,-8.879449843999964],[125.82972717300004,-8.877799987999879],[125.82823944100005,-8.877289771999926],[125.82910156200012,-8.876159667999957],[125.82927703900009,-8.874469756999929],[125.8301010130001,-8.874890326999832],[125.83029174800015,-8.874469756999929],[125.82951355000012,-8.873539924999932],[125.83072662400025,-8.873439788999974],[125.8307418820001,-8.872949599999913],[125.83003997800029,-8.871820449999916],[125.82868957500023,-8.87294006299993],[125.82839965800008,-8.872550010999817],[125.83011627200005,-8.87053966499991],[125.8294067380001,-8.869259833999877],[125.83072662400025,-8.868889808999938],[125.82956695600001,-8.868040084999961],[125.83071136500018,-8.865449904999878],[125.82882690400015,-8.862950324999929],[125.82866668700012,-8.860130309999931],[125.82599639900013,-8.859669684999972],[125.82573700000023,-8.858160018999968],[125.82436370800008,-8.857660293999913],[125.8241119380001,-8.855460166999933],[125.8227233890002,-8.85410976399993],[125.82282257100007,-8.853300094999952],[125.81860351600017,-8.850740432999885],[125.81571960400004,-8.845170020999944],[125.81347656200012,-8.844160079999881],[125.81220245400004,-8.84068012199998],[125.80673217800006,-8.83646964999997],[125.80726623500004,-8.83448982199991],[125.80816650400004,-8.834070205999922],[125.80859375000023,-8.832920073999958],[125.80809021000016,-8.83146953599993],[125.80724334700017,-8.831299781999917],[125.80686187700019,-8.830470084999945],[125.80824279800015,-8.828519820999873],[125.80877685500002,-8.826210021999884],[125.80774688700001,-8.824629783999967],[125.80577087400025,-8.824629783999967],[125.80415344200003,-8.823559760999899],[125.80297851600017,-8.820779799999912],[125.80277252200017,-8.818099975999871],[125.80016326900034,-8.814880370999958],[125.80040741000005,-8.813059806999945],[125.80370330800008,-8.81130027799992],[125.80404663100012,-8.80873966199988],[125.80703735400004,-8.807450293999977],[125.80847168000003,-8.805509566999888],[125.80834960900017,-8.802669524999942],[125.80963897700008,-8.79959011099993],[125.81564331100003,-8.790470122999864],[125.8153762820001,-8.788869857999885],[125.81804657000009,-8.78516960099995],[125.81787109400011,-8.783909797999911],[125.82003784200015,-8.78015994999987],[125.82006073000025,-8.77947044399997],[125.81378936800002,-8.77849960299983],[125.81571960400004,-8.773050307999881],[125.81459045400004,-8.76786041299988],[125.81720733600002,-8.766670226999906],[125.81704711900022,-8.764820098999962],[125.82102203400007,-8.757780074999914],[125.82129669200003,-8.753379821999943],[125.81923675500002,-8.750860213999886],[125.8192062380001,-8.748189925999952],[125.81867218000014,-8.74775028199997],[125.81616973900009,-8.749779700999852],[125.81349182100007,-8.753359794999938],[125.81070709200014,-8.75368976599998],[125.80840301500018,-8.752280234999887],[125.80809783900031,-8.74872970599995],[125.80535888700001,-8.745240210999953],[125.80587768600003,-8.744700431999945],[125.8053207400003,-8.741820334999943],[125.80700683600003,-8.740329741999915],[125.80668640100009,-8.738329886999907],[125.80757904100005,-8.736760138999955],[125.8177108760002,-8.72955036199994],[125.81433868400006,-8.723779677999858],[125.8122863770003,-8.716320037999935],[125.81022644000018,-8.713379859999918],[125.81239318800021,-8.709420203999969],[125.81294250500002,-8.705739974999915],[125.81233978300008,-8.699680327999829],[125.8137817380001,-8.693849563999947],[125.8133468630001,-8.684479712999973],[125.81420898400017,-8.679420470999958],[125.81535339400011,-8.677989959999877],[125.82044982900004,-8.67625045799997],[125.83319854700005,-8.668479918999878],[125.8368301390002,-8.668080329999952],[125.83828735400004,-8.664799689999938],[125.84137725800008,-8.662719726999967],[125.8435134890002,-8.661959647999936],[125.84690094000007,-8.662249564999968],[125.84977722200017,-8.66152954099988],[125.85257720900029,-8.66477012599995],[125.8532562260001,-8.667579650999926],[125.85545349100005,-8.668470382999885],[125.85822296100002,-8.668519973999878],[125.86048126200001,-8.669750213999976],[125.8610916140002,-8.670999526999879],[125.85916900600012,-8.675350188999971],[125.85900116000005,-8.678520202999891],[125.85716247600021,-8.6805200579999],[125.85707855200019,-8.683529853999971],[125.85765838600003,-8.685170173999893],[125.85717773400017,-8.68638038599994],[125.85827636700003,-8.687009810999939],[125.8597793580002,-8.691399573999888],[125.85717773400017,-8.69330978399995],[125.85646820100021,-8.695500373999835],[125.85481262200005,-8.69526004799991],[125.85545349100005,-8.696269988999916],[125.85463714600007,-8.698430060999954],[125.85614776600005,-8.700440406999917],[125.86006164600008,-8.701820373999965],[125.86081695600001,-8.703370093999922],[125.86269378700001,-8.704669951999847],[125.86313629200004,-8.706390380999892],[125.8662567140002,-8.708149909999918],[125.86753845200019,-8.706250190999924],[125.86805725100021,-8.701919555999893],[125.8691864010002,-8.700059890999967],[125.8726577760001,-8.697190284999863],[125.87380218500005,-8.694430350999937],[125.87560272200005,-8.692859649999832],[125.87729644800004,-8.69163989999987],[125.87915039100005,-8.69165039099994],[125.87882232700008,-8.687740325999926],[125.87996673600014,-8.68435001399996],[125.88385009800015,-8.682000159999973],[125.88603210400004,-8.67982959699998],[125.88865661600005,-8.678919791999931],[125.89177703900009,-8.675720214999956],[125.89322662400002,-8.675749778999887],[125.8962936400003,-8.677300452999873],[125.89768219000007,-8.674530028999868],[125.89633178700001,-8.673959731999958],[125.89601135300018,-8.672450065999897],[125.89675140400016,-8.669759749999969],[125.8974533080002,-8.669309615999964],[125.89742279100005,-8.666319846999954],[125.90003967300004,-8.661190032999968],[125.90177917500023,-8.659879683999975],[125.90234375000011,-8.65799045599988],[125.90377807600032,-8.656390189999911],[125.90396881100003,-8.655070304999981],[125.9029769900003,-8.654500007999957],[125.90364074700005,-8.652660369999978],[125.9032363890002,-8.651769637999962],[125.90115356400008,-8.650600432999966],[125.90284729000007,-8.649259566999945],[125.90129852300004,-8.648150443999839],[125.90133667000009,-8.64743995699996],[125.90276336700015,-8.646539687999962],[125.90339660600023,-8.647569655999916],[125.90518188500005,-8.645420073999958],[125.90744018600014,-8.644020080999951],[125.91108703600003,-8.64361953699995],[125.9136962890002,-8.64435005199988],[125.91622924800004,-8.643670081999858],[125.92101287800028,-8.639550208999935],[125.92658233600014,-8.639909743999965],[125.92917633100012,-8.641699790999894],[125.93285369900025,-8.642029761999936],[125.93505096400008,-8.641519546999916],[125.93543243400018,-8.635910033999949],[125.93743896500007,-8.632760047999966],[125.93984222400002,-8.632040023999934],[125.94098663300008,-8.630009650999966],[125.94358062700019,-8.628600120999977],[125.94647979700005,-8.628290175999894],[125.94745636000016,-8.62950038899993],[125.9514236450002,-8.628689765999923],[125.953178406,-8.626600265999969],[125.95117950400015,-8.623410224999873],[125.95240020800009,-8.622529983999812],[125.95414733900009,-8.622810363999918],[125.9542007450001,-8.620969771999967],[125.95516204800015,-8.619759559999977],[125.95693969700005,-8.620570182999927],[125.95791626000016,-8.61979961399993],[125.95748138400006,-8.618800162999946],[125.95596313500005,-8.61804962199983],[125.95818328900009,-8.616829871999869],[125.95963287400002,-8.618769645999976],[125.96433258100001,-8.617380141999945],[125.96819305400027,-8.614350318999811],[125.96788024900002,-8.611570357999938],[125.97669220000023,-8.615909575999865],[125.97849273700012,-8.61868953699991]]]}},{"type":"Feature","properties":{"id":"TL1305","name":"Lacluta","muni_id":"TL13","muni_name":"Viqueque","_lon":126.14017,"_lat":-8.80587,"_bbox":[126.0462,-8.94621,126.24246,-8.66671]},"geometry":{"type":"Polygon","coordinates":[[[126.13105773900008,-8.669980048999832],[126.14292144800015,-8.667300223999973],[126.14389801000027,-8.669389724999917],[126.14788055400015,-8.672949790999951],[126.15502929700017,-8.673769950999883],[126.15586853000002,-8.67605972299998],[126.16005706800001,-8.679650306999974],[126.16110229500009,-8.679730414999938],[126.16481018100012,-8.676690101999895],[126.16770172100007,-8.676980018999927],[126.16964721700015,-8.678879737999978],[126.17355346700003,-8.681209563999914],[126.17849731400008,-8.688179969999965],[126.18319702100018,-8.689709662999974],[126.1872406010001,-8.688509940999893],[126.187911987,-8.68935966499987],[126.18805694600007,-8.692629813999929],[126.1919937130001,-8.690380095999842],[126.19339752200017,-8.692729949999944],[126.19563293500005,-8.689060210999969],[126.1970062260001,-8.690070151999976],[126.19745636000005,-8.692060470999877],[126.19819641100014,-8.692420005999963],[126.19989776600005,-8.689470290999964],[126.19905090300006,-8.688220023999975],[126.20056152300003,-8.68622016899991],[126.20214080800008,-8.688380240999948],[126.20829772900015,-8.687210082999911],[126.20863342300004,-8.68970012699998],[126.21109771700014,-8.692210196999895],[126.21192169200003,-8.696109771999886],[126.21391296400009,-8.695690154999909],[126.21425628700001,-8.694840430999932],[126.21346283000003,-8.692239760999882],[126.21465301500018,-8.691780089999952],[126.21631622300026,-8.692290305999961],[126.21729278600003,-8.693440436999936],[126.21814727800017,-8.697330474999887],[126.22106933600003,-8.698060035999958],[126.2224731450001,-8.706689834999906],[126.22572326700003,-8.710740088999898],[126.22844696000004,-8.712100028999885],[126.22827148400029,-8.714699744999962],[126.22950744600007,-8.71689033499996],[126.22905731200012,-8.72336006199987],[126.23111724900014,-8.725399970999888],[126.23142242400002,-8.726590156999976],[126.22736358600014,-8.731969832999937],[126.22839355500003,-8.7444400789999],[126.22611236600017,-8.747480391999943],[126.2254486080003,-8.750960349999843],[126.22760009800015,-8.75321006799993],[126.22846221900022,-8.757880210999872],[126.23050689700005,-8.761599540999953],[126.22895050000034,-8.764760016999958],[126.22884368900009,-8.767149924999899],[126.22811889600007,-8.768489837999937],[126.22595214800003,-8.770689963999871],[126.22252655000011,-8.772760390999963],[126.22128295900018,-8.775239943999964],[126.22129821800013,-8.777009963999944],[126.22383880600034,-8.782529830999977],[126.22313690200019,-8.787540435999915],[126.22463989300013,-8.792309760999842],[126.22374725300017,-8.795920371999955],[126.22070312500011,-8.80261039699991],[126.22221374500009,-8.809470176999923],[126.21930694600019,-8.813870429999952],[126.21919250500002,-8.816029548999893],[126.22086334200003,-8.821889876999933],[126.22538757300015,-8.82975006099997],[126.22437286400009,-8.831939696999939],[126.22515106200001,-8.83370971699992],[126.22360992400002,-8.836739539999883],[126.22329711900022,-8.83897018399989],[126.22342681900011,-8.84142017399995],[126.22498321500007,-8.845859527999892],[126.2240676880001,-8.84751033799995],[126.22451782200005,-8.850159644999962],[126.22367095900006,-8.851180076999924],[126.22402191200001,-8.853159903999881],[126.22817230200008,-8.858149528999888],[126.23055267300015,-8.859390258999952],[126.23126220700021,-8.864029883999876],[126.23813629200026,-8.86740016899995],[126.24022674600008,-8.870120048999922],[126.24030304000019,-8.872110366999948],[126.23847961400008,-8.877619742999968],[126.23651123000013,-8.879529952999917],[126.23689270000023,-8.882809638999959],[126.23516082800006,-8.883159636999949],[126.23738861100014,-8.885000228999843],[126.2376098630001,-8.888070106999919],[126.24028015100009,-8.89663982399992],[126.24246215800008,-8.901140212999962],[126.24114990200007,-8.903380393999953],[126.23306274400011,-8.90721988699994],[126.23016357400002,-8.906290053999953],[126.22753906200012,-8.903120040999909],[126.21968841600017,-8.902600287999974],[126.21914672900016,-8.90106010399984],[126.21936798100035,-8.89840030699986],[126.2176437380001,-8.89326953899996],[126.21826934800015,-8.890020369999888],[126.21771240200007,-8.888480185999981],[126.21602630600034,-8.888759612999934],[126.21350097700008,-8.886070250999978],[126.2080230710003,-8.88516044599993],[126.20390319800003,-8.88523960099991],[126.18991851800001,-8.891579627999931],[126.12503814700005,-8.930870055999947],[126.12283325200019,-8.935649871999942],[126.11965942400013,-8.936639785999944],[126.11504364000007,-8.94027996099993],[126.11115264900013,-8.946209907999958],[126.10545349100005,-8.943030356999941],[126.10398864700016,-8.939720153999815],[126.10250854500009,-8.931710242999827],[126.10237121600017,-8.927209853999955],[126.0999908450001,-8.918990134999945],[126.10031890900007,-8.914819716999943],[126.09871673600014,-8.906999587999849],[126.09594726600017,-8.901300429999935],[126.09258270300006,-8.898010253999928],[126.09213256800001,-8.892600059999893],[126.09126281700003,-8.89074993099996],[126.09010314900002,-8.88949966399997],[126.08751678500005,-8.889289855999948],[126.08769989000007,-8.884759902999917],[126.08444976800024,-8.884900092999885],[126.08379364000018,-8.883330344999877],[126.08399963400029,-8.8822498319999],[126.08619689900013,-8.879920005999963],[126.08751678500005,-8.876500129999954],[126.0905609130001,-8.873740195999972],[126.09146881100003,-8.872139930999879],[126.09104919400022,-8.866939544999923],[126.08815765400004,-8.86332035099997],[126.08969116200012,-8.85941982299994],[126.09195709200003,-8.858229636999965],[126.09349060100021,-8.856450080999878],[126.09398651100003,-8.853489875999912],[126.0956192020002,-8.849860190999948],[126.09555053700012,-8.84829044299994],[126.0907592770003,-8.842340468999964],[126.08894348100034,-8.841050147999965],[126.08563232400002,-8.83940982799993],[126.07952117900004,-8.83874988599996],[126.07718658400006,-8.837070464999897],[126.074630737,-8.83185005199988],[126.07528686500018,-8.823690413999941],[126.07486724900025,-8.820830344999933],[126.07359314000007,-8.818249701999946],[126.06690979000007,-8.813369750999925],[126.06537628200022,-8.810819625999954],[126.05944061300033,-8.807129859999918],[126.05808258100024,-8.80385017399982],[126.05724334700005,-8.803569793999884],[126.05594635000011,-8.8046197889999],[126.05510711700003,-8.804550170999903],[126.05476379400022,-8.803400039999872],[126.05557251000016,-8.802530288999947],[126.05557251000016,-8.800849914999901],[126.05161285400004,-8.797750472999951],[126.04947662400002,-8.797439574999828],[126.04783630400004,-8.796150207999972],[126.04786682100018,-8.794340133999981],[126.05171966600005,-8.788160323999875],[126.04942321800013,-8.782130240999948],[126.04651641800012,-8.777389525999979],[126.0462036130001,-8.774319648999835],[126.04731750500002,-8.772930144999975],[126.0474624630001,-8.770770072999937],[126.04843902600021,-8.769479751999938],[126.05171966600005,-8.767490386999839],[126.05094909700017,-8.766510009999877],[126.05137634300013,-8.762579917999972],[126.04959869400022,-8.762229918999878],[126.04862213100012,-8.76097965199989],[126.04886627200005,-8.760210036999979],[126.05152130100021,-8.760279654999977],[126.05346679700006,-8.759619712999893],[126.05726623500004,-8.757280349999974],[126.06226348900032,-8.75751972199987],[126.06379699700005,-8.75644016299998],[126.0650634770002,-8.754139899999927],[126.06732177700019,-8.75368976599998],[126.06774139400011,-8.751040458999967],[126.06973266600005,-8.749890326999946],[126.0710525510001,-8.746159553999973],[126.07306671100014,-8.746720313999958],[126.07489013700001,-8.745670318999942],[126.07788848900009,-8.746060370999942],[126.08029937700007,-8.743129729999964],[126.08085632300003,-8.741140365999911],[126.08165741000016,-8.741390227999887],[126.08277130100021,-8.740409850999981],[126.08347320600012,-8.73828029599997],[126.0876235960003,-8.734660148999922],[126.08815002400002,-8.732979773999887],[126.09014129600007,-8.732390403999887],[126.09081268300008,-8.730549811999936],[126.09004211400008,-8.72883987399996],[126.09147644000006,-8.727510451999876],[126.09043121300022,-8.726920127999904],[126.09063720700033,-8.726050376999979],[126.09192657500012,-8.725870131999898],[126.0964965820001,-8.723050116999957],[126.09799957300004,-8.719389914999908],[126.09625244100005,-8.71924972499994],[126.09671020500014,-8.717089652999903],[126.09625244100005,-8.717260360999944],[126.09615325900006,-8.716179847999967],[126.09681701700003,-8.713809966999975],[126.09458160400015,-8.707739829999923],[126.09597778300008,-8.708060264999972],[126.09532165500002,-8.706729888999917],[126.09674835200019,-8.706979751999825],[126.09800720200008,-8.705619811999838],[126.09626007100019,-8.703949927999872],[126.09908294700017,-8.70250987999998],[126.0978317260001,-8.701919555999893],[126.0978317260001,-8.699279784999817],[126.09667968700012,-8.699839591999933],[126.09652710000012,-8.698760032999871],[126.09757995600023,-8.698550223999916],[126.09716796900011,-8.695229529999892],[126.09584045400004,-8.695229529999892],[126.09552764900013,-8.694540023999934],[126.09602356000005,-8.693590163999943],[126.09855651900011,-8.692620276999833],[126.0974426270003,-8.689410209999949],[126.09828186000004,-8.687250136999864],[126.10059356700003,-8.686129569999935],[126.10143280000011,-8.683939933999966],[126.10547637900015,-8.681570052999916],[126.10611724900002,-8.678919791999931],[126.10753631600016,-8.677180289999967],[126.10736846900022,-8.674839972999962],[126.10788726800001,-8.673870086999898],[126.11193847700031,-8.672889708999946],[126.11245727500011,-8.671739577999915],[126.11208343500005,-8.669090270999902],[126.11354827900027,-8.669540404999964],[126.11470031700003,-8.67086982699982],[126.11849975600012,-8.67082977299998],[126.12126159700006,-8.669890403999943],[126.1246109010001,-8.667269706999946],[126.12631225600023,-8.666709899999887],[126.13105773900008,-8.669980048999832]]]}},{"type":"Feature","properties":{"id":"TL0302","name":"Laga","muni_id":"TL03","muni_name":"Baucau","_lon":126.63833,"_lat":-8.50433,"_bbox":[126.5398,-8.58275,126.76512,-8.42516]},"geometry":{"type":"Polygon","coordinates":[[[126.69567871100003,-8.427470206999942],[126.69521331800001,-8.43060016599992],[126.69658660900006,-8.432419776999836],[126.69776153600003,-8.43601989699988],[126.70285797100007,-8.438790320999885],[126.7040481570001,-8.440609931999973],[126.70408630400016,-8.441800116999957],[126.70675659200015,-8.444910048999873],[126.70645141600028,-8.445929526999976],[126.70716095000023,-8.447219848999964],[126.70622253400018,-8.447810172999937],[126.70526123000002,-8.45022010799994],[126.70780181900022,-8.455419539999923],[126.70748138400006,-8.456870078999941],[126.70816803000002,-8.45783996599988],[126.70752716100003,-8.460370063999903],[126.71009063700001,-8.463310241999977],[126.71228027300003,-8.467570304999867],[126.7114410400003,-8.469969748999972],[126.7156906130001,-8.47821044899996],[126.71621704100016,-8.481719970999904],[126.72044372600021,-8.484419822999826],[126.72400665300006,-8.485500335999973],[126.72918701200012,-8.488479613999914],[126.7325973510001,-8.488059997999926],[126.73612213100023,-8.489170073999844],[126.74014282200028,-8.493760108999936],[126.74227142300015,-8.492819785999927],[126.74559021000016,-8.49314975699997],[126.74120330800008,-8.49732017499997],[126.7359619140002,-8.495929717999957],[126.73319244400022,-8.496580123999934],[126.73088836700026,-8.499930381999945],[126.73029327400013,-8.503350257999898],[126.72850799600008,-8.50286006899995],[126.72714233400006,-8.503720283999883],[126.72712707500011,-8.504949569999894],[126.72653961200024,-8.505129813999815],[126.72312164300001,-8.504949569999894],[126.72251892100019,-8.506219863999945],[126.7227020260002,-8.510899543999813],[126.72203826900022,-8.513250350999897],[126.72321319600019,-8.515609740999878],[126.7230377200001,-8.518090247999965],[126.72389984100005,-8.519619941999963],[126.72242736800001,-8.521389960999954],[126.72297668500005,-8.521840095999892],[126.72482299800015,-8.52081966399993],[126.72746276900011,-8.522800445999962],[126.72998809800015,-8.523030280999933],[126.73137664800004,-8.524370192999982],[126.73174285900006,-8.526949882999816],[126.7328796390002,-8.526760100999923],[126.73664856000005,-8.530079841999964],[126.74765014600007,-8.533080100999882],[126.74900817900004,-8.53662967699995],[126.75257873500027,-8.540249824999876],[126.75435638400006,-8.54489993999988],[126.75537872300015,-8.545740127999863],[126.75524902300003,-8.549759864999942],[126.75750732400013,-8.555109977999905],[126.76325225800008,-8.55706977799997],[126.76512146000005,-8.558719634999875],[126.76212310800008,-8.562680243999921],[126.76003265400004,-8.563719748999972],[126.75656890900007,-8.57001972199987],[126.74926757800017,-8.573639869999909],[126.7476272580003,-8.573329925999928],[126.74331665000034,-8.57602024099998],[126.73467254600007,-8.577380179999864],[126.72469329800003,-8.581769942999813],[126.71616363500016,-8.582750319999946],[126.70275116000005,-8.57839965799991],[126.69953918500005,-8.575779914999885],[126.69747924800004,-8.57161045099997],[126.69650268600014,-8.566619872999865],[126.69325256300021,-8.56229972799997],[126.69081115700021,-8.56307983399995],[126.6895523070001,-8.562700271999915],[126.68730163600014,-8.561570167999946],[126.68437194800003,-8.55772018399989],[126.68138885500002,-8.55776023899989],[126.6783981320001,-8.558670043999939],[126.677787781,-8.557350158999895],[126.67681884800004,-8.55768966699992],[126.67411804200003,-8.557009696999899],[126.67075347900004,-8.55560970299996],[126.66956329300001,-8.554180144999975],[126.66824340800031,-8.554570197999851],[126.66554260300006,-8.55237007099987],[126.66306304900002,-8.551819800999908],[126.66177368200022,-8.548290252999891],[126.6566314700002,-8.540209769999933],[126.65392303500005,-8.538680076999867],[126.65106964100016,-8.534700393999913],[126.64394378700001,-8.530630111999926],[126.6399765010002,-8.526760100999923],[126.63887023900008,-8.524319648999949],[126.63638305700022,-8.521759986999939],[126.63004303000014,-8.518969535999872],[126.62684631300021,-8.516530036999939],[126.6239700320001,-8.511949538999886],[126.6213226320001,-8.512570380999932],[126.61956787100019,-8.511910438999962],[126.61769104000007,-8.513010024999971],[126.61537933300019,-8.513030051999976],[126.61363220200008,-8.513699531999919],[126.61283874500009,-8.515150069999947],[126.61083984400034,-8.514769553999827],[126.60991668700012,-8.515460013999927],[126.60751342800006,-8.514089583999976],[126.60640716600005,-8.515520095999932],[126.60546875000023,-8.515769957999908],[126.59860992400024,-8.515339850999851],[126.59760284400011,-8.520000457999913],[126.5935134890002,-8.52348041499988],[126.59217071500007,-8.526769637999905],[126.58429718000014,-8.52562046099996],[126.58165741000005,-8.524109839999937],[126.57631683300019,-8.52375030499985],[126.57231140100009,-8.5246601099999],[126.5709762570001,-8.525520324999945],[126.56958770800009,-8.527680396999926],[126.5627288820001,-8.531519889999913],[126.55972290000011,-8.536219596999956],[126.55712890600023,-8.536979674999941],[126.55438232400013,-8.53528022799992],[126.55301666300022,-8.531979560999957],[126.55098724400011,-8.530139922999979],[126.54750061000004,-8.52950954399995],[126.54219818100023,-8.532190322999895],[126.54071044900002,-8.530900001999953],[126.53980255100021,-8.52449989299987],[126.54197692900004,-8.521800040999949],[126.54653930700022,-8.510600089999969],[126.54746246300022,-8.506850242999974],[126.55097198500016,-8.50255012499997],[126.55378723100023,-8.501959800999884],[126.55610656700003,-8.498959540999977],[126.55851745600012,-8.498510360999944],[126.56022644000018,-8.496769904999894],[126.56018829300012,-8.493809699999929],[126.55951690700033,-8.49271011399992],[126.56067657500023,-8.487629889999937],[126.5602111820001,-8.481149672999948],[126.56233978300031,-8.480959891999873],[126.56481170700022,-8.482979773999944],[126.56701660200008,-8.482740401999934],[126.56907653800022,-8.480770110999913],[126.57182312000009,-8.47959995299982],[126.57462310800008,-8.476969718999953],[126.57649993900009,-8.47416973099996],[126.58217620800019,-8.470250129999897],[126.58635711700015,-8.470339774999957],[126.58957672100007,-8.471420287999933],[126.59393310500013,-8.469619750999868],[126.59781646700003,-8.470379828999967],[126.6040267940001,-8.464280127999928],[126.6096801760001,-8.459950446999926],[126.61875152600021,-8.455730437999875],[126.623100281,-8.454930304999948],[126.62822723400018,-8.452759742999945],[126.63456726100003,-8.451899528999888],[126.64006042500023,-8.449879645999943],[126.65558624300013,-8.439189910999914],[126.66475677500023,-8.436209678999887],[126.67474365200007,-8.43118953699991],[126.68253326400031,-8.429089545999886],[126.68595123300008,-8.428770064999924],[126.6955871580002,-8.425160407999954],[126.69567871100003,-8.427470206999942]]]}},{"type":"Feature","properties":{"id":"TL1102","name":"Laleia","muni_id":"TL11","muni_name":"Manatuto","_lon":126.1291,"_lat":-8.5965,"_bbox":[126.05988,-8.698,126.19685,-8.4955]},"geometry":{"type":"Polygon","coordinates":[[[126.16103363000002,-8.495499610999957],[126.16258239700005,-8.50378990199988],[126.16546630900007,-8.509599685999888],[126.16937255900018,-8.514160155999946],[126.17912292500012,-8.51996040299997],[126.17989349400011,-8.522640227999943],[126.18274688700023,-8.523759841999947],[126.1859207150003,-8.527939795999941],[126.183647156,-8.530489921999958],[126.1823577880001,-8.530830382999966],[126.18316650400004,-8.534210204999965],[126.18253326400009,-8.536310195999874],[126.18302154500009,-8.538220405999937],[126.18013000500025,-8.539340018999951],[126.17952728300008,-8.5403499599999],[126.18218994100016,-8.54063034099994],[126.18277740500014,-8.541330337999966],[126.18225860600012,-8.542550086999881],[126.18093109100028,-8.542300223999973],[126.1805801390002,-8.542929648999916],[126.1815338130001,-8.54415035199986],[126.18148803700001,-8.546239852999975],[126.18228912400014,-8.547570228999916],[126.18118286100002,-8.548709868999822],[126.18254089400034,-8.549269675999938],[126.18222045900006,-8.550419806999969],[126.18470001200012,-8.552550315999952],[126.18414306600005,-8.553110122999897],[126.18466949500021,-8.554639815999906],[126.1841812130001,-8.558790206999959],[126.18530273400006,-8.55955982199987],[126.18421173100012,-8.561059951999823],[126.1850814820001,-8.562100409999914],[126.18491363500016,-8.563989638999942],[126.18620300300006,-8.568369864999966],[126.1878814700001,-8.570500373999948],[126.18927764900002,-8.570540427999958],[126.18937683100012,-8.57349967999994],[126.19014740000034,-8.572560309999858],[126.19061279300001,-8.573599814999966],[126.1910934450002,-8.572489737999945],[126.19245147700008,-8.571619986999963],[126.19412994400034,-8.576359748999892],[126.19493103000002,-8.576530456999876],[126.1968536380001,-8.579110145999891],[126.19674682600032,-8.581029891999947],[126.19573974600019,-8.58207035099997],[126.19595336900011,-8.584830283999963],[126.19508361800001,-8.585559844999864],[126.19493866000016,-8.587550162999946],[126.19406127900004,-8.588419913999871],[126.19436645500014,-8.592329978999942],[126.19277191200024,-8.593230246999894],[126.19210815400004,-8.594730376999962],[126.1917572020003,-8.599610328999972],[126.19262695300006,-8.601249694999979],[126.19510650600012,-8.603409766999903],[126.19657135000023,-8.60620021799997],[126.1928405760001,-8.608819961999927],[126.19088745100021,-8.61170959499998],[126.19140625000023,-8.613100051999936],[126.19116973900009,-8.615819930999976],[126.19438171400009,-8.61822032899994],[126.19560241700003,-8.62010955799991],[126.19483184800015,-8.621950149999975],[126.19600677500011,-8.626420020999888],[126.19416809100005,-8.630149840999934],[126.19140625000023,-8.631219863999831],[126.1896286010001,-8.633419990999869],[126.1886215210003,-8.636210441999935],[126.18882751500007,-8.63768005399993],[126.18810272200005,-8.638689994999936],[126.1857223510001,-8.63941955599995],[126.18286132800006,-8.642769813999962],[126.1806335450002,-8.643320083999924],[126.18090820300017,-8.645099639999898],[126.18018341100003,-8.647959708999963],[126.1785812380001,-8.647850036999955],[126.17764282200005,-8.64844989799991],[126.17791748000025,-8.650019645999976],[126.17694091800013,-8.650919913999928],[126.17603302000009,-8.65081977799997],[126.17533874500009,-8.651789664999967],[126.17149353000002,-8.653499602999943],[126.1687088010001,-8.653889655999876],[126.16796875000011,-8.65569972999998],[126.16580963100023,-8.65604972799997],[126.1649322510001,-8.656470298999977],[126.16549682600021,-8.657270431999905],[126.16336822500023,-8.657509803999915],[126.16264343300008,-8.658559798999931],[126.16165924100005,-8.658559798999931],[126.16197204600007,-8.659990310999888],[126.16029357900015,-8.659740447999923],[126.15944671600016,-8.661069869999949],[126.15527343700012,-8.663479804999952],[126.15548706100003,-8.665379523999945],[126.15273284900002,-8.667579650999926],[126.15059661900023,-8.670749663999914],[126.15017700200008,-8.673259734999931],[126.14701080300017,-8.67245960199989],[126.14389801000027,-8.669389724999917],[126.14292144800015,-8.667300223999973],[126.13465118400006,-8.66901016199995],[126.13207244900002,-8.670089721999943],[126.13036346400008,-8.66959953299994],[126.12631225600023,-8.666709899999887],[126.1246109010001,-8.667269706999946],[126.12126159700006,-8.669890403999943],[126.11609649700006,-8.671070098999962],[126.11186981200001,-8.6691598889999],[126.1123275760001,-8.672400474999904],[126.11155700700021,-8.673239707999869],[126.10788726800001,-8.673870086999898],[126.10736846900022,-8.674839972999962],[126.10753631600016,-8.677180289999967],[126.10611724900002,-8.678919791999931],[126.10547637900015,-8.681570052999916],[126.10143280000011,-8.683939933999966],[126.10059356700003,-8.686129569999935],[126.09828186000004,-8.687250136999864],[126.0974426270003,-8.689410209999949],[126.09855651900011,-8.692620276999833],[126.09570312500011,-8.694009780999977],[126.0955963130001,-8.695090293999897],[126.09626007100019,-8.695269584999835],[126.09501647900015,-8.697540282999967],[126.09259796100002,-8.697139739999955],[126.09055328400007,-8.697979926999892],[126.08937072800006,-8.697400092999885],[126.08719635000011,-8.697999953999954],[126.08499145500002,-8.69762039199992],[126.08437347400002,-8.694120406999957],[126.08344268800022,-8.693840026999965],[126.08114624000007,-8.691160201999821],[126.0802536010001,-8.688059806999888],[126.07833099400023,-8.68795967099993],[126.07462310800008,-8.686019896999937],[126.07447814900002,-8.681610106999926],[126.07501220700021,-8.68041038499996],[126.07446289100005,-8.67873954799984],[126.07585144000006,-8.674460410999814],[126.07508087200006,-8.666419982999969],[126.07581329300001,-8.664779662999933],[126.07274627700008,-8.661709784999971],[126.07370758100001,-8.660420417999944],[126.0726470950001,-8.659390449999933],[126.0728530880001,-8.657939910999971],[126.0716171260002,-8.656350135999958],[126.07256317100007,-8.654379844999937],[126.0720062260001,-8.652930259999891],[126.07305145300029,-8.6517496109999],[126.07263946500018,-8.650679587999946],[126.07325744600007,-8.648380279999913],[126.0725173950002,-8.644169806999969],[126.07396698000014,-8.63798999799991],[126.07253265400027,-8.634799956999927],[126.07483673100023,-8.62794017799996],[126.07533264200015,-8.627229690999911],[126.07628631600016,-8.627779960999874],[126.07887268100001,-8.62697029099985],[126.08026123000025,-8.629440307999914],[126.08125305200008,-8.62975978899982],[126.08222198500005,-8.628230094999878],[126.08175659200003,-8.626859664999927],[126.08072662400002,-8.626790046999929],[126.08055877700008,-8.626230239999813],[126.08438873300008,-8.624799727999914],[126.08551025400004,-8.621800422999911],[126.08717346200001,-8.620059966999975],[126.08444213900009,-8.6171197889999],[126.08278656000016,-8.618530272999976],[126.07816314700028,-8.61771964999997],[126.07391357400013,-8.61933994299983],[126.07357025100009,-8.615790366999931],[126.06627655000011,-8.607640265999976],[126.06580352800006,-8.602379798999948],[126.06448364300002,-8.601169585999912],[126.06548309300013,-8.597379683999975],[126.06696319600007,-8.59562015499995],[126.06684112500022,-8.594309806999945],[126.06227874800004,-8.587070464999954],[126.05988311800013,-8.57524967199987],[126.0637283330002,-8.569459914999925],[126.06356048600003,-8.567620276999946],[126.06729126000005,-8.565850257999955],[126.06941986100003,-8.559820174999913],[126.07108306900011,-8.55815982799993],[126.07235717800017,-8.554189681999958],[126.07528686500018,-8.550060271999882],[126.07655334500032,-8.548970221999866],[126.08061218300008,-8.547769546999973],[126.08283233600002,-8.546270369999945],[126.08596038800022,-8.541720389999966],[126.08775329600019,-8.53442954999997],[126.08627319300001,-8.53302001999998],[126.08730316200013,-8.531760215999896],[126.08606720000012,-8.53020000499987],[126.08598327600009,-8.529029845999958],[126.0873718260001,-8.527110099999902],[126.08622741700015,-8.525219916999959],[126.08676147500012,-8.522430419999978],[126.08634948700012,-8.519009589999882],[126.09052276600005,-8.519720077999978],[126.09335327100018,-8.519399642999929],[126.10045623800022,-8.512040137999861],[126.10640716600017,-8.509550094999952],[126.11016082800006,-8.51018047299982],[126.11251831100014,-8.50979995699987],[126.11488342300004,-8.508689879999963],[126.11804962200017,-8.505789756999889],[126.1214523320001,-8.504130362999888],[126.12792205800008,-8.503499984999962],[126.13304901100014,-8.507149695999942],[126.13588714600007,-8.507639884999946],[126.13816070600001,-8.506310462999977],[126.14057922400013,-8.50337028499996],[126.14402771000005,-8.501569747999952],[126.15032196000016,-8.500280379999936],[126.15580749500009,-8.50049018899989],[126.16103363000002,-8.495499610999957]]]}},{"type":"Feature","properties":{"id":"TL0204","name":"Laulara","muni_id":"TL02","muni_name":"Aileu","_lon":125.59782,"_lat":-8.62483,"_bbox":[125.50339,-8.67073,125.65824,-8.57891]},"geometry":{"type":"Polygon","coordinates":[[[125.6564483640002,-8.578909873999976],[125.6579666140002,-8.578980445999946],[125.65728759800015,-8.580430030999878],[125.65824127200005,-8.58141994499988],[125.65689849900002,-8.583990096999912],[125.65737152100007,-8.585599898999874],[125.65646362300026,-8.586600303999887],[125.6577911380001,-8.587590217999889],[125.65720367400013,-8.588649749999888],[125.65756225600012,-8.590640067999914],[125.6564483640002,-8.59183978999988],[125.65534973100011,-8.595749854999838],[125.6541137700001,-8.596859931999916],[125.65451049800004,-8.598710059999974],[125.65297699000018,-8.59939956699992],[125.65305328400007,-8.601059913999904],[125.6503601070001,-8.604459762999909],[125.6369934080002,-8.611339568999938],[125.63445282000009,-8.613430022999978],[125.63137817400013,-8.61855030099997],[125.6294937130001,-8.62839984899989],[125.62590789800015,-8.630649566999978],[125.61858367900027,-8.631770133999964],[125.61847686800002,-8.633270263999918],[125.61643981900022,-8.63449954999993],[125.61424255400004,-8.637860297999907],[125.61257934600008,-8.637619971999925],[125.60858154300013,-8.638689994999936],[125.60385894800004,-8.638050078999981],[125.60249328600003,-8.63914012899994],[125.6001968380001,-8.638859748999948],[125.5964431760001,-8.642339705999916],[125.59410095200008,-8.643610000999956],[125.5915069580002,-8.643679618999954],[125.59049224900002,-8.644319533999862],[125.58651733400018,-8.647540091999872],[125.58426666300022,-8.651359557999967],[125.57198333700012,-8.652589797999894],[125.56919097900004,-8.652099608999833],[125.5662231450001,-8.65532970399994],[125.56540679900013,-8.657320022999954],[125.56566619900002,-8.658519744999978],[125.56453704800015,-8.659099578999928],[125.56006622300015,-8.657079696999972],[125.55729675300017,-8.65443038899997],[125.55329132100007,-8.653550147999965],[125.5482330320001,-8.651040076999834],[125.54683685300017,-8.65128993999997],[125.54621124300024,-8.653120040999966],[125.54228210400015,-8.655870437999909],[125.53700256300021,-8.663450240999907],[125.53558349600007,-8.663940429999968],[125.53529357900004,-8.666080474999944],[125.53376007100019,-8.669380187999934],[125.53398895300006,-8.670499801999938],[125.53269958500016,-8.670729636999965],[125.5309066770003,-8.669619559999944],[125.53012085000023,-8.665690421999898],[125.52906036400009,-8.66555023199993],[125.52818298300019,-8.663160323999932],[125.52720642100007,-8.66294956199988],[125.52781677200005,-8.662190436999936],[125.52760314900002,-8.66117954299989],[125.52664947500011,-8.66020965599995],[125.5266723630001,-8.659049987999879],[125.52429199200003,-8.656599997999876],[125.52501678500005,-8.65423965499997],[125.52456665000022,-8.653260230999933],[125.5226593020003,-8.652179717999957],[125.5216598510001,-8.64700984999996],[125.51651763900009,-8.644929885999886],[125.51383972200017,-8.64519977599997],[125.51119232200006,-8.644169806999969],[125.50965118400018,-8.643019675999938],[125.50891876200012,-8.641480445999946],[125.50540924100005,-8.639080047999926],[125.50437927200005,-8.639820098999962],[125.5033874510001,-8.638270377999902],[125.50390625000011,-8.635390281999946],[125.51138305700033,-8.634590148999962],[125.51374054000007,-8.635129928999959],[125.51437377900004,-8.631810187999918],[125.51239013700001,-8.62921047199984],[125.51400756800001,-8.62483978299997],[125.51734924300001,-8.621669768999936],[125.52094268800022,-8.620490073999974],[125.52810668900008,-8.613349914999901],[125.53500366200012,-8.61546039599989],[125.53764343300008,-8.617609977999962],[125.54255676300022,-8.620189666999977],[125.5444564820001,-8.623009681999974],[125.54840087900004,-8.621700286999896],[125.55042266800012,-8.62407970399994],[125.5531387330002,-8.623390197999925],[125.56281280500002,-8.62759017899998],[125.56578064000018,-8.627090453999926],[125.5665588380001,-8.626029967999955],[125.5651931760001,-8.625639914999908],[125.56569671600005,-8.624059676999877],[125.56697082500034,-8.624170302999971],[125.5676879880001,-8.623499869999932],[125.56870269800004,-8.62471961999995],[125.56997680700022,-8.624810218999926],[125.57280731200001,-8.623999595999976],[125.5736236570001,-8.623559951999937],[125.57380676300022,-8.622449874999916],[125.57586669900013,-8.621999740999968],[125.57585907000009,-8.620300292999957],[125.58003997800017,-8.619540214999972],[125.58361053500005,-8.614410399999883],[125.58969116200001,-8.609479903999954],[125.58912658700001,-8.606869697999912],[125.59075927700007,-8.604430198999978],[125.5944137570001,-8.603610038999932],[125.59542846700003,-8.602290153999888],[125.59902191200013,-8.602140426999938],[125.60050964400011,-8.600859641999932],[125.60328674300013,-8.601249694999979],[125.60807037400002,-8.599820136999881],[125.60854339600007,-8.59788989999987],[125.6066970830002,-8.596349715999906],[125.60276794400022,-8.58948993699994],[125.61847686800002,-8.582880019999891],[125.62288665800008,-8.585080146999871],[125.6256103520002,-8.58413028699988],[125.63577270500002,-8.591799735999928],[125.64250183100023,-8.593729972999938],[125.64388275100009,-8.59354972799997],[125.64691162100007,-8.592490195999972],[125.64914703400018,-8.590550422999968],[125.64972686800002,-8.588839530999962],[125.65072631800012,-8.588399886999923],[125.65361022900004,-8.584540366999875],[125.65487670900006,-8.581359862999875],[125.65461731000005,-8.580430030999878],[125.6564483640002,-8.578909873999976]]]}},{"type":"Feature","properties":{"id":"TL0902","name":"Laut\u00e9m","muni_id":"TL09","muni_name":"Laut\u00e9m","_lon":126.81221,"_lat":-8.44698,"_bbox":[126.69521,-8.57186,127.11555,-8.32213]},"geometry":{"type":"Polygon","coordinates":[[[127.00166320800008,-8.322130202999915],[127.00717926000016,-8.326539992999926],[127.0095062260001,-8.327440261999925],[127.01087951700015,-8.327260016999901],[127.01499176000016,-8.332059859999958],[127.01553344700005,-8.331890105999946],[127.01946258500027,-8.335550307999938],[127.02525329600007,-8.339189528999952],[127.02754211400008,-8.339420318999942],[127.03176879900013,-8.341309546999923],[127.03530883800022,-8.33897018399989],[127.03755950900018,-8.340689658999963],[127.04295349100005,-8.34284973099983],[127.0472335820001,-8.343560218999926],[127.05429077100018,-8.3528499599999],[127.0613098140002,-8.359560012999907],[127.06276702900004,-8.361439704999896],[127.06339263900009,-8.36363029499995],[127.07144928000014,-8.364819526999952],[127.07289886500007,-8.363739966999901],[127.08020782500012,-8.364760398999863],[127.08231353800022,-8.364709853999955],[127.08278656000027,-8.364080428999898],[127.08892059300001,-8.366439818999822],[127.0999908450001,-8.366390227999887],[127.10575103800022,-8.367659568999954],[127.10909271200012,-8.36762046799987],[127.11020660400004,-8.366809844999977],[127.11554718000002,-8.36818027499993],[127.11344146700014,-8.371569632999979],[127.11195373500016,-8.375670432999925],[127.11279296900011,-8.378809928999942],[127.11348724400011,-8.388030051999976],[127.11176300000011,-8.39457035099997],[127.10977172900004,-8.396920203999969],[127.10722351100026,-8.395870208999952],[127.1038436890002,-8.396419524999942],[127.09528350800008,-8.402629851999961],[127.09037017800017,-8.405409812999949],[127.08738708500016,-8.406020163999926],[127.0737533570001,-8.406180381999945],[127.0663986210003,-8.409049987999936],[127.05226135300018,-8.411299705999909],[127.05088043200021,-8.411239623999847],[127.04994964600007,-8.409779548999836],[127.03794860800008,-8.408029555999974],[127.03061676000027,-8.405389785999887],[127.02178192100018,-8.409210204999965],[127.01640319800003,-8.408169745999942],[127.00933837900016,-8.408349990999966],[127.00470733600002,-8.404749869999876],[127.00270080600012,-8.403989791999948],[126.99899292000009,-8.40392017399995],[126.99170684800015,-8.405099868999969],[126.98290252700008,-8.408069610999917],[126.97638702400002,-8.412650107999923],[126.96145629900002,-8.421139716999903],[126.9545364380001,-8.427220344999967],[126.94843292200005,-8.431079864999901],[126.91735076900022,-8.446749686999965],[126.91800689700017,-8.45018958999998],[126.91739654500009,-8.452619552999977],[126.91401672400013,-8.450460433999922],[126.91214752200005,-8.450340270999959],[126.91110992400002,-8.45256996199987],[126.91120910600023,-8.454270362999978],[126.91182708700023,-8.455769538999903],[126.91443634000007,-8.456259726999974],[126.91497039800004,-8.457550048999963],[126.91342926000004,-8.460880279999913],[126.91420745800008,-8.461359977999905],[126.91661071800002,-8.460940360999928],[126.91533660900018,-8.461810111999966],[126.91515350300017,-8.463569640999935],[126.91606140100009,-8.464369773999977],[126.91861724900002,-8.46422004699997],[126.91594696000016,-8.465709685999911],[126.91396331800001,-8.464070319999905],[126.91246032700008,-8.466360091999832],[126.91272735600023,-8.469240188999834],[126.91414642300015,-8.470359801999905],[126.91291809100005,-8.472680091999962],[126.91354370100021,-8.473420142999828],[126.91441345200008,-8.473360061999927],[126.91406250000023,-8.477959632999898],[126.91555786100002,-8.479689597999936],[126.91300964400011,-8.481650351999917],[126.90953826900022,-8.486069678999911],[126.90988159200015,-8.487400054999853],[126.91178131100003,-8.488690375999965],[126.91425323500005,-8.488120078999941],[126.91403961200012,-8.490530013999944],[126.9136962890002,-8.491239547999896],[126.91163635300006,-8.49176979099991],[126.91001892100007,-8.49079990399997],[126.90772247300026,-8.490519523999922],[126.90767669700006,-8.49337005599989],[126.90886688200021,-8.49631977099989],[126.90442657500023,-8.502140044999976],[126.90055084200014,-8.50360965699997],[126.90017700200008,-8.504940032999912],[126.90074157700019,-8.506899833999967],[126.89878845200008,-8.50741004899993],[126.89817047100007,-8.508549689999882],[126.89685058600003,-8.509099959999958],[126.8933715820001,-8.509790420999877],[126.89174652100019,-8.511779784999874],[126.88674926800002,-8.515150069999947],[126.88423919700006,-8.515680312999962],[126.884483337,-8.517259597999953],[126.88657379200004,-8.51725006099997],[126.88654327400002,-8.5177097319999],[126.88400268600014,-8.5219497679999],[126.88211822500011,-8.52256965599986],[126.88207244900002,-8.52377033199997],[126.88665771500018,-8.525449752999862],[126.88910675000022,-8.525090217999946],[126.88954925500013,-8.526610373999972],[126.88741302500011,-8.527609824999956],[126.8871231080002,-8.529829978999885],[126.88359832800006,-8.532320022999954],[126.88503265400004,-8.535200118999967],[126.88184356700003,-8.538949965999905],[126.880912781,-8.541589736999981],[126.88083648700024,-8.54413032499997],[126.88126373300008,-8.545809745999918],[126.88374328600014,-8.54761028299987],[126.88345336900022,-8.549719809999885],[126.87993621800013,-8.552760123999917],[126.87976074200014,-8.556189536999966],[126.87770080600001,-8.557319640999879],[126.87724304200003,-8.55961990399993],[126.87840271000005,-8.560819625999898],[126.87777710000012,-8.562150001999953],[126.87416076700015,-8.562939643999925],[126.87425994900002,-8.56715965299992],[126.87233734100028,-8.568070411999884],[126.8720397950002,-8.57149028799995],[126.86972045900029,-8.571860312999945],[126.8674926760001,-8.571390151999935],[126.86765289300013,-8.569169997999893],[126.86675262500023,-8.567020415999878],[126.8597335820001,-8.562939643999925],[126.859786987,-8.557660102999876],[126.85749816900011,-8.558250426999962],[126.8577270510001,-8.55733966799994],[126.85621643100012,-8.556289672999924],[126.85643005400016,-8.555179595999903],[126.85801696800002,-8.553420066999877],[126.85764312700007,-8.552849769999966],[126.85645294200003,-8.553400039999929],[126.85610961900034,-8.552650451999966],[126.85841369600007,-8.551859855999965],[126.85851287800017,-8.550930022999921],[126.85645294200003,-8.549739837999937],[126.85633087200006,-8.546699523999905],[126.8584976200001,-8.546070098999962],[126.85852050800008,-8.54423999799991],[126.85791778600014,-8.543080329999952],[126.85617828400007,-8.543080329999952],[126.85536956800013,-8.541649817999826],[126.85722351100014,-8.540390014999957],[126.85671234100016,-8.539719581999975],[126.85298156700003,-8.539699553999924],[126.85349273700001,-8.537289618999921],[126.85185241700003,-8.536419867999882],[126.85130310100021,-8.534990310999945],[126.85217285200008,-8.533169745999942],[126.85143280000023,-8.531700133999834],[126.85193634000007,-8.529410361999908],[126.85101318400007,-8.528869628999928],[126.84944152800006,-8.529120444999819],[126.8497085570001,-8.526269912999965],[126.84792327900016,-8.525079726999877],[126.8492431640002,-8.524470328999826],[126.8486022950002,-8.523639678999928],[126.84908294700017,-8.522339820999946],[126.84826660200008,-8.521630286999937],[126.8461074830002,-8.522250174999897],[126.84665679900002,-8.52116966199992],[126.84841156000016,-8.520600318999811],[126.84813690200019,-8.518859862999932],[126.84607696500018,-8.518730163999976],[126.84819793700012,-8.51615047499996],[126.84439086900011,-8.514639853999938],[126.84223175000022,-8.51677989999996],[126.84171295200008,-8.514329909999958],[126.8398666380001,-8.51469039899996],[126.8384017940001,-8.513360022999905],[126.83669281000005,-8.513629912999932],[126.83567810100021,-8.509090423999965],[126.83397674600008,-8.507980346999943],[126.8331832890002,-8.505020141999978],[126.830490112,-8.502389907999941],[126.83141326900011,-8.500949859999821],[126.83146667500012,-8.499529838999933],[126.82779693600014,-8.496270179999954],[126.82785034200015,-8.49483013199989],[126.82922363300031,-8.493639945999917],[126.82700347900015,-8.491580008999847],[126.82672119100005,-8.490850448999879],[126.82782745400016,-8.489580153999952],[126.82618713400018,-8.488349914999844],[126.8245468140002,-8.487689971999941],[126.82099151600016,-8.488539695999975],[126.81896972700008,-8.487589835999927],[126.81585693400007,-8.489560126999947],[126.80742645300018,-8.485859870999946],[126.79898071300022,-8.487319945999957],[126.78965759300024,-8.49162006399996],[126.78560638400018,-8.491760253999928],[126.78308868400006,-8.493309974999875],[126.78159332300004,-8.49306011199991],[126.77532959000007,-8.495929717999957],[126.76917266800001,-8.500180243999978],[126.76554870600023,-8.501609801999962],[126.76393127400002,-8.49983978299997],[126.76136779800015,-8.50014972699995],[126.75890350300006,-8.497440337999876],[126.75820922900004,-8.498609542999873],[126.75662994400022,-8.497340201999918],[126.7552108760002,-8.49736022899998],[126.75409698500016,-8.49491977699995],[126.75454711900011,-8.493269919999875],[126.75273132300015,-8.491800307999938],[126.75224304200015,-8.49353027299992],[126.75079345700021,-8.49271011399992],[126.74633026100003,-8.493829726999934],[126.74474334700017,-8.49289989499988],[126.74227142300015,-8.492819785999927],[126.7404632570001,-8.49386024499995],[126.73612213100023,-8.489170073999844],[126.7325973510001,-8.488059997999926],[126.72918701200012,-8.488479613999914],[126.72400665300006,-8.485500335999973],[126.72044372600021,-8.484419822999826],[126.71621704100016,-8.481719970999904],[126.7156906130001,-8.47821044899996],[126.7114410400003,-8.469969748999972],[126.71228027300003,-8.467570304999867],[126.71009063700001,-8.463310241999977],[126.70752716100003,-8.460370063999903],[126.70816803000002,-8.45783996599988],[126.70748138400006,-8.456870078999941],[126.70780181900022,-8.455419539999923],[126.70526123000002,-8.45022010799994],[126.70622253400018,-8.447810172999937],[126.70716095000023,-8.447219848999964],[126.70645141600028,-8.445929526999976],[126.70675659200015,-8.444910048999873],[126.70408630400016,-8.441800116999957],[126.7040481570001,-8.440609931999973],[126.70285797100007,-8.438790320999885],[126.6994171140002,-8.436530112999947],[126.69803619400011,-8.436289786999964],[126.69711303700024,-8.434989928999926],[126.6967468260001,-8.43276977499994],[126.69521331800001,-8.43060016599992],[126.6955871580002,-8.425160407999954],[126.70905304000007,-8.418470382999942],[126.71539306600005,-8.411999701999946],[126.71814727800006,-8.411470412999847],[126.7221603390002,-8.408510207999882],[126.72556304900002,-8.406889914999908],[126.73052215600012,-8.402819632999865],[126.73655700700033,-8.40357017499997],[126.74517059300001,-8.41388034799985],[126.75219726600005,-8.418319701999906],[126.75798034700006,-8.420800208999879],[126.76318359400011,-8.421759604999863],[126.76352691700004,-8.42121982599997],[126.76609039300001,-8.422419547999937],[126.7774429320001,-8.41796016699982],[126.78038787800006,-8.41796016699982],[126.7824020390002,-8.418760299999917],[126.78539276100003,-8.418160438999962],[126.78922271700014,-8.415960311999982],[126.79450225800008,-8.409839629999908],[126.79548645000034,-8.409799575999955],[126.79596710200019,-8.408570289999943],[126.79886627200005,-8.406999587999962],[126.80077362100019,-8.406229972999938],[126.81162262000021,-8.40616035499994],[126.82084655800008,-8.40151977499994],[126.82734680200019,-8.400380134999978],[126.8313598630001,-8.396610259999818],[126.8347778320001,-8.395250319999832],[126.83738708500005,-8.395380019999891],[126.84049987800006,-8.393280028999868],[126.84564209000018,-8.391189574999942],[126.85743713400018,-8.382149695999885],[126.88015747100019,-8.370269774999883],[126.88131713900009,-8.370010375999925],[126.88363647500012,-8.37131977099989],[126.88851928700001,-8.370289802999935],[126.8919296260002,-8.367449759999886],[126.89286041300034,-8.367300033999925],[126.89392089800003,-8.365659713999946],[126.89568328900032,-8.365420340999947],[126.9048080440001,-8.361089705999973],[126.90863800000011,-8.357230185999867],[126.91661071800002,-8.352259635999928],[126.92931366000016,-8.34134960199998],[126.93566894500009,-8.337269782999897],[126.94113159200026,-8.335370063999903],[126.94584655800008,-8.334850310999911],[126.95619964600019,-8.328849791999914],[126.96112060500013,-8.326689719999877],[126.99297332800018,-8.323769568999865],[126.9990692140002,-8.32215976699996],[127.00166320800008,-8.322130202999915]]]}},{"type":"Feature","properties":{"id":"TL0703","name":"Letefoho","muni_id":"TL07","muni_name":"Ermera","_lon":125.43894,"_lat":-8.83978,"_bbox":[125.3812,-8.90527,125.52281,-8.77044]},"geometry":{"type":"Polygon","coordinates":[[[125.44863891600005,-8.770440101999895],[125.45831298800022,-8.770959853999841],[125.46022033700001,-8.772130012999924],[125.46105957000009,-8.77367019699983],[125.45902252200005,-8.776280402999873],[125.45771026600005,-8.776679992999902],[125.45649719200003,-8.778639792999968],[125.45552063000025,-8.778989791999948],[125.45555877700008,-8.780179976999932],[125.45422363300031,-8.780690192999884],[125.45497131300021,-8.782480239999927],[125.45970916700003,-8.786109923999959],[125.45987701400009,-8.790940284999863],[125.46015930200019,-8.792180060999954],[125.46102905300029,-8.792309760999842],[125.46092987100008,-8.796090125999967],[125.46183776900011,-8.797200202999932],[125.46272277800006,-8.79675006899987],[125.46399688700001,-8.802049636999868],[125.46630096400031,-8.799090384999886],[125.46803283700001,-8.798290252999948],[125.46993255600023,-8.800530433999938],[125.47202301000004,-8.800049781999974],[125.47310638400029,-8.798600196999928],[125.47712707500034,-8.799599647999912],[125.47650146500007,-8.798549651999906],[125.4778137210003,-8.797880172999953],[125.47808075000012,-8.799010276999923],[125.47992706300022,-8.80020999899989],[125.48016357400013,-8.804039954999894],[125.48294830300006,-8.804360389999943],[125.48387146000016,-8.806460380999965],[125.48370361300022,-8.80823993699994],[125.48631286600005,-8.810279845999958],[125.48645019500009,-8.812780379999936],[125.49157714800003,-8.817290305999961],[125.49458313000002,-8.823450088999891],[125.49413299600008,-8.826990127999977],[125.49311065700033,-8.827850341999977],[125.49442291300022,-8.83053016699995],[125.49378204300012,-8.83355998999997],[125.49469757100019,-8.835200309999891],[125.4958572390002,-8.842659949999927],[125.49707794200003,-8.845310210999912],[125.49748230000012,-8.850700377999942],[125.4989166260001,-8.850799560999974],[125.50219726600017,-8.849399566999978],[125.50418853800022,-8.850410460999854],[125.50554657000032,-8.850250243999938],[125.50808715800008,-8.848380088999875],[125.50776672400002,-8.850179671999854],[125.50917816200024,-8.852100371999938],[125.50981140100032,-8.8543796539999],[125.5159301760001,-8.859660148999922],[125.51625061000016,-8.862609862999818],[125.51828765900018,-8.86445045499994],[125.52101135300029,-8.865610122999897],[125.52104950000012,-8.86728954299997],[125.52281189000018,-8.871489524999902],[125.52188873300008,-8.87425041199998],[125.5208892820001,-8.875140189999968],[125.51854705800008,-8.87541961699992],[125.51815795900006,-8.876620292999974],[125.51648712200017,-8.87720012699998],[125.5147476200001,-8.879289626999935],[125.51157379200004,-8.879940032999912],[125.51077270500014,-8.881199836999883],[125.5046234130001,-8.883090018999951],[125.5036468510001,-8.884409903999938],[125.50509643600003,-8.884819983999932],[125.50356292700008,-8.885230063999927],[125.50296020500014,-8.88702011099997],[125.50330352800006,-8.888440131999971],[125.50277710000012,-8.889280318999965],[125.5033874510001,-8.890130042999829],[125.50150299100017,-8.890480041999922],[125.50060272200005,-8.892459868999936],[125.49947357200006,-8.892290114999923],[125.500053406,-8.89325046499988],[125.49797821000016,-8.89373969999997],[125.49730682400002,-8.892290114999923],[125.49375152600032,-8.890290259999915],[125.4930267330003,-8.887339591999933],[125.49054718000002,-8.886560439999869],[125.48973846400008,-8.885339736999867],[125.47741699200026,-8.882340430999932],[125.47222137500012,-8.884369849999928],[125.46961975100021,-8.887880324999912],[125.4683609010001,-8.891659736999827],[125.46420288100035,-8.891719817999899],[125.46138000500002,-8.894809722999867],[125.45935821500007,-8.895219802999975],[125.45826721200012,-8.897020339999813],[125.45675659200003,-8.896889686999941],[125.45570373500004,-8.897700309999948],[125.45385742200017,-8.897939681999958],[125.45188140900018,-8.899580001999936],[125.44869232200017,-8.899410247999924],[125.44551849400011,-8.900540351999894],[125.44391632100019,-8.900369643999909],[125.44223022500012,-8.901490210999896],[125.44232177700019,-8.903730391999886],[125.44136047400013,-8.905269622999981],[125.42881012000021,-8.905010222999977],[125.42774200400027,-8.903169631999958],[125.42070770300006,-8.896459578999952],[125.42003631600005,-8.89468955999996],[125.4174270630001,-8.895099639999955],[125.4089431760001,-8.898480414999824],[125.40361785900006,-8.89898967699986],[125.40210723900009,-8.897609710999973],[125.40477752700008,-8.888549804999968],[125.39833831800013,-8.884969710999883],[125.39550781200023,-8.884900092999885],[125.39269256600016,-8.881979941999873],[125.38981628400006,-8.877289771999926],[125.38832092300004,-8.876230239999927],[125.38760376000016,-8.87152004199993],[125.38474273700012,-8.869979857999965],[125.38247680700022,-8.867309569999918],[125.38408660900018,-8.866109847999951],[125.38625335700021,-8.8661298749999],[125.3868713380001,-8.865550040999892],[125.38543701200024,-8.859640120999927],[125.38626098600002,-8.855819701999962],[125.38864898700001,-8.851340293999954],[125.38510894800015,-8.846110343999953],[125.38120269800004,-8.842510222999977],[125.38374328600025,-8.83703994799987],[125.3825531010001,-8.83576011699995],[125.38247680700022,-8.834739684999874],[125.38497924800004,-8.83024978599991],[125.38746643100001,-8.830960273999892],[125.39330291700014,-8.83106040999985],[125.39526367200006,-8.830510138999955],[125.4005126950002,-8.824850081999898],[125.40236663800022,-8.824489593999942],[125.40306091300033,-8.822979926999892],[125.40447998000002,-8.823080062999907],[125.40744781500007,-8.817500113999813],[125.40962219200014,-8.815569877999963],[125.41137695300006,-8.81284999799982],[125.4124832150003,-8.813039779999883],[125.41272735600012,-8.814000129999954],[125.4115676880001,-8.813710212999922],[125.41095733600025,-8.814209937999976],[125.41325378400006,-8.815099715999963],[125.41484832800018,-8.81268978099996],[125.4138488770003,-8.81157016799989],[125.41586303700001,-8.810429572999908],[125.42001342800029,-8.809900283999923],[125.42102050800008,-8.8103199009999],[125.4222335820001,-8.80873966199988],[125.42534637500023,-8.808440207999979],[125.42530822800018,-8.806570052999973],[125.42639923100012,-8.803830146999928],[125.42755889900013,-8.803279876999966],[125.42746734600007,-8.801730155999905],[125.4285278320001,-8.801340102999973],[125.42807769800015,-8.800829886999963],[125.43335723900009,-8.79827976199988],[125.43406677200005,-8.797120093999922],[125.43370056200001,-8.796360015999937],[125.43450164800004,-8.795269965999978],[125.43388366700015,-8.793470382999942],[125.43514251700003,-8.79292011299998],[125.43463134800004,-8.791919707999966],[125.43488311800013,-8.787759780999977],[125.43547821000016,-8.786680221999973],[125.43742370600023,-8.786620139999968],[125.43875885000023,-8.785300254999925],[125.43956756600016,-8.78155040699994],[125.44093322800018,-8.780489921999902],[125.44265747100008,-8.777669906999904],[125.44358062700007,-8.772800445999962],[125.44486236600017,-8.772680282999886],[125.44863891600005,-8.770440101999895]]]}},{"type":"Feature","properties":{"id":"TL0802","name":"Liqui\u00e7\u00e1","muni_id":"TL08","muni_name":"Liqui\u00e7\u00e1","_lon":125.33462,"_lat":-8.66056,"_bbox":[125.2311,-8.73473,125.36833,-8.58363]},"geometry":{"type":"Polygon","coordinates":[[[125.33957672100018,-8.58362960799991],[125.33872222900015,-8.595359801999962],[125.3393783570001,-8.603759765999826],[125.33850860600012,-8.606240272999969],[125.34114837600009,-8.61021041899994],[125.33963775600012,-8.612669944999936],[125.33969879200004,-8.613880156999812],[125.34130859400034,-8.614760398999977],[125.34314727800006,-8.618020057999956],[125.34406280500002,-8.620039939999913],[125.34391784700017,-8.622460364999824],[125.35797119100016,-8.63012027699989],[125.3597564700001,-8.632069587999979],[125.36135101300022,-8.632060050999883],[125.36406707800006,-8.63496971099994],[125.36477661100014,-8.639760016999901],[125.36389923100012,-8.639989852999975],[125.36121368400006,-8.638349532999882],[125.35944366500007,-8.638250350999954],[125.35865020800009,-8.63895034799998],[125.35888671900022,-8.64035987899996],[125.3602981570001,-8.643580436999969],[125.36206054700006,-8.645469665999883],[125.36475372300015,-8.647069930999976],[125.36464691200013,-8.651169776999893],[125.36810302700019,-8.657199859999935],[125.36833190900006,-8.6626396179999],[125.36673736600005,-8.666430472999934],[125.36657714800015,-8.669960021999941],[125.36579132100007,-8.671859740999935],[125.36451721200001,-8.672880172999953],[125.36199188200021,-8.673000335999973],[125.36134338400018,-8.673780440999963],[125.36170196500007,-8.675209998999946],[125.35989379900002,-8.675559997999926],[125.35913848900009,-8.67714977299994],[125.36102294900002,-8.67815971399989],[125.3602981570001,-8.67994022399995],[125.36183929400033,-8.687029838999933],[125.36054229700005,-8.693360328999972],[125.35743713400007,-8.700119971999982],[125.35874176000004,-8.702019690999919],[125.3583374020003,-8.703840255999921],[125.3547973630001,-8.705069541999933],[125.35385894800015,-8.70501995099994],[125.35356140100009,-8.703300475999868],[125.34863281200012,-8.704350470999884],[125.34793853800022,-8.70285034199992],[125.34549713100012,-8.701789855999948],[125.3455963130001,-8.699230193999881],[125.34359741200001,-8.69723987599997],[125.34200286900011,-8.69766044599993],[125.34127044700017,-8.699660300999938],[125.33995819100005,-8.700340270999902],[125.33763885500002,-8.699749946999816],[125.33735656700014,-8.698869704999879],[125.33878326400009,-8.696350097999868],[125.3366775510001,-8.695010184999944],[125.33518219000007,-8.69536018399998],[125.3350830080002,-8.697850226999947],[125.33267211900011,-8.696430205999945],[125.33074951200012,-8.696100234999903],[125.3248291020002,-8.697319983999932],[125.32189941400009,-8.699680327999829],[125.31884002700019,-8.697959899999944],[125.31968689000018,-8.69653034199996],[125.32186889600007,-8.695590018999951],[125.32180023200021,-8.694919585999912],[125.3183822630001,-8.693699836999883],[125.31720733600002,-8.692279815999882],[125.31617736800001,-8.692060470999877],[125.3157577510002,-8.692799567999941],[125.31646728500016,-8.694459914999982],[125.31616210900006,-8.69633006999993],[125.31484985400016,-8.69664955099995],[125.3130569460003,-8.695010184999944],[125.31154632600021,-8.695329665999907],[125.31069183300008,-8.69707965899994],[125.31082916300011,-8.701299666999944],[125.30751037600021,-8.702170371999955],[125.30766296400009,-8.704959868999936],[125.30703735400016,-8.70602035499985],[125.30402374300013,-8.705920218999893],[125.30037689200026,-8.704569816999822],[125.29797363300008,-8.70627021799993],[125.29187011700014,-8.707900046999953],[125.29026794400033,-8.709589957999981],[125.28864288300008,-8.713680266999916],[125.28648376500018,-8.715920447999906],[125.27481079100016,-8.722960471999954],[125.26962280300006,-8.724800109999933],[125.26540374800004,-8.72502040899991],[125.26291656500007,-8.725870131999898],[125.25673675500002,-8.72883987399996],[125.24945068400018,-8.73402023299991],[125.24018096900011,-8.73472976699992],[125.23573303200021,-8.733240127999977],[125.23136138900009,-8.732830047999869],[125.23110199000007,-8.727720260999945],[125.23256683300019,-8.72537994399994],[125.23320007300003,-8.722680091999905],[125.23731231700003,-8.71940994299996],[125.23847961400008,-8.717430114999956],[125.2414627080002,-8.715959548999933],[125.24407196000004,-8.71331024199992],[125.24652862500022,-8.71323966999995],[125.24720764200003,-8.714289664999967],[125.24923706100014,-8.714670180999917],[125.25566101100003,-8.711389541999893],[125.2572937010001,-8.706899642999929],[125.26058197000009,-8.701919555999893],[125.2619476320001,-8.69729995699987],[125.26544952400013,-8.693989753999972],[125.26761627200005,-8.693010329999936],[125.26891326900011,-8.68986988099988],[125.26902771000005,-8.686940192999884],[125.27211761500007,-8.684049605999974],[125.27277374300002,-8.679650306999974],[125.27442169200003,-8.676030158999936],[125.27632141100003,-8.67424011199995],[125.27805328400007,-8.673990249999974],[125.27963256800001,-8.675539969999875],[125.28624725300028,-8.676659583999935],[125.30052948000014,-8.67702960999992],[125.30223846400008,-8.675239562999877],[125.30194091800001,-8.673870086999898],[125.30319213900009,-8.671620368999925],[125.30161285400004,-8.66923046099987],[125.30217742900015,-8.666970252999931],[125.30084228500016,-8.661990165999896],[125.30113220200008,-8.659130095999956],[125.30255889900002,-8.657219886999826],[125.30309295700022,-8.65318012199998],[125.3017272950002,-8.648590087999878],[125.2991333010001,-8.645489692999945],[125.2983322140002,-8.64352989199989],[125.29994201700003,-8.641369819999966],[125.29965210000012,-8.637949943999956],[125.30235290500025,-8.633890151999879],[125.30338287400014,-8.630370139999968],[125.30303955100021,-8.628689765999923],[125.29960632300003,-8.625610351999967],[125.29940795900029,-8.620289802999821],[125.29418945300017,-8.606430053999873],[125.29414367700008,-8.60276985199988],[125.29818725600012,-8.601869582999939],[125.30928039600008,-8.589710235999974],[125.31063079800015,-8.589300155999979],[125.31761932400013,-8.589969634999932],[125.3253173830002,-8.59165954599996],[125.33112335200019,-8.584670066999934],[125.33957672100018,-8.58362960799991]]]}},{"type":"Feature","properties":{"id":"TL0202","name":"Liquidoe","muni_id":"TL02","muni_name":"Aileu","_lon":125.71952,"_lat":-8.73202,"_bbox":[125.62277,-8.78689,125.81771,-8.67852]},"geometry":{"type":"Polygon","coordinates":[[[125.63950347900015,-8.68012046799987],[125.64189910900006,-8.679719924999972],[125.65020752000021,-8.68128967299998],[125.6541900630001,-8.684160232999886],[125.65956878700001,-8.686180114999956],[125.66098022500023,-8.687829970999871],[125.66314697300027,-8.688770293999937],[125.66380310100021,-8.692839621999951],[125.66545105000023,-8.695329665999907],[125.66896057100007,-8.69594955399998],[125.67256164600008,-8.695099830999823],[125.67784118700001,-8.69641971599998],[125.68705749500009,-8.703229903999954],[125.69302368200022,-8.702879905999964],[125.69326019300001,-8.701669692999928],[125.6954116820001,-8.700940131999971],[125.6966171260002,-8.701979636999909],[125.69745636000016,-8.701160430999892],[125.69933319100028,-8.701140403999943],[125.69972229000007,-8.702329635999831],[125.70108032200017,-8.70269012499989],[125.70340728800011,-8.700679778999927],[125.7054519650003,-8.700380324999912],[125.70855712900004,-8.69873046899994],[125.71022033700012,-8.695630073999894],[125.7119369510001,-8.694689750999885],[125.71437072800006,-8.69207000699987],[125.72235107400013,-8.689760207999882],[125.72383880600012,-8.688759803999972],[125.72901916500018,-8.689180373999875],[125.72962951700003,-8.69130039199996],[125.73135376000016,-8.692370414999857],[125.73341369600007,-8.692629813999929],[125.73451995800008,-8.696379661999913],[125.73504638700024,-8.69641971599998],[125.73574829100005,-8.694009780999977],[125.7391281130001,-8.694230079999954],[125.7433929440001,-8.695489882999937],[125.75229644800015,-8.693180083999948],[125.75411224400011,-8.695010184999944],[125.75543212900016,-8.70005035399987],[125.75682830800008,-8.701499938999916],[125.75850677500011,-8.70160007499993],[125.76123046900011,-8.70084953299994],[125.76731872600033,-8.696660041999962],[125.77086639400011,-8.69587993599987],[125.77065277100007,-8.694109916999878],[125.77175903300008,-8.694490432999942],[125.77142334000018,-8.696379661999913],[125.77200317400002,-8.696700095999972],[125.77271270800009,-8.695699691999891],[125.77348327600009,-8.696590423999965],[125.77493286100002,-8.696550368999851],[125.77778625500002,-8.694210051999903],[125.78317260700021,-8.693840026999965],[125.78707122800006,-8.694660186999954],[125.78978729200026,-8.69223022499989],[125.7913131710003,-8.69221973399982],[125.79665374800015,-8.689149856999904],[125.79966735800008,-8.688349723999977],[125.79953002900004,-8.686440467999944],[125.80091095000012,-8.685560225999836],[125.80271911600016,-8.685150145999899],[125.80500030500002,-8.686479567999982],[125.8075637820001,-8.684060096999872],[125.8095626830002,-8.683300017999954],[125.81342315700022,-8.683369636999942],[125.8137817380001,-8.693849563999947],[125.81233978300008,-8.699680327999829],[125.81294250500002,-8.705739974999915],[125.81239318800021,-8.709420203999969],[125.81022644000018,-8.713379859999918],[125.8122863770003,-8.716320037999935],[125.81433868400006,-8.723779677999858],[125.8177108760002,-8.72955036199994],[125.80757904100005,-8.736760138999955],[125.80668640100009,-8.738329886999907],[125.80700683600003,-8.740329741999915],[125.8053207400003,-8.741820334999943],[125.80587768600003,-8.744700431999945],[125.803146362,-8.74553012799987],[125.80281066900022,-8.747960090999925],[125.80043792700019,-8.749420165999936],[125.7987213130001,-8.749710082999968],[125.79334259000007,-8.748390197999981],[125.7926330570001,-8.745789527999932],[125.79125213600014,-8.74542045599992],[125.79031372100008,-8.743700026999875],[125.78855896000005,-8.742730140999925],[125.78531646700026,-8.744620322999822],[125.78410339400034,-8.742899894999937],[125.78154754600007,-8.742179870999962],[125.78131866500007,-8.741129874999956],[125.78002929700017,-8.739979743999982],[125.77825927700007,-8.73929977399996],[125.77660369900002,-8.73987007099987],[125.77545166000004,-8.739239692999945],[125.76933288600003,-8.739580153999952],[125.7687835690001,-8.74149990099994],[125.77130127000021,-8.744930266999972],[125.77139282200005,-8.747019767999916],[125.7681121830002,-8.754630088999875],[125.76740264900013,-8.755430221999916],[125.76374054000007,-8.75669956199988],[125.7636413570001,-8.75961017599991],[125.75955200200008,-8.758620261999909],[125.75959777800006,-8.76035976399993],[125.75781250000023,-8.763270377999902],[125.75691986100014,-8.763130187999934],[125.75594329800003,-8.761389731999884],[125.75390625000011,-8.761770247999948],[125.75401306200001,-8.766139983999835],[125.7528762820001,-8.770219802999975],[125.75354003900009,-8.77204990399997],[125.74874115000011,-8.77400016799993],[125.74527740500014,-8.780139922999922],[125.74104309100005,-8.780940055999963],[125.73930358900009,-8.784629821999886],[125.73706054700006,-8.786890029999938],[125.73451995800008,-8.786120414999857],[125.73194122300004,-8.784259795999901],[125.72662353500004,-8.78402996099993],[125.72367858900009,-8.783060073999934],[125.72296142600032,-8.781510352999874],[125.72453308100012,-8.779620170999976],[125.72528076200001,-8.777190207999922],[125.72341918900008,-8.775529860999939],[125.72207641600028,-8.772729873999936],[125.71977996800001,-8.773079871999926],[125.71867370600012,-8.772500037999976],[125.71827697800018,-8.770130156999926],[125.71495819100005,-8.769929885999886],[125.71404266400009,-8.767270087999975],[125.71041107200006,-8.766559600999926],[125.70697784400033,-8.762550353999927],[125.70265197800018,-8.761719703999916],[125.70133972200017,-8.763210296999887],[125.70097351100014,-8.76496028899993],[125.69844818100012,-8.763699531999976],[125.69644165000022,-8.764209746999825],[125.69579315200008,-8.762940406999974],[125.6943283080002,-8.76268958999998],[125.69364166300011,-8.76099967999994],[125.69143676800002,-8.761369704999936],[125.68932342500023,-8.75922965999996],[125.68744659400011,-8.758910178999827],[125.68576812700007,-8.760910033999892],[125.68434143100012,-8.760890006999944],[125.6845397950002,-8.759909629999925],[125.68670654300001,-8.7576799389999],[125.68625640900007,-8.755760192999958],[125.68354034400022,-8.756939887999977],[125.68147277800017,-8.755789756999945],[125.67864227300004,-8.757570266999892],[125.67738342300015,-8.756790160999913],[125.67597961400008,-8.759030341999903],[125.67443084700005,-8.758110045999956],[125.67357635500025,-8.76163005799998],[125.67237854000018,-8.76241016399996],[125.67298126200012,-8.763239860999931],[125.67199707000009,-8.763759612999877],[125.6708908080002,-8.763130187999934],[125.67166137700008,-8.75930023199993],[125.66980743400006,-8.761039733999894],[125.66636657700008,-8.761440276999906],[125.66567993200033,-8.760869979999882],[125.66433715800008,-8.761750220999886],[125.66471099900002,-8.762809752999885],[125.66107177700019,-8.764160155999889],[125.65895843500027,-8.762669562999918],[125.65512085000012,-8.76453018199993],[125.65421295200008,-8.762570380999875],[125.65196991000016,-8.760569571999895],[125.64984893800022,-8.759619712999893],[125.64878082300004,-8.754429816999846],[125.64765167200005,-8.753310203999945],[125.6470184330002,-8.750989913999888],[125.64723968500005,-8.748749732999897],[125.64353942900016,-8.741769790999967],[125.64396667500012,-8.740289687999962],[125.64066314700017,-8.7402696609999],[125.63851928700001,-8.739009856999928],[125.63728332500011,-8.73898982999998],[125.63359832800029,-8.740679740999894],[125.6313934330002,-8.743869780999887],[125.62935638400018,-8.744979857999908],[125.62642669700017,-8.743249892999927],[125.62361145000034,-8.739049910999881],[125.62330627400013,-8.733420371999955],[125.62629699700005,-8.730620383999906],[125.62908172600021,-8.725850104999836],[125.62837982200017,-8.722909926999932],[125.62655639600007,-8.721750258999975],[125.62510681200013,-8.71393012999988],[125.62364196800002,-8.711629867999818],[125.62277221700026,-8.708510398999977],[125.6254577640002,-8.703729629999941],[125.6274108890002,-8.696550368999851],[125.62631225600012,-8.692239760999882],[125.62400054900013,-8.689160346999927],[125.62705230700021,-8.686169623999888],[125.62687683100012,-8.681960105999963],[125.63662719700017,-8.678520202999891],[125.63950347900015,-8.68012046799987]]]}},{"type":"Feature","properties":{"id":"TL0405","name":"Lolotoe","muni_id":"TL04","muni_name":"Bobonaro","_lon":125.24794,"_lat":-9.14585,"_bbox":[125.17062,-9.21349,125.35244,-9.07914]},"geometry":{"type":"Polygon","coordinates":[[[125.21932983400018,-9.091300010999873],[125.22191619900002,-9.096409797999968],[125.22943115200019,-9.094300269999962],[125.23886108400006,-9.09389972699995],[125.24205017100007,-9.094670295999947],[125.24780273400006,-9.098079680999945],[125.2573165890002,-9.101940154999966],[125.2593536380001,-9.103349685999888],[125.26020050000011,-9.107310294999934],[125.26421356200001,-9.10902976999995],[125.26524353000002,-9.11021041899994],[125.26756286600005,-9.114959716999863],[125.27108764600018,-9.119070052999973],[125.27243042000009,-9.123399733999975],[125.27655029300001,-9.122079848999931],[125.27957916300011,-9.123920440999825],[125.28234863300008,-9.121270179999897],[125.28695678700001,-9.119939803999955],[125.29228210400004,-9.120079993999923],[125.30063629200004,-9.11371040299997],[125.30667877200017,-9.115719794999961],[125.30851745600023,-9.11573982199991],[125.31197357200006,-9.113039969999932],[125.31987762500023,-9.111639976999982],[125.3201522830002,-9.117400168999893],[125.31960296600016,-9.11921024299994],[125.32099151600005,-9.122130393999953],[125.32465362500011,-9.125619887999903],[125.32763671900022,-9.12662982899991],[125.33117675800008,-9.126569747999895],[125.33199310300006,-9.127909659999943],[125.32898712200017,-9.129799842999944],[125.32615661600005,-9.13681030299989],[125.32012176500018,-9.14035987899996],[125.31745147700019,-9.143639564999887],[125.31717681900022,-9.148050307999881],[125.31617736800001,-9.15132999399998],[125.31687164300001,-9.155940055999963],[125.32111358600002,-9.157010077999928],[125.32424926800002,-9.160579680999888],[125.32740020800009,-9.161459922999882],[125.32917022700008,-9.163160323999875],[125.33051300000011,-9.162980079999897],[125.33101654100005,-9.163829802999942],[125.33306121800013,-9.163370131999955],[125.33881378200033,-9.165510177999977],[125.34052276600016,-9.165490149999926],[125.34368133500016,-9.168279647999896],[125.35180664100005,-9.171669959999917],[125.35243988000013,-9.173100470999884],[125.34760284400011,-9.17957973499989],[125.34503173800022,-9.181369780999944],[125.34459686300022,-9.18402004199993],[125.34580993700001,-9.187689780999904],[125.34147644000006,-9.191760062999947],[125.33920288100012,-9.195179938999956],[125.33560943600003,-9.197910308999894],[125.32692718500016,-9.194809913999961],[125.32373046900011,-9.195650100999956],[125.32219696000004,-9.198249816999919],[125.32145690900018,-9.198349952999877],[125.31964111300022,-9.195159911999895],[125.31610870400004,-9.197380065999937],[125.31127166700014,-9.19917011299998],[125.30348205600001,-9.205269813999905],[125.3003616330002,-9.203209876999892],[125.29695129400034,-9.20221996299989],[125.28591918900031,-9.200810431999969],[125.28064727800017,-9.204950332999942],[125.27986145000011,-9.208539962999964],[125.27852630600012,-9.210740088999898],[125.26725006100003,-9.203900336999936],[125.26374054000019,-9.20600032799996],[125.2588119510001,-9.207670211999925],[125.25608825700021,-9.209879874999956],[125.25460815400004,-9.212160109999957],[125.25108337400002,-9.213489531999926],[125.24836731000005,-9.211279868999895],[125.24726104700005,-9.208419799999945],[125.24600982700008,-9.207429885999943],[125.24392700200019,-9.208769797999935],[125.24201202400002,-9.208800315999895],[125.24252319300012,-9.210350036999955],[125.24144744900025,-9.211759566999945],[125.23950958300031,-9.210849761999896],[125.23922729500009,-9.210430144999918],[125.24025726300022,-9.209739684999931],[125.23827362100019,-9.208290099999942],[125.2347335820001,-9.208760261999942],[125.2313919070001,-9.206780433999938],[125.22705078100012,-9.205300330999933],[125.22557067900004,-9.202599524999926],[125.22556304900013,-9.199850081999898],[125.22820282000009,-9.194000243999938],[125.22850036600005,-9.192379950999907],[125.22798919700017,-9.191040038999972],[125.23164367700019,-9.187660216999916],[125.23194885300006,-9.185830115999863],[125.2309799190001,-9.184229850999884],[125.22982788100023,-9.179260253999928],[125.22530365000011,-9.175459861999968],[125.22120666500007,-9.17467021899995],[125.21486663800022,-9.172160148999978],[125.21177673300008,-9.170180320999975],[125.20704650900018,-9.17047023799995],[125.2028884890002,-9.169019698999932],[125.20062255900018,-9.16946983299988],[125.19925689700028,-9.168120383999963],[125.19515228300031,-9.16788005799998],[125.18437957800006,-9.162240027999871],[125.18357849100016,-9.162280082999814],[125.17920684800004,-9.166239737999945],[125.17783355700021,-9.160260200999915],[125.17642211900011,-9.158069610999974],[125.17887878400006,-9.153610228999923],[125.17845153800022,-9.151809691999972],[125.17900085400004,-9.151280402999873],[125.17870330800008,-9.148810386999969],[125.1792907710003,-9.146840095999949],[125.17783355700021,-9.144860267999888],[125.17620086700003,-9.144020080999951],[125.17629241900022,-9.14278984099991],[125.17563629200004,-9.142000197999948],[125.17574310300006,-9.136770247999948],[125.17314147900004,-9.13411045099997],[125.17201232900004,-9.130020141999921],[125.1726379390002,-9.127189635999969],[125.1712036130001,-9.125789641999916],[125.17185211200024,-9.12360954299993],[125.17062377900015,-9.123410224999873],[125.17125701900011,-9.120409965999954],[125.17286682100007,-9.118849753999939],[125.17469024700017,-9.118169784999964],[125.17833709700005,-9.118929862999892],[125.17923736600005,-9.118499755999949],[125.17907714800015,-9.117030143999841],[125.17772674600008,-9.114899634999972],[125.17806243900009,-9.112509726999917],[125.17463684100017,-9.109000205999962],[125.17320251500018,-9.106019973999935],[125.17604064900002,-9.104459762999909],[125.17799377400002,-9.10041999799995],[125.1780929570001,-9.098649978999958],[125.17733001700003,-9.096750258999975],[125.17878723100023,-9.093500136999921],[125.17923736600005,-9.087200164999956],[125.1801986690001,-9.083900451999966],[125.18187713600003,-9.081890105999946],[125.18390655500014,-9.081159591999835],[125.18710327100007,-9.084600448999936],[125.19062042200005,-9.084300040999949],[125.1935119630001,-9.086709975999952],[125.19622039800015,-9.086950301999877],[125.19830322300004,-9.091050147999908],[125.20307159400022,-9.092920302999914],[125.20561981200001,-9.091460227999903],[125.20790100100021,-9.091279983999925],[125.21064758300008,-9.08815956099994],[125.21317291300011,-9.087400435999882],[125.21573638900009,-9.08347988099996],[125.21694183300019,-9.079139708999946],[125.21804046600005,-9.087180137999951],[125.21932983400018,-9.091300010999873]]]}},{"type":"Feature","properties":{"id":"TL0901","name":"Lospalos","muni_id":"TL09","muni_name":"Laut\u00e9m","_lon":127.00758,"_lat":-8.54092,"_bbox":[126.87204,-8.68515,127.14081,-8.39582]},"geometry":{"type":"Polygon","coordinates":[[[127.10488891600005,-8.405550002999973],[127.10285949700017,-8.418519973999935],[127.10376739500009,-8.423480033999908],[127.1056671140002,-8.428560256999958],[127.1060562130001,-8.434160232999943],[127.10806274400011,-8.436470031999932],[127.11598205600012,-8.439749717999973],[127.11151886000016,-8.446189879999906],[127.11139679000019,-8.468540191999978],[127.1140213010001,-8.472990035999942],[127.1179275510001,-8.475480079999897],[127.1165924070001,-8.477800368999965],[127.11686706500006,-8.480360030999918],[127.12056732200006,-8.486920356999974],[127.12464904800026,-8.492380141999945],[127.12745666500018,-8.49444961499995],[127.12914276100003,-8.494939803999841],[127.13136291500007,-8.49759960199998],[127.13468170200008,-8.499420165999823],[127.13733673100012,-8.50236988099988],[127.13847351100003,-8.502650260999928],[127.13687896700014,-8.515310286999977],[127.13748168900008,-8.52818012199998],[127.13696289100017,-8.530989646999956],[127.13783264200003,-8.5324096679999],[127.14026641800001,-8.5336999889999],[127.14080810500013,-8.53542995499987],[127.13952636700014,-8.537679671999967],[127.13641357400002,-8.538550376999979],[127.13430023200021,-8.540249824999876],[127.13192749000018,-8.545619964999958],[127.12993621800001,-8.54660987899996],[127.12999725300006,-8.548990249999918],[127.1312179570001,-8.549679755999932],[127.13140106200012,-8.551540374999888],[127.13375091600005,-8.553190230999974],[127.13446044900002,-8.557390212999962],[127.13141632100007,-8.559120177999887],[127.12835693400007,-8.564249991999873],[127.11821746800001,-8.57003021199995],[127.11126709000007,-8.575630187999934],[127.10954284700017,-8.576299666999887],[127.1060791020002,-8.579649924999899],[127.10415649400011,-8.583189963999871],[127.09895324700005,-8.588839530999962],[127.09146118200022,-8.595290183999907],[127.0895080570001,-8.596409797999911],[127.08776855500014,-8.596469878999926],[127.08329772900004,-8.604089736999924],[127.07035064700005,-8.61688041699989],[127.06453704800003,-8.625479697999879],[127.06143188500005,-8.627140044999862],[127.06022644000006,-8.630009650999966],[127.04978942900004,-8.644459723999887],[127.0462799070001,-8.647629737999921],[127.04119873000013,-8.6506900789999],[127.03630065900006,-8.655690192999828],[127.03196716300022,-8.658800124999914],[127.02449798600026,-8.66660976399993],[127.02332305900018,-8.669850348999944],[127.01821899400011,-8.67908000899996],[127.01664733900009,-8.68128967299998],[127.01445770300006,-8.682829856999945],[127.01376342800006,-8.684519767999973],[127.00816345200019,-8.68443965899985],[127.005912781,-8.682740210999896],[127.00256347700008,-8.681679725999913],[126.99810791000004,-8.682270049999943],[126.99453735400004,-8.681750297999884],[126.98880767800006,-8.679510116999893],[126.98468780500002,-8.681070327999976],[126.98239898700001,-8.681269645999919],[126.9769668580002,-8.678890227999943],[126.97400665300017,-8.68025016799993],[126.96939849900002,-8.679539679999948],[126.96354675300017,-8.68013954199995],[126.96101379400011,-8.68210029599993],[126.95623779300001,-8.682459830999903],[126.95342254600007,-8.685150145999899],[126.95018005400004,-8.678199767999956],[126.94769287100007,-8.67675018299991],[126.94686126700014,-8.673620223999933],[126.9421463010001,-8.671030044999952],[126.94078064000018,-8.665320395999913],[126.93567657500023,-8.66232967399992],[126.93591308600014,-8.658140181999954],[126.93244934100017,-8.655110358999877],[126.92902374300002,-8.653539657999943],[126.92880249000018,-8.652680396999926],[126.93197631800001,-8.648719787999937],[126.93269348100011,-8.6465196609999],[126.93209838900009,-8.64183044399988],[126.92968750000023,-8.638079642999969],[126.92769622800006,-8.63685989399994],[126.92720031700003,-8.635169982999969],[126.9286499020003,-8.633020400999953],[126.93250274700017,-8.632189750999942],[126.93470764200003,-8.629839896999954],[126.93389129600018,-8.628470420999975],[126.93415832500034,-8.6265897749999],[126.93122100800008,-8.624819755999908],[126.93016815200019,-8.622810363999918],[126.93079376200001,-8.621290206999902],[126.93036651600005,-8.620059966999975],[126.9261627200002,-8.61557006799984],[126.92372894300001,-8.614159583999935],[126.92680358900009,-8.610130309999874],[126.92671203600003,-8.609109878999902],[126.92587280300029,-8.608779906999871],[126.92331695600012,-8.610010146999969],[126.92186737100019,-8.607230185999981],[126.91864013700001,-8.606349944999977],[126.91670990000023,-8.605090140999948],[126.91658020000011,-8.604180335999956],[126.91815185500002,-8.601519584999835],[126.9166030880001,-8.60033988999993],[126.91417694100016,-8.600259780999977],[126.91227722200006,-8.60130977599988],[126.91208648700001,-8.602789878999943],[126.91129303000002,-8.603079795999975],[126.9070129390002,-8.6032800669999],[126.90473175000034,-8.604660033999949],[126.90399169900013,-8.605959891999873],[126.89906311000027,-8.605400084999928],[126.89465332000009,-8.602100371999938],[126.89176178000014,-8.60081005099994],[126.89009857200017,-8.600709914999982],[126.88410186800002,-8.602999686999908],[126.87963104200003,-8.601860045999956],[126.87706756600005,-8.600440024999955],[126.87600708000002,-8.598959922999938],[126.87493133500016,-8.594160079999938],[126.87519073500016,-8.59220027899994],[126.87339782700008,-8.590820312999881],[126.87431335400004,-8.589460372999895],[126.87432098400018,-8.587389945999917],[126.87682342500023,-8.585729598999876],[126.87641906700014,-8.58366012599987],[126.8770523070001,-8.582360267999888],[126.87596130400004,-8.581339835999927],[126.87603759800015,-8.57966995199996],[126.8739166260001,-8.575779914999885],[126.87403106700026,-8.574529647999896],[126.8720397950002,-8.57149028799995],[126.87209320100033,-8.568670272999952],[126.87425994900002,-8.56715965299992],[126.87416076700015,-8.562939643999925],[126.875053406,-8.562419890999877],[126.87734222400002,-8.562620162999963],[126.87811279300013,-8.561590194999894],[126.87840271000005,-8.560819625999898],[126.8771514890002,-8.559069632999979],[126.87770080600001,-8.557319640999879],[126.87976074200014,-8.556189536999966],[126.87993621800013,-8.552760123999917],[126.88345336900022,-8.549719809999885],[126.88374328600014,-8.54761028299987],[126.88126373300008,-8.545809745999918],[126.88083648700024,-8.54413032499997],[126.880912781,-8.541589736999981],[126.88184356700003,-8.538949965999905],[126.88503265400004,-8.535200118999967],[126.88359832800006,-8.532320022999954],[126.8871231080002,-8.529829978999885],[126.88741302500011,-8.527609824999956],[126.88954925500013,-8.526610373999972],[126.88910675000022,-8.525090217999946],[126.88665771500018,-8.525449752999862],[126.88207244900002,-8.52377033199997],[126.88211822500011,-8.52256965599986],[126.88400268600014,-8.5219497679999],[126.88654327400002,-8.5177097319999],[126.88657379200004,-8.51725006099997],[126.884483337,-8.517259597999953],[126.88406372100008,-8.516110419999904],[126.88449859600007,-8.515460013999927],[126.88674926800002,-8.515150069999947],[126.89015960700021,-8.512860297999964],[126.8933715820001,-8.509790420999877],[126.89685058600003,-8.509099959999958],[126.89817047100007,-8.508549689999882],[126.89878845200008,-8.50741004899993],[126.90074157700019,-8.506899833999967],[126.90017700200008,-8.504940032999912],[126.90055084200014,-8.50360965699997],[126.90442657500023,-8.502140044999976],[126.90886688200021,-8.49631977099989],[126.90767669700006,-8.49337005599989],[126.90772247300026,-8.490519523999922],[126.91001892100007,-8.49079990399997],[126.91163635300006,-8.49176979099991],[126.9136962890002,-8.491239547999896],[126.91403961200012,-8.490530013999944],[126.91425323500005,-8.488120078999941],[126.91178131100003,-8.488690375999965],[126.90988159200015,-8.487400054999853],[126.90953826900022,-8.486069678999911],[126.91300964400011,-8.481650351999917],[126.91555786100002,-8.479689597999936],[126.91406250000023,-8.477959632999898],[126.91441345200008,-8.473360061999927],[126.91354370100021,-8.473420142999828],[126.91291809100005,-8.472680091999962],[126.91414642300015,-8.470359801999905],[126.91272735600023,-8.469240188999834],[126.91246032700008,-8.466360091999832],[126.91396331800001,-8.464070319999905],[126.91594696000016,-8.465709685999911],[126.91861724900002,-8.46422004699997],[126.91606140100009,-8.464369773999977],[126.91515350300017,-8.463569640999935],[126.91533660900018,-8.461810111999966],[126.91661071800002,-8.460940360999928],[126.91420745800008,-8.461359977999905],[126.91342926000004,-8.460880279999913],[126.91497039800004,-8.457550048999963],[126.91443634000007,-8.456259726999974],[126.91182708700023,-8.455769538999903],[126.91097259500009,-8.453260421999971],[126.91179657000009,-8.450779914999885],[126.91251373300008,-8.45009040799988],[126.91401672400013,-8.450460433999922],[126.91739654500009,-8.452619552999977],[126.91800689700017,-8.45018958999998],[126.91735076900022,-8.446749686999965],[126.94843292200005,-8.431079864999901],[126.9545364380001,-8.427220344999967],[126.96145629900002,-8.421139716999903],[126.97638702400002,-8.412650107999923],[126.98290252700008,-8.408069610999917],[126.99375915500002,-8.40458965299996],[127.00270080600012,-8.403989791999948],[127.00470733600002,-8.404749869999876],[127.00933837900016,-8.408349990999966],[127.01640319800003,-8.408169745999942],[127.02178192100018,-8.409210204999965],[127.02915191700015,-8.405610084999978],[127.03193664600008,-8.405540465999934],[127.03794860800008,-8.408029555999974],[127.04994964600007,-8.409779548999836],[127.05088043200021,-8.411239623999847],[127.05226135300018,-8.411299705999909],[127.0663986210003,-8.409049987999936],[127.0737533570001,-8.406180381999945],[127.08738708500016,-8.406020163999926],[127.09037017800017,-8.405409812999949],[127.09528350800008,-8.402629851999961],[127.1038436890002,-8.396419524999942],[127.10608673100035,-8.39581966399993],[127.10881042500012,-8.396389960999954],[127.10977172900004,-8.396920203999969],[127.10745239300002,-8.399490355999887],[127.10488891600005,-8.405550002999973]]]}},{"type":"Feature","properties":{"id":"TL0904","name":"Luro","muni_id":"TL09","muni_name":"Laut\u00e9m","_lon":126.8065,"_lat":-8.55034,"_bbox":[126.72204,-8.6148,126.87157,-8.4859]},"geometry":{"type":"Polygon","coordinates":[[[126.80638885500014,-8.485899924999899],[126.81020355200019,-8.48665046699989],[126.81585693400007,-8.489560126999947],[126.81896972700008,-8.487589835999927],[126.82099151600016,-8.488539695999975],[126.8245468140002,-8.487689971999941],[126.82618713400018,-8.488349914999844],[126.82782745400016,-8.489580153999952],[126.82672119100005,-8.490850448999879],[126.82700347900015,-8.491580008999847],[126.82922363300031,-8.493639945999917],[126.82785034200015,-8.49483013199989],[126.82779693600014,-8.496270179999954],[126.83146667500012,-8.499529838999933],[126.83141326900011,-8.500949859999821],[126.830490112,-8.502389907999941],[126.8331832890002,-8.505020141999978],[126.83397674600008,-8.507980346999943],[126.83567810100021,-8.509090423999965],[126.83669281000005,-8.513629912999932],[126.8384017940001,-8.513360022999905],[126.8398666380001,-8.51469039899996],[126.84171295200008,-8.514329909999958],[126.84223175000022,-8.51677989999996],[126.84439086900011,-8.514639853999938],[126.84819793700012,-8.51615047499996],[126.84607696500018,-8.518730163999976],[126.84813690200019,-8.518859862999932],[126.84841156000016,-8.520600318999811],[126.84665679900002,-8.52116966199992],[126.8461074830002,-8.522250174999897],[126.84826660200008,-8.521630286999937],[126.84908294700017,-8.522339820999946],[126.8486022950002,-8.523639678999928],[126.8492431640002,-8.524470328999826],[126.84792327900016,-8.525079726999877],[126.8497085570001,-8.526269912999965],[126.84944152800006,-8.529120444999819],[126.85101318400007,-8.528869628999928],[126.85193634000007,-8.529410361999908],[126.85143280000023,-8.531700133999834],[126.85217285200008,-8.533169745999942],[126.85130310100021,-8.534990310999945],[126.85185241700003,-8.536419867999882],[126.85349273700001,-8.537289618999921],[126.85298156700003,-8.539699553999924],[126.85575103800011,-8.539329528999929],[126.85710144000006,-8.54004001599992],[126.85693359400022,-8.540780066999957],[126.85536956800013,-8.541649817999826],[126.85617828400007,-8.543080329999952],[126.85791778600014,-8.543080329999952],[126.85870361300022,-8.54512023899997],[126.8584976200001,-8.546070098999962],[126.85633087200006,-8.546699523999905],[126.85645294200003,-8.549739837999937],[126.85851287800017,-8.550930022999921],[126.85841369600007,-8.551859855999965],[126.85610961900034,-8.552650451999966],[126.85645294200003,-8.553400039999929],[126.85764312700007,-8.552849769999966],[126.85801696800002,-8.553420066999877],[126.85643005400016,-8.555179595999903],[126.85621643100012,-8.556289672999924],[126.8577270510001,-8.55733966799994],[126.85749816900011,-8.558250426999962],[126.859786987,-8.557660102999876],[126.8597335820001,-8.562939643999925],[126.86650848400018,-8.56676006299989],[126.86765289300013,-8.569169997999893],[126.8674926760001,-8.571390151999935],[126.87075042700008,-8.571700095999915],[126.87156677200005,-8.573780059999876],[126.87062072800006,-8.57493972799989],[126.86969757100019,-8.57404041299992],[126.86831665000022,-8.576180457999897],[126.86978149400011,-8.578160285999843],[126.8695220950001,-8.578660010999954],[126.86727905300006,-8.578980445999946],[126.86673736600017,-8.57824993099996],[126.86519622800017,-8.578949927999872],[126.86347961400008,-8.578639983999892],[126.86208343500005,-8.579770087999975],[126.86311340300006,-8.581000327999902],[126.86054229700028,-8.58257007599991],[126.86128234900002,-8.583979606999947],[126.86109924300001,-8.58580017099996],[126.86035919200015,-8.586890220999976],[126.85852050800008,-8.587149619999934],[126.85755920400015,-8.58948993699994],[126.85563659700006,-8.590640067999914],[126.85590362500034,-8.597149848999948],[126.85175323500016,-8.604459762999909],[126.84651947000009,-8.608019828999943],[126.8454437260001,-8.607810019999931],[126.83963012700019,-8.612529754999969],[126.83551788300008,-8.61448001899987],[126.83204650900007,-8.61480045299993],[126.83067321800013,-8.611980437999932],[126.83040618900009,-8.609660148999978],[126.82937622100019,-8.6094102859999],[126.82774353000002,-8.607589721999886],[126.82704162600021,-8.605079650999869],[126.82604980500025,-8.604499816999862],[126.81778717000009,-8.60344028499992],[126.8153228760001,-8.60266971599998],[126.81345367400002,-8.600930213999902],[126.81173706100014,-8.601679801999921],[126.80903625500014,-8.601670264999939],[126.80750274700006,-8.600060462999977],[126.80403137200005,-8.60068988799992],[126.80122375500014,-8.596349715999906],[126.80074310300017,-8.593819617999827],[126.79701995800008,-8.591159820999906],[126.7963562010001,-8.589389800999925],[126.79411315900018,-8.589369773999977],[126.79210662800028,-8.58611965199998],[126.78502655000011,-8.58366012599987],[126.78537750200007,-8.578729629999941],[126.7830429080002,-8.568869590999952],[126.78202819800003,-8.567720412999961],[126.77973175000011,-8.566080092999869],[126.77378845200008,-8.564000129999897],[126.76998901400009,-8.560759543999836],[126.7667770390002,-8.559080123999877],[126.76534271200023,-8.558989524999845],[126.76325225800008,-8.55706977799997],[126.75750732400013,-8.555109977999905],[126.75524902300003,-8.549759864999942],[126.75537872300015,-8.545740127999863],[126.75435638400006,-8.54489993999988],[126.75257873500027,-8.540249824999876],[126.74900817900004,-8.53662967699995],[126.74765014600007,-8.533080100999882],[126.73664856000005,-8.530079841999964],[126.7328796390002,-8.526760100999923],[126.73174285900006,-8.526949882999816],[126.73137664800004,-8.524370192999982],[126.72998809800015,-8.523030280999933],[126.72746276900011,-8.522800445999962],[126.72482299800015,-8.52081966399993],[126.72297668500005,-8.521840095999892],[126.72242736800001,-8.521389960999954],[126.72389984100005,-8.519619941999963],[126.7230377200001,-8.518090247999965],[126.72321319600019,-8.515609740999878],[126.72203826900022,-8.513250350999897],[126.7227020260002,-8.510899543999813],[126.72251892100019,-8.506219863999945],[126.7235488890002,-8.504750251999951],[126.72712707500011,-8.504949569999894],[126.72714233400006,-8.503720283999883],[126.72850799600008,-8.50286006899995],[126.73029327400013,-8.503350257999898],[126.73088836700026,-8.499930381999945],[126.73352813700001,-8.49643039699987],[126.7359619140002,-8.495929717999957],[126.74120330800008,-8.49732017499997],[126.74559021000016,-8.49314975699997],[126.74678802500023,-8.49386024499995],[126.75079345700021,-8.49271011399992],[126.75224304200015,-8.49353027299992],[126.75273132300015,-8.491800307999938],[126.75454711900011,-8.493269919999875],[126.75409698500016,-8.49491977699995],[126.7552108760002,-8.49736022899998],[126.75662994400022,-8.497340201999918],[126.75820922900004,-8.498609542999873],[126.75890350300006,-8.497440337999876],[126.76136779800015,-8.50014972699995],[126.76351165800008,-8.499699592999946],[126.76628112800006,-8.501649856999904],[126.77249145500014,-8.498200416999964],[126.77532959000007,-8.495929717999957],[126.78159332300004,-8.49306011199991],[126.78308868400006,-8.493309974999875],[126.78560638400018,-8.491760253999928],[126.78965759300024,-8.49162006399996],[126.79814147900004,-8.48752021799993],[126.80638885500014,-8.485899924999899]]]}},{"type":"Feature","properties":{"id":"TL0401","name":"Maliana","muni_id":"TL04","muni_name":"Bobonaro","_lon":125.22095,"_lat":-8.98487,"_bbox":[125.11103,-9.09292,125.31918,-8.8788]},"geometry":{"type":"Polygon","coordinates":[[[125.19053649900013,-8.87880039199996],[125.19548034700006,-8.8793001169999],[125.19821167000009,-8.88202953299998],[125.20374298100023,-8.885040282999967],[125.21025848400006,-8.895689963999871],[125.2093429570001,-8.904640197999925],[125.2124710080002,-8.910570144999951],[125.2142486570001,-8.912579535999953],[125.21465301500018,-8.91431999199989],[125.2138366700002,-8.91539955099995],[125.21531677200028,-8.91792964899986],[125.214897156,-8.918970107999883],[125.21367645300006,-8.919500350999954],[125.21395874000018,-8.920419692999928],[125.21315765400016,-8.921699523999962],[125.21356201200001,-8.928540229999896],[125.21428680400015,-8.93029022199994],[125.21642303500005,-8.930990218999852],[125.21817016600016,-8.933770179999897],[125.21736908000014,-8.937640189999911],[125.22019195600012,-8.948080062999964],[125.21977233900009,-8.957110404999924],[125.22129058800022,-8.96208000199988],[125.22186279300001,-8.96751022299992],[125.22355651900023,-8.968589782999913],[125.22522735600012,-8.968040465999934],[125.22705841100003,-8.96909046199994],[125.22785949700005,-8.968910216999973],[125.22963714600019,-8.970120429999895],[125.23419952400002,-8.970499991999873],[125.23832702600009,-8.968890189999968],[125.23989105200019,-8.967450141999961],[125.24201965300017,-8.968279838999933],[125.24445343000002,-8.96770954099992],[125.2471694950001,-8.965700149999918],[125.24948883100001,-8.96292018899993],[125.25299835200008,-8.961090087999935],[125.2568283080002,-8.960260390999963],[125.26252746600017,-8.96146011399992],[125.26537323000002,-8.964670180999974],[125.27041626000005,-8.967200278999883],[125.28074646000016,-8.968259810999882],[125.28220367400013,-8.968890189999968],[125.2847366330002,-8.973460196999952],[125.2876434330002,-8.975090026999965],[125.28891754200015,-8.977499961999968],[125.29338836700015,-8.980179786999827],[125.29496765100009,-8.980310439999869],[125.29704284700006,-8.978420257999971],[125.30033111600005,-8.97840022999992],[125.30219268800022,-8.982049941999946],[125.30441284200003,-8.982500075999951],[125.3066864010002,-8.97998046899994],[125.30724334700005,-8.976719855999875],[125.31024169900002,-8.97766971599998],[125.31214141800001,-8.97719955399998],[125.31246185300017,-8.98674011199995],[125.31300354000018,-8.988519668999913],[125.31408691400009,-8.989170073999901],[125.31463623000002,-8.991729735999968],[125.31622314500021,-8.992739676999975],[125.31601715100021,-8.996210097999949],[125.31887817400002,-8.99818038899997],[125.31918335000023,-9.000329970999928],[125.31845855700021,-9.002169608999907],[125.31857299800004,-9.00395965599995],[125.31452179000019,-9.007809638999845],[125.31375885000011,-9.01058959999989],[125.31192016600005,-9.01229953799998],[125.31059265100009,-9.015119552999977],[125.30254364000018,-9.015899657999967],[125.29871368400018,-9.018369674999974],[125.28555297900004,-9.017649650999886],[125.27822113000013,-9.02058029199992],[125.27523803700012,-9.02388000499991],[125.26962280300006,-9.035719871999959],[125.25247955300006,-9.061559676999934],[125.2515335080002,-9.062359809999975],[125.24401855500003,-9.063289641999972],[125.23822021500007,-9.066040038999915],[125.22944641100014,-9.068759917999898],[125.22413635300006,-9.074379920999945],[125.21766662600021,-9.07746982599997],[125.21573638900009,-9.08347988099996],[125.21317291300011,-9.087400435999882],[125.21064758300008,-9.08815956099994],[125.20790100100021,-9.091279983999925],[125.20561981200001,-9.091460227999903],[125.20307159400022,-9.092920302999914],[125.19830322300004,-9.091050147999908],[125.19622039800015,-9.086950301999877],[125.1935119630001,-9.086709975999952],[125.19062042200005,-9.084300040999949],[125.18710327100007,-9.084600448999936],[125.18390655500014,-9.081159591999835],[125.18451690700022,-9.080320357999938],[125.18456268300008,-9.075400351999974],[125.18685913100012,-9.07448005699996],[125.18726348900009,-9.073349952999877],[125.18483734100005,-9.068079947999934],[125.18406677200016,-9.062760352999817],[125.18476867700008,-9.059350013999904],[125.1869277950002,-9.058759688999885],[125.18852996800013,-9.057109832999913],[125.18881225600023,-9.0523395539999],[125.18789672900004,-9.049209594999923],[125.18898010300018,-9.047229766999976],[125.18811035200008,-9.043540000999883],[125.18668365500002,-9.040969848999964],[125.18505859400011,-9.040189742999871],[125.18431091300022,-9.037360190999891],[125.18509674100005,-9.030879973999902],[125.18660736100014,-9.029660224999873],[125.18517303500028,-9.027059554999823],[125.1756973270002,-9.019829749999815],[125.17144012500034,-9.01756000499995],[125.16291809100005,-9.010640143999922],[125.16142272900004,-9.007889747999968],[125.15804290800008,-9.005519866999919],[125.15487670900018,-9.001600265999969],[125.15161132800006,-9.000040053999953],[125.14859771700003,-8.995710372999895],[125.14132690400004,-8.9963598249999],[125.13835907000009,-8.99612045299989],[125.13513183600014,-8.994660377999878],[125.13329315200019,-8.991990088999842],[125.12992095900017,-8.989720344999967],[125.13012695300017,-8.98672962199987],[125.12888336200001,-8.98301029199996],[125.1246337890002,-8.978960036999979],[125.12174987800006,-8.978139876999876],[125.12091827400002,-8.970470427999828],[125.11979675300006,-8.969860076999964],[125.1175689700002,-8.970219611999937],[125.11566162100019,-8.969630240999948],[125.11396789600008,-8.96774959599992],[125.11165618900009,-8.966770171999883],[125.11103057900004,-8.963859557999967],[125.11181640600012,-8.96051979099991],[125.11431121800013,-8.95627021799993],[125.11551666300011,-8.9470701219999],[125.12133789100017,-8.939800261999949],[125.13141632100007,-8.937879561999921],[125.13175201400009,-8.935950278999883],[125.13577270500014,-8.933850287999974],[125.14053344700005,-8.927610396999967],[125.14015960700033,-8.91876983599991],[125.14201355000034,-8.914489745999902],[125.14595794700017,-8.908780097999909],[125.14717865000011,-8.90493965099995],[125.14996337900004,-8.904009818999896],[125.15277099600007,-8.90163993799996],[125.15540313700001,-8.901880263999942],[125.15548706100003,-8.897970199999975],[125.15660858200022,-8.896320342999957],[125.16708374000007,-8.894650458999934],[125.16805267300003,-8.893039702999943],[125.16734314000007,-8.89058971399993],[125.16792297400002,-8.890009879999923],[125.17156982400002,-8.890210151999952],[125.17407226600005,-8.889049529999966],[125.17661285400015,-8.885849952999877],[125.18121337900004,-8.885560035999958],[125.18251037600032,-8.883709907999844],[125.18604278600003,-8.881850242999974],[125.18602752700008,-8.879179954999927],[125.19053649900013,-8.87880039199996]]]}},{"type":"Feature","properties":{"id":"TL1101","name":"Manatuto","muni_id":"TL11","muni_name":"Manatuto","_lon":126.01782,"_lat":-8.60939,"_bbox":[125.92444,-8.7314,126.09717,-8.48462]},"geometry":{"type":"Polygon","coordinates":[[[125.99636077900004,-8.498060225999893],[126.0037231450001,-8.499119758999939],[126.01035308800022,-8.503219603999923],[126.01484680200008,-8.509140014999957],[126.01944732700008,-8.511529921999909],[126.02512359600018,-8.511610030999975],[126.0290069580002,-8.512610434999885],[126.03185272200005,-8.511910438999962],[126.03598022500012,-8.512310027999888],[126.04107666000016,-8.51158046699993],[126.04380035400004,-8.5124797819999],[126.04798889200003,-8.515569686999925],[126.05053710900017,-8.516539573999978],[126.05220031700026,-8.516220092999959],[126.05648803700012,-8.513660430999892],[126.06481933600014,-8.513360022999905],[126.06759643600003,-8.514789580999889],[126.0676116940001,-8.522310256999958],[126.06915283200021,-8.523340224999913],[126.07026672400002,-8.520219802999918],[126.07302856400008,-8.519189834999963],[126.07434082000009,-8.517649650999829],[126.08178710900029,-8.518639564999944],[126.08405304000007,-8.519530295999914],[126.08634948700012,-8.519009589999882],[126.08676147500012,-8.522430419999978],[126.08622741700015,-8.525219916999959],[126.0873718260001,-8.527110099999902],[126.08598327600009,-8.529029845999958],[126.08606720000012,-8.53020000499987],[126.08730316200013,-8.531760215999896],[126.08627319300001,-8.53302001999998],[126.08775329600019,-8.53442954999997],[126.08596038800022,-8.541720389999966],[126.08283233600002,-8.546270369999945],[126.08061218300008,-8.547769546999973],[126.07655334500032,-8.548970221999866],[126.07528686500018,-8.550060271999882],[126.07235717800017,-8.554189681999958],[126.07108306900011,-8.55815982799993],[126.06941986100003,-8.559820174999913],[126.06729126000005,-8.565850257999955],[126.06356048600003,-8.567620276999946],[126.0637283330002,-8.569459914999925],[126.05988311800013,-8.57524967199987],[126.06227874800004,-8.587070464999954],[126.06684112500022,-8.594309806999945],[126.06696319600007,-8.59562015499995],[126.06548309300013,-8.597379683999975],[126.06448364300002,-8.601169585999912],[126.06580352800006,-8.602379798999948],[126.06627655000011,-8.607640265999976],[126.07357025100009,-8.615790366999931],[126.07391357400013,-8.61933994299983],[126.07816314700028,-8.61771964999997],[126.08278656000016,-8.618530272999976],[126.08444213900009,-8.6171197889999],[126.08717346200001,-8.620059966999975],[126.08551025400004,-8.621800422999911],[126.08438873300008,-8.624799727999914],[126.08055877700008,-8.626230239999813],[126.08072662400002,-8.626790046999929],[126.08175659200003,-8.626859664999927],[126.08222198500005,-8.628230094999878],[126.08125305200008,-8.62975978899982],[126.08026123000025,-8.629440307999914],[126.07887268100001,-8.62697029099985],[126.07628631600016,-8.627779960999874],[126.07533264200015,-8.627229690999911],[126.07253265400027,-8.634799956999927],[126.07396698000014,-8.63798999799991],[126.0725173950002,-8.644169806999969],[126.07325744600007,-8.648380279999913],[126.07263946500018,-8.650679587999946],[126.07305145300029,-8.6517496109999],[126.0720062260001,-8.652930259999891],[126.07256317100007,-8.654379844999937],[126.0716171260002,-8.656350135999958],[126.0728530880001,-8.657939910999971],[126.0726470950001,-8.659390449999933],[126.07370758100001,-8.660420417999944],[126.07274627700008,-8.661709784999971],[126.07581329300001,-8.664779662999933],[126.07508087200006,-8.666419982999969],[126.07585144000006,-8.674460410999814],[126.07446289100005,-8.67873954799984],[126.07501220700021,-8.68041038499996],[126.07447814900002,-8.681610106999926],[126.07462310800008,-8.686019896999937],[126.07833099400023,-8.68795967099993],[126.0802536010001,-8.688059806999888],[126.08114624000007,-8.691160201999821],[126.08344268800022,-8.693840026999965],[126.08437347400002,-8.694120406999957],[126.08499145500002,-8.69762039199992],[126.08719635000011,-8.697999953999954],[126.08937072800006,-8.697400092999885],[126.09055328400007,-8.697979926999892],[126.09259796100002,-8.697139739999955],[126.09501647900015,-8.697540282999967],[126.09626007100019,-8.695269584999835],[126.09716796900011,-8.695229529999892],[126.0952072140002,-8.699419974999955],[126.08931732200028,-8.703350066999974],[126.08733367900004,-8.706649779999964],[126.08483123800022,-8.707340239999894],[126.08144378700013,-8.709830283999963],[126.0708465580002,-8.711589812999875],[126.06833648700012,-8.71164989499988],[126.06469726600017,-8.710539817999972],[126.06079101600005,-8.71265029899996],[126.05729675300006,-8.713649749999945],[126.05444335900006,-8.716899871999942],[126.05284118700001,-8.720669745999942],[126.05269622800017,-8.723460196999895],[126.05027771000005,-8.72700023699997],[126.04493713400018,-8.729229926999949],[126.04286956800001,-8.73139953599997],[126.04045105000023,-8.730620383999906],[126.0380325320001,-8.73126983599991],[126.03547668500016,-8.730330466999817],[126.03035736100003,-8.72700023699997],[126.02799987800017,-8.724149703999899],[126.02313232400013,-8.721540450999953],[126.02071380600034,-8.719269752999935],[126.01822662400014,-8.71909999799982],[126.01612854000007,-8.717350005999947],[126.01464843700023,-8.715089797999838],[126.01064300500013,-8.712180137999951],[126.00904083300009,-8.713990210999896],[126.00684356700003,-8.714579581999885],[126.00618743900009,-8.715740203999928],[126.00420379600018,-8.715499877999946],[126.00244903600026,-8.716119765999963],[125.99841308600014,-8.719900130999918],[125.99482727100019,-8.720820426999978],[125.9930572510001,-8.722530364999955],[125.99179840100021,-8.725270270999886],[125.98834991500019,-8.719420432999925],[125.98737335200008,-8.718740462999904],[125.98790741000005,-8.715550422999911],[125.98301696800002,-8.711020469999937],[125.98182678200021,-8.704310416999931],[125.97705078100012,-8.70223045299997],[125.9779434200002,-8.69931983899994],[125.98165893600014,-8.695289611999897],[125.98140716600005,-8.694490432999942],[125.9806213380001,-8.694569587999979],[125.97966766400009,-8.693490027999928],[125.98127746600005,-8.690850257999841],[125.98403167700008,-8.688529967999955],[125.98502349900025,-8.686140059999957],[125.98697662400014,-8.685480117999873],[125.98792266800001,-8.682339667999884],[125.98499298100023,-8.674139976999925],[125.98240661600005,-8.671850203999952],[125.98255920400004,-8.67063045499998],[125.98441314700005,-8.669639586999892],[125.98175811800002,-8.665820121999957],[125.9830093380001,-8.659910201999935],[125.98179626500007,-8.643320083999924],[125.97830963100023,-8.636240004999877],[125.97705841100003,-8.632109641999932],[125.97714996300022,-8.628769874999875],[125.98005676300022,-8.624050139999895],[125.98005676300022,-8.622440337999933],[125.97828674300013,-8.617819785999927],[125.97669220000023,-8.615909575999865],[125.96788024900002,-8.611570357999938],[125.96772766100003,-8.61083984399994],[125.96788787800006,-8.607930182999894],[125.96927642800006,-8.603429793999965],[125.9733963010001,-8.595310210999969],[125.97258758500016,-8.592869758999939],[125.96991729700005,-8.589480399999957],[125.96935272200017,-8.587260245999971],[125.96987152100019,-8.58495044699987],[125.9712066650003,-8.582830428999955],[125.97006225600023,-8.581130027999961],[125.9694137570001,-8.577159881999933],[125.96999359100016,-8.575530051999976],[125.96820068400018,-8.574419974999898],[125.96135711700003,-8.57365989699997],[125.96202850300028,-8.571590423999965],[125.96389770500002,-8.57094955399998],[125.96420288100012,-8.56838989299996],[125.95813751200001,-8.561209678999944],[125.94600677500034,-8.55078029599997],[125.94447326700015,-8.548620223999933],[125.94183349600007,-8.547149657999967],[125.93389129600007,-8.547659873999976],[125.93331909200015,-8.546290397999826],[125.93108367900004,-8.544199943999956],[125.93099212600032,-8.541910171999973],[125.92823028600003,-8.53841972399988],[125.92816925000034,-8.535799979999865],[125.92659759500009,-8.533949851999978],[125.92791748000013,-8.531900405999977],[125.92787933300008,-8.530909537999946],[125.92481994600018,-8.529299735999928],[125.92443847700008,-8.525309562999894],[125.92717742900004,-8.517640113999903],[125.92987823500005,-8.516650199999901],[125.93446350100021,-8.516969680999978],[125.93686676000004,-8.52038955699993],[125.94084167500023,-8.521409987999903],[125.94236755400004,-8.521030425999868],[125.94397735600023,-8.521900176999964],[125.94435119600007,-8.525210380999965],[125.94525909400022,-8.526579856999945],[125.9473876950002,-8.52777004199993],[125.94927215600012,-8.530559539999956],[125.9533996580002,-8.53182029699991],[125.95446777300003,-8.535630225999853],[125.9593429570001,-8.537670134999871],[125.95906066900022,-8.541150092999942],[125.95942688000002,-8.541749953999954],[125.9604721070001,-8.541749953999954],[125.96616363500016,-8.53897952999995],[125.96769714400011,-8.537529944999903],[125.96972656200012,-8.534199714999886],[125.97023010300018,-8.531760215999896],[125.9740676880001,-8.526260375999868],[125.9745788570001,-8.524439811999969],[125.97470092800017,-8.511130332999812],[125.97284698500016,-8.509440421999955],[125.97804260300018,-8.50187015499995],[125.97738647500023,-8.496069907999981],[125.97796630900007,-8.494239806999929],[125.98001861600017,-8.491720199999975],[125.97885131800001,-8.484620093999979],[125.98103332500011,-8.485239982999929],[125.98384094200003,-8.48723030099984],[125.98737335200008,-8.488050460999943],[125.9930572510001,-8.495280265999952],[125.99636077900004,-8.498060225999893]]]}},{"type":"Feature","properties":{"id":"TL0803","name":"Maubara","muni_id":"TL08","muni_name":"Liqui\u00e7\u00e1","_lon":125.18968,"_lat":-8.67848,"_bbox":[125.09087,-8.75399,125.30338,-8.60277]},"geometry":{"type":"Polygon","coordinates":[[[125.29414367700008,-8.60276985199988],[125.29418945300017,-8.606430053999873],[125.29940795900029,-8.620289802999821],[125.29960632300003,-8.625610351999967],[125.30303955100021,-8.628689765999923],[125.30338287400014,-8.630370139999968],[125.30235290500025,-8.633890151999879],[125.29965210000012,-8.637949943999956],[125.29994201700003,-8.641369819999966],[125.2983322140002,-8.64352989199989],[125.2991333010001,-8.645489692999945],[125.3017272950002,-8.648590087999878],[125.30309295700022,-8.65318012199998],[125.30255889900002,-8.657219886999826],[125.30113220200008,-8.659130095999956],[125.30084228500016,-8.661990165999896],[125.30217742900015,-8.666970252999931],[125.30161285400004,-8.66923046099987],[125.30319213900009,-8.671620368999925],[125.30194091800001,-8.673870086999898],[125.30223846400008,-8.675239562999877],[125.30052948000014,-8.67702960999992],[125.28624725300028,-8.676659583999935],[125.27963256800001,-8.675539969999875],[125.27805328400007,-8.673990249999974],[125.27632141100003,-8.67424011199995],[125.27442169200003,-8.676030158999936],[125.27277374300002,-8.679650306999974],[125.27211761500007,-8.684049605999974],[125.26902771000005,-8.686940192999884],[125.26891326900011,-8.68986988099988],[125.26761627200005,-8.693010329999936],[125.26544952400013,-8.693989753999972],[125.2619476320001,-8.69729995699987],[125.26058197000009,-8.701919555999893],[125.2572937010001,-8.706899642999929],[125.25566101100003,-8.711389541999893],[125.24923706100014,-8.714670180999917],[125.24720764200003,-8.714289664999967],[125.24652862500022,-8.71323966999995],[125.24407196000004,-8.71331024199992],[125.2414627080002,-8.715959548999933],[125.23847961400008,-8.717430114999956],[125.23731231700003,-8.71940994299996],[125.23320007300003,-8.722680091999905],[125.23256683300019,-8.72537994399994],[125.23110199000007,-8.727720260999945],[125.23136138900009,-8.732830047999869],[125.22683715800008,-8.734430312999848],[125.22370147700008,-8.736880301999975],[125.2203369140002,-8.735899924999956],[125.21750640900018,-8.735850333999906],[125.21446228000013,-8.738269805999892],[125.20829010000011,-8.739450454999883],[125.20665741000005,-8.741000174999954],[125.19783783000003,-8.745639800999982],[125.19069671600016,-8.753990172999977],[125.18955993700001,-8.753170012999874],[125.18567657500023,-8.752349853999874],[125.18386840800008,-8.749270438999815],[125.18065643300031,-8.74790000899992],[125.17598724400011,-8.749750136999978],[125.17212677000009,-8.75263023399998],[125.17073059100005,-8.75298023199997],[125.16065216100003,-8.750410079999938],[125.15677642800006,-8.751420020999944],[125.15204620400004,-8.74991989099982],[125.14646148700001,-8.751299857999868],[125.14431762700008,-8.750309943999923],[125.1369705200002,-8.744500159999916],[125.13230896000016,-8.743029593999836],[125.12525177000009,-8.742030143999898],[125.12139129600007,-8.737620353999887],[125.12050628700013,-8.7373199459999],[125.11473083500005,-8.736889838999957],[125.10978698700012,-8.737999915999978],[125.10353851300022,-8.73824024199996],[125.09087371800013,-8.734809874999883],[125.0959014890002,-8.728850364999914],[125.10059356700015,-8.710740088999898],[125.10056304900002,-8.704090117999897],[125.09921264600018,-8.699020385999916],[125.10030365000023,-8.696640014999957],[125.1002731320001,-8.695179938999956],[125.09781646700003,-8.689660071999867],[125.09937286400009,-8.68729972799997],[125.10147857700031,-8.685580253999888],[125.1023788450002,-8.681980132999911],[125.10349273700001,-8.681619643999909],[125.10527801500007,-8.679019927999946],[125.1068267820001,-8.677949904999878],[125.10788726800024,-8.673489570999948],[125.1079330440001,-8.669960021999941],[125.10936737100008,-8.66596984899985],[125.11190033000014,-8.662070273999973],[125.11347961400008,-8.656490325999926],[125.11493682900004,-8.655420302999971],[125.11731720000012,-8.651370048999866],[125.12021637000021,-8.64906978599987],[125.12053680400004,-8.647379874999956],[125.1220397950002,-8.645359992999886],[125.12330627400002,-8.63961029099994],[125.12490844700005,-8.64035987899996],[125.12676239000007,-8.640239715999883],[125.12978363000025,-8.639060019999874],[125.1317291260001,-8.637459754999895],[125.13391876200012,-8.637630462999937],[125.13652038600003,-8.636099814999909],[125.13867187500034,-8.636329650999926],[125.15009307900016,-8.630929946999913],[125.15215301500007,-8.62973976099994],[125.1533432010001,-8.628199576999975],[125.1546783450001,-8.628009795999958],[125.15632629400011,-8.626680373999932],[125.15982818600014,-8.62635040299989],[125.16445922900004,-8.62479019199992],[125.1672134400003,-8.62298011799993],[125.16993713400007,-8.620079993999866],[125.17234039300001,-8.61894035299997],[125.1780929570001,-8.618020057999956],[125.19586181600016,-8.61100006099997],[125.20342254600007,-8.610549926999965],[125.20661926300033,-8.608019828999943],[125.21073150600012,-8.606100081999841],[125.21600341800013,-8.607159614999944],[125.22118377700019,-8.604840278999973],[125.23036956800001,-8.605380057999923],[125.2379379270003,-8.603850364999857],[125.24806976300022,-8.604700088999891],[125.25241851800001,-8.603269576999935],[125.26368713400018,-8.605130195999948],[125.26747894300013,-8.604780196999968],[125.27139282200005,-8.605310439999869],[125.2814483640002,-8.603759765999826],[125.29414367700008,-8.60276985199988]]]}},{"type":"Feature","properties":{"id":"TL0103","name":"Maubisse","muni_id":"TL01","muni_name":"Ainaro","_lon":125.60795,"_lat":-8.84745,"_bbox":[125.50777,-8.93874,125.72517,-8.75576]},"geometry":{"type":"Polygon","coordinates":[[[125.68682861300022,-8.756910323999932],[125.68644714400034,-8.758110045999956],[125.6845397950002,-8.759909629999925],[125.68457031200012,-8.761030196999911],[125.68576812700007,-8.760910033999892],[125.68744659400011,-8.758910178999827],[125.68932342500023,-8.75922965999996],[125.69143676800002,-8.761369704999936],[125.69364166300011,-8.76099967999994],[125.6943283080002,-8.76268958999998],[125.69579315200008,-8.762940406999974],[125.69644165000022,-8.764209746999825],[125.69844818100012,-8.763699531999976],[125.70097351100014,-8.76496028899993],[125.70133972200017,-8.763210296999887],[125.70265197800018,-8.761719703999916],[125.70697784400033,-8.762550353999927],[125.71041107200006,-8.766559600999926],[125.71404266400009,-8.767270087999975],[125.71495819100005,-8.769929885999886],[125.71827697800018,-8.770130156999926],[125.71867370600012,-8.772500037999976],[125.71977996800001,-8.773079871999926],[125.72207641600028,-8.772729873999936],[125.72341918900008,-8.775529860999939],[125.72516632100007,-8.77682018299987],[125.72516632100007,-8.77777004199993],[125.72296142600032,-8.781510352999874],[125.7233200070001,-8.782629966999878],[125.72032928500005,-8.783470153999929],[125.71983337400002,-8.783069610999917],[125.71824646000016,-8.785579680999945],[125.71315765400004,-8.78509044599997],[125.70842742900015,-8.786279677999971],[125.70771789600008,-8.787619590999896],[125.70387268100001,-8.789540290999923],[125.70182800300029,-8.793589591999933],[125.69983673100023,-8.794409751999979],[125.69840240500002,-8.796190261999925],[125.69537353500004,-8.796520232999967],[125.68914794900013,-8.79876995099994],[125.68874359100005,-8.802860259999875],[125.68271637000021,-8.809359549999954],[125.68251800500002,-8.810500144999878],[125.68427276600005,-8.811880111999926],[125.68499755900007,-8.813830375999942],[125.68299102800006,-8.81719970699993],[125.6804275510001,-8.818440436999879],[125.68018341100003,-8.819239615999948],[125.68154144300013,-8.82308959999989],[125.68435668900031,-8.825880050999956],[125.68543243400006,-8.828189849999944],[125.68533325200019,-8.82909965499988],[125.68369293200021,-8.829950332999942],[125.68343353300031,-8.832710265999935],[125.68419647200028,-8.8356704709999],[125.68334960900029,-8.837619780999887],[125.68527221700003,-8.838080405999904],[125.68556213400018,-8.839070319999905],[125.68888855000023,-8.840869903999874],[125.68856048600003,-8.84148979199989],[125.68625640900007,-8.842109679999965],[125.68560791000004,-8.84315967599997],[125.68289184600019,-8.844120025999928],[125.68270111100014,-8.846400260999872],[125.68733978300008,-8.847720145999915],[125.6893692020002,-8.847180366999908],[125.69001770000023,-8.849049567999941],[125.68570709200003,-8.85153961199984],[125.68575286900023,-8.854599952999934],[125.6849517820001,-8.855710029999955],[125.68586731000016,-8.857399939999937],[125.68472290000011,-8.858539580999945],[125.6852035520003,-8.860010146999912],[125.68398284900013,-8.861940383999922],[125.68569183300008,-8.863679885999886],[125.68395233200033,-8.86658000899996],[125.6844406130001,-8.868869780999944],[125.68686676000004,-8.868269919999875],[125.6902465820001,-8.869000434999919],[125.68959808300019,-8.87119007099983],[125.68659973100011,-8.874650001999953],[125.68572235100032,-8.879440307999971],[125.68762970000012,-8.882989882999937],[125.68666839600019,-8.886059760999956],[125.6873168950001,-8.889120101999936],[125.68524169900002,-8.891309737999904],[125.68383026100014,-8.895050048999963],[125.68250274700006,-8.8958902359999],[125.68209075900006,-8.898810386999969],[125.67897796600016,-8.900979995999876],[125.6784515380001,-8.902259826999966],[125.67675018300031,-8.902549743999884],[125.67565918000003,-8.901350020999928],[125.67433166500007,-8.901260375999868],[125.67362213100012,-8.89997005499987],[125.67208862300004,-8.899060248999945],[125.66929626500018,-8.899049758999922],[125.66880035400004,-8.897330283999963],[125.66665649400011,-8.89620017999988],[125.66046142600021,-8.896969794999961],[125.65532684300001,-8.904990195999858],[125.65567779500009,-8.907670020999888],[125.65397644000006,-8.911689757999966],[125.65429687500023,-8.912670134999871],[125.65170288100023,-8.916270255999962],[125.6508483890002,-8.919260024999971],[125.64959716800013,-8.920559882999953],[125.64729309100005,-8.92121982599997],[125.64202880900018,-8.92105960799995],[125.64070129400022,-8.91814994799995],[125.63854980500014,-8.917059897999934],[125.63616180400015,-8.916910171999973],[125.63379669200003,-8.915379523999889],[125.62764740000011,-8.914770125999894],[125.62603759800004,-8.913869857999941],[125.62359619100005,-8.9149599079999],[125.62267303500005,-8.914719581999975],[125.62126922600021,-8.918239593999942],[125.6218338010001,-8.92368984199993],[125.61871337900004,-8.92625045799997],[125.61269378700001,-8.928290366999931],[125.6146392820001,-8.93058967599984],[125.61527252200017,-8.933070182999927],[125.61786651600005,-8.934399604999953],[125.61522674600008,-8.93519973799988],[125.61348724400023,-8.937899589999972],[125.61119079600007,-8.938739776999967],[125.60665893600014,-8.936329841999964],[125.60549926800013,-8.934619903999874],[125.60629272500012,-8.926819800999908],[125.60413360600012,-8.923179625999921],[125.60150146500018,-8.92168044999994],[125.59905242900004,-8.921799659999976],[125.59787750200007,-8.920470237999837],[125.60311126700014,-8.913840293999897],[125.60478973400018,-8.913459777999947],[125.60558319100005,-8.911000251999837],[125.60472869900002,-8.906599997999933],[125.60508728000013,-8.90466022499993],[125.60357666000004,-8.90042972599997],[125.60249328600003,-8.900529860999939],[125.6005020140002,-8.898309707999886],[125.59908294700006,-8.897740363999958],[125.59645843500016,-8.89920043899997],[125.59073638900009,-8.898819922999849],[125.58968353300008,-8.897700309999948],[125.58952331500006,-8.895170211999925],[125.5877075200001,-8.894080161999966],[125.5868835450002,-8.890330314999972],[125.58467865000011,-8.888990401999934],[125.5841369630001,-8.887089728999968],[125.5819473270002,-8.886710166999933],[125.57598877000021,-8.881409644999962],[125.57157135000023,-8.88259029399984],[125.56918335000023,-8.88197040599988],[125.56758117700008,-8.879819869999949],[125.56667327900004,-8.87957000699987],[125.56549072300027,-8.879940032999912],[125.56462097200017,-8.881580352999947],[125.56372833300009,-8.881950377999829],[125.5623092650003,-8.880339621999951],[125.55758667000009,-8.87763023399998],[125.5510864260001,-8.878060340999923],[125.54205322300015,-8.87530040699994],[125.53798675500013,-8.873259543999893],[125.53275299100017,-8.87211990399993],[125.52274322500023,-8.871930121999867],[125.52104950000012,-8.86728954299997],[125.52101135300029,-8.865610122999897],[125.51828765900018,-8.86445045499994],[125.51625061000016,-8.862609862999818],[125.5159301760001,-8.859660148999922],[125.50961303700012,-8.854100226999947],[125.50917816200024,-8.852100371999938],[125.50776672400002,-8.850179671999854],[125.50869751000005,-8.846540450999896],[125.50837707500011,-8.844779967999898],[125.51006317100007,-8.842470168999853],[125.51181793200021,-8.843150138999874],[125.51506042500012,-8.846540450999896],[125.5185775760001,-8.848299979999922],[125.52182006800001,-8.848779677999914],[125.52426147500012,-8.85041999799995],[125.52654266400009,-8.85006046299992],[125.53262329100005,-8.844699859999935],[125.53441619900025,-8.844140052999819],[125.53774261500018,-8.845609664999927],[125.53816986100014,-8.844120025999928],[125.53762817400002,-8.84237956999982],[125.53877258300008,-8.840660094999919],[125.5433502200001,-8.840290069999924],[125.54286956800024,-8.83656978599987],[125.54515838600014,-8.836830138999915],[125.54836273200021,-8.835000037999919],[125.55016326900022,-8.836999892999927],[125.5520629880001,-8.836919784999964],[125.55316925000011,-8.837679862999892],[125.55531311000004,-8.840539931999842],[125.55783081100014,-8.842570304999981],[125.56140899700006,-8.841939925999952],[125.56286621100003,-8.843319892999887],[125.56536102300004,-8.84393978099996],[125.56670379600018,-8.842459678999944],[125.56684875500002,-8.839969634999818],[125.56833648700001,-8.839429854999935],[125.56968689000007,-8.840279578999969],[125.57031250000034,-8.839110373999972],[125.56942749000018,-8.836170196999944],[125.56819915800008,-8.834480285999916],[125.56867981000005,-8.833020209999916],[125.56968689000007,-8.832420348999904],[125.5737228390002,-8.832079886999907],[125.57554626500007,-8.831089972999962],[125.5765762330002,-8.830120086999955],[125.57669067400002,-8.828000068999927],[125.57781219500009,-8.828630446999966],[125.57943725600023,-8.826970099999812],[125.57996368400006,-8.824370383999906],[125.5808410640002,-8.82579994199989],[125.5823898320001,-8.82481956499987],[125.58273315400004,-8.823140143999979],[125.58360290500002,-8.822939872999939],[125.58542633100001,-8.823189734999914],[125.58717346200012,-8.824370383999906],[125.59317779500032,-8.823479651999946],[125.60428619400011,-8.824009894999847],[125.60585784900002,-8.823459624999941],[125.60806274400011,-8.820980071999884],[125.60843658400029,-8.82211971299995],[125.61068725600035,-8.822349547999977],[125.61035156200012,-8.81394004799995],[125.60791778600003,-8.811479567999925],[125.6075973510001,-8.810000419999938],[125.60829162600021,-8.809479712999917],[125.60738372800006,-8.808710097999949],[125.60829162600021,-8.806940078999958],[125.60749054000019,-8.803819655999973],[125.60903167700008,-8.803190230999917],[125.6080093380001,-8.798789977999888],[125.60534668000025,-8.79547023799995],[125.6070327760001,-8.788979529999892],[125.60875701900011,-8.78806018799986],[125.61322021500007,-8.789230346999943],[125.61823272700019,-8.785799979999979],[125.62068939200014,-8.78516960099995],[125.62412262000021,-8.785940169999947],[125.62729644800004,-8.788789748999932],[125.62847137500023,-8.788080214999923],[125.62915802000009,-8.78582000699987],[125.63050842300004,-8.785960196999838],[125.63110351600028,-8.787819861999935],[125.63318634000018,-8.78787994399994],[125.63307952900027,-8.78633022299988],[125.6341934200002,-8.78612995099985],[125.63551330600012,-8.786729812999909],[125.63488769500009,-8.787420272999952],[125.63530731200012,-8.78831005099994],[125.63839721700003,-8.787940024999955],[125.64238739000007,-8.790140151999935],[125.64315795900018,-8.787509917999898],[125.64398956300022,-8.788880347999964],[125.6449127200001,-8.78837013199984],[125.6442184450002,-8.784620284999903],[125.6459426880001,-8.783419608999964],[125.6457366940001,-8.780329703999882],[125.64665222200017,-8.776610373999915],[125.64498901400009,-8.774439811999912],[125.64565277100019,-8.773440360999928],[125.64682769800015,-8.773320197999908],[125.64662170400015,-8.770489692999945],[125.65003204300001,-8.766139983999835],[125.65094757100007,-8.765660285999957],[125.65203094500032,-8.766200065999897],[125.65268707300004,-8.764969825999913],[125.65563964800003,-8.764410018999968],[125.65836334200003,-8.762729644999922],[125.66107177700019,-8.764160155999889],[125.66471099900002,-8.762809752999885],[125.66433715800008,-8.761750220999886],[125.66567993200033,-8.760869979999882],[125.66636657700008,-8.761440276999906],[125.66980743400006,-8.761039733999894],[125.67166137700008,-8.75930023199993],[125.6708908080002,-8.763130187999934],[125.67199707000009,-8.763759612999877],[125.67298126200012,-8.763239860999931],[125.67237854000018,-8.76241016399996],[125.67357635500025,-8.76163005799998],[125.67443084700005,-8.758110045999956],[125.67597961400008,-8.759030341999903],[125.67711639400011,-8.756910323999932],[125.67864227300004,-8.757570266999892],[125.68147277800017,-8.755789756999945],[125.68354034400022,-8.756939887999977],[125.68625640900007,-8.755760192999958],[125.68682861300022,-8.756910323999932]]]}},{"type":"Feature","properties":{"id":"TL0504","name":"Maukatar","muni_id":"TL05","muni_name":"Covalima","_lon":125.23484,"_lat":-9.23658,"_bbox":[125.17361,-9.3123,125.30634,-9.16228]},"geometry":{"type":"Polygon","coordinates":[[[125.19515228300031,-9.16788005799998],[125.19925689700028,-9.168120383999963],[125.20062255900018,-9.16946983299988],[125.2028884890002,-9.169019698999932],[125.20704650900018,-9.17047023799995],[125.21177673300008,-9.170180320999975],[125.21486663800022,-9.172160148999978],[125.22120666500007,-9.17467021899995],[125.22530365000011,-9.175459861999968],[125.22982788100023,-9.179260253999928],[125.2309799190001,-9.184229850999884],[125.23194885300006,-9.185830115999863],[125.23164367700019,-9.187660216999916],[125.22798919700017,-9.191040038999972],[125.22850036600005,-9.192379950999907],[125.22820282000009,-9.194000243999938],[125.22556304900013,-9.199850081999898],[125.22557067900004,-9.202599524999926],[125.22638702400002,-9.204739570999891],[125.2347335820001,-9.208760261999942],[125.23827362100019,-9.208290099999942],[125.24025726300022,-9.209739684999931],[125.23922729500009,-9.210430144999918],[125.24099731400008,-9.21170043899997],[125.24195861800001,-9.211400031999972],[125.24252319300012,-9.210350036999955],[125.24201202400002,-9.208800315999895],[125.24392700200019,-9.208769797999935],[125.24526977500011,-9.207530021999958],[125.24672699000018,-9.207759856999871],[125.24836731000005,-9.211279868999895],[125.25077819800003,-9.213060378999955],[125.25852966300022,-9.22282981899997],[125.26595306400009,-9.224849700999926],[125.27024078400007,-9.229260444999909],[125.28067779500009,-9.235170363999941],[125.28266143800033,-9.240260123999917],[125.28787994400011,-9.243869780999887],[125.28968811000016,-9.250140189999911],[125.2927093510001,-9.254249572999925],[125.29685974100016,-9.25642967199991],[125.3027572630001,-9.257769584999949],[125.30422210700021,-9.259200095999915],[125.30634307900004,-9.272210120999887],[125.30567932100018,-9.272820472999967],[125.30227661100002,-9.272649764999926],[125.29605102500022,-9.27089977299994],[125.29132843000002,-9.268369674999917],[125.28926849400011,-9.268489837999937],[125.28688049300013,-9.269539832999953],[125.28054809600008,-9.265060424999945],[125.27012634300013,-9.26224994699993],[125.26833343500027,-9.262109755999973],[125.26619720500014,-9.262829780999937],[125.26052856400008,-9.261139869999909],[125.2546691890002,-9.261639594999963],[125.24841308600026,-9.261139869999909],[125.24756622300026,-9.261899947999837],[125.24609375000023,-9.269289969999932],[125.2443695070001,-9.272669791999931],[125.24437713600014,-9.277159690999952],[125.24672699000018,-9.279419898999947],[125.24871063200021,-9.277930259999948],[125.25005340600012,-9.27840995799994],[125.25105285600023,-9.282150268999885],[125.25408935500002,-9.285920142999885],[125.25521850600023,-9.282779693999942],[125.25901794400022,-9.27795028699984],[125.26020050000011,-9.275480269999946],[125.27127838100023,-9.271380423999972],[125.27526855500003,-9.275139808999825],[125.27716827400002,-9.274720191999904],[125.27823638900009,-9.275409697999862],[125.27838134800004,-9.276189803999841],[125.27712249800015,-9.277440070999887],[125.27989959700017,-9.277729987999976],[125.27828216600005,-9.279060363999918],[125.28005218500005,-9.279259681999974],[125.28074646000016,-9.280420302999914],[125.28076934800015,-9.280929564999951],[125.27886962900004,-9.281669616999977],[125.27964782700008,-9.28411006899995],[125.28076934800015,-9.28516960099995],[125.28205108600014,-9.28509044599997],[125.2820663450002,-9.287540435999915],[125.28455352800006,-9.288299560999917],[125.28450775100009,-9.290369986999906],[125.28581237800006,-9.29004955299996],[125.28650665300006,-9.291040420999877],[125.2865371700002,-9.29294967699991],[125.28608703600025,-9.293140410999968],[125.28574371300022,-9.292320250999978],[125.28424835200019,-9.295530318999852],[125.28579711900034,-9.303090095999892],[125.28318023700001,-9.306099891999963],[125.2782135010001,-9.308170318999942],[125.27562713600003,-9.311829566999847],[125.2727127080002,-9.312299727999914],[125.27204132100007,-9.311309813999912],[125.2691116330002,-9.309809684999948],[125.26870727500011,-9.308230399999957],[125.26492309600008,-9.307629584999972],[125.26470947300015,-9.306240081999931],[125.26273345900006,-9.304590224999913],[125.26043701200001,-9.305040358999975],[125.25885772700019,-9.303890227999943],[125.2572708130001,-9.303950309999834],[125.25633239700016,-9.302969932999872],[125.25488281200035,-9.30288982399992],[125.25100708000014,-9.299360274999913],[125.24828338600003,-9.300040244999877],[125.24665832500011,-9.29644012499989],[125.24363708500005,-9.29594039899996],[125.24183654800004,-9.294899939999937],[125.23529815700022,-9.29613017999992],[125.22894287100019,-9.296400069999947],[125.22445678700012,-9.294340133999981],[125.2174072270002,-9.295069694999938],[125.21420288100023,-9.296400069999947],[125.21163940400015,-9.295989989999953],[125.20204162600021,-9.292429923999919],[125.2002182010001,-9.289830207999842],[125.19518280000011,-9.28693962099993],[125.19064331100014,-9.282420157999923],[125.18860626200001,-9.28147029899992],[125.18707275400016,-9.281259536999926],[125.18504333500005,-9.28238010399997],[125.18109130900007,-9.287070273999916],[125.17923736600005,-9.286600112999906],[125.17767334000018,-9.287759780999863],[125.17401886000027,-9.28808021499998],[125.17465210000012,-9.285909652999976],[125.17360687300004,-9.281929969999965],[125.17385101300033,-9.279140471999881],[125.18054199200003,-9.27600955999992],[125.18604278600003,-9.267370223999933],[125.1933288570001,-9.259590148999962],[125.19331359900002,-9.258620261999965],[125.19068908700001,-9.255510329999879],[125.18509674100005,-9.251480102999949],[125.18300628700001,-9.251090049999902],[125.18137359600007,-9.248689650999893],[125.18109130900007,-9.246760367999968],[125.1823577880001,-9.242759704999969],[125.18231964100005,-9.23863029499995],[125.1836929320001,-9.237979888999973],[125.18544769300013,-9.239009856999928],[125.18721771200012,-9.238089560999981],[125.19062042200005,-9.233900069999947],[125.19149780300006,-9.231019973999935],[125.19277191200013,-9.229249953999954],[125.19303131100014,-9.226380347999907],[125.19123077400013,-9.224309920999929],[125.19174194300001,-9.217459678999887],[125.1929168700002,-9.21457004499996],[125.19400024400011,-9.213800429999878],[125.19518280000011,-9.21098041499988],[125.19670867900015,-9.20948982199991],[125.19666290300006,-9.205510138999898],[125.19902038600003,-9.202050208999879],[125.19866180400004,-9.200929641999892],[125.1970825200001,-9.199870109999893],[125.19879913300008,-9.196330069999817],[125.19846344000007,-9.194459914999982],[125.19570159900013,-9.192790030999902],[125.19473266600016,-9.190850257999898],[125.18972015400004,-9.187100409999971],[125.18913269000006,-9.184630393999896],[125.18742370600012,-9.181610106999926],[125.18406677200016,-9.181099891999907],[125.18289947500011,-9.178770064999867],[125.17954254200004,-9.176300048999963],[125.17694091800013,-9.17570018799995],[125.17468261700003,-9.173660277999943],[125.17722320600001,-9.169719695999959],[125.17864990200007,-9.168919562999918],[125.17920684800004,-9.166239737999945],[125.18357849100016,-9.162280082999814],[125.19515228300031,-9.16788005799998]]]}},{"type":"Feature","properties":{"id":"TL0603","name":"Metinaro","muni_id":"TL06","muni_name":"Dili","_lon":125.75896,"_lat":-8.53722,"_bbox":[125.66383,-8.58831,125.86143,-8.48536]},"geometry":{"type":"MultiPolygon","coordinates":[[[[125.83753204300001,-8.487680434999959],[125.83950042700008,-8.48836040499998],[125.84326171900011,-8.49131011999998],[125.84628295900018,-8.495550155999979],[125.84763336200024,-8.496290206999902],[125.84842681900011,-8.499239921999902],[125.8503265380001,-8.500040053999953],[125.85051727300004,-8.501950263999902],[125.86142730700021,-8.509280204999925],[125.86062622100019,-8.511710166999933],[125.85854339600007,-8.512220382999942],[125.85727691700015,-8.515210151999952],[125.85812377900004,-8.517259597999953],[125.85709381100025,-8.518750190999924],[125.85736846900011,-8.520480155999905],[125.85871887200017,-8.521880149999902],[125.8586273190001,-8.522760390999906],[125.8547973630001,-8.523139953999873],[125.85582733200022,-8.524680137999951],[125.8550796510001,-8.526960372999952],[125.85172271700014,-8.527939795999941],[125.85133361800001,-8.529470443999912],[125.84987640400004,-8.53096961999995],[125.84806060800008,-8.531479835999903],[125.84741210900017,-8.53287982899991],[125.84647369400022,-8.53269004799995],[125.84417724600007,-8.529520034999905],[125.84307098400006,-8.531990050999923],[125.84269714400023,-8.535960196999952],[125.84044647200017,-8.538619994999976],[125.83849334700028,-8.539130210999872],[125.83775329600007,-8.54067039499995],[125.83545684800015,-8.540289878999943],[125.83139801000004,-8.534230231999913],[125.8290176390002,-8.53419017799996],[125.82808685300006,-8.539130210999872],[125.82737731900033,-8.54016017899994],[125.82659149200003,-8.5393600459999],[125.82369995100021,-8.5393600459999],[125.8249588010001,-8.537779807999868],[125.8234176640002,-8.536660193999978],[125.82225036600005,-8.53888988499989],[125.82103729200003,-8.538430213999959],[125.82023620600023,-8.539270400999953],[125.81758117700019,-8.540019988999973],[125.81674194300001,-8.541270255999962],[125.81497192400002,-8.54094982099997],[125.81333923300019,-8.542209624999941],[125.81320190400015,-8.543250083999965],[125.81101226800013,-8.543210029999955],[125.80993652300003,-8.544420241999887],[125.80745697000009,-8.544420241999887],[125.80303192100007,-8.545820235999827],[125.80213928200033,-8.547450065999953],[125.80042266800001,-8.547499656999946],[125.7993392940001,-8.54652023299991],[125.79699707000009,-8.54693984999983],[125.79457855200008,-8.546190261999868],[125.79393005400004,-8.54335021999998],[125.78688049300001,-8.543160438999848],[125.78379821800002,-8.540550231999873],[125.78276825000023,-8.540450095999859],[125.7837066650003,-8.542650222999896],[125.78150939900002,-8.545630454999923],[125.78170013400006,-8.550060271999882],[125.78095245400004,-8.55533027599995],[125.7786483760002,-8.557040214999915],[125.77837371800001,-8.558529853999914],[125.77715301500018,-8.559229850999941],[125.77510070800008,-8.567580222999936],[125.77393341100003,-8.5688896179999],[125.76847076400009,-8.569499968999935],[125.76637268100012,-8.571220397999923],[125.76097869900002,-8.566659926999876],[125.7569580080002,-8.568110465999894],[125.75390625000011,-8.564220427999942],[125.74836731000028,-8.565509795999958],[125.74564361600017,-8.564769744999978],[125.74501037600021,-8.565509795999958],[125.74324035600011,-8.565710067999817],[125.74208831800001,-8.56719016999989],[125.74104309100005,-8.567520141999921],[125.73961639400011,-8.566949843999964],[125.73780059800015,-8.565039634999948],[125.73500824000018,-8.564299582999979],[125.73325347900004,-8.565600394999876],[125.7317504880001,-8.565770148999889],[125.72846984900002,-8.564470290999907],[125.7221908570001,-8.563969611999937],[125.71733093300008,-8.564539908999961],[125.71321106000005,-8.565819739999938],[125.71156311000016,-8.565529822999906],[125.70715332000009,-8.561960219999946],[125.70120239300002,-8.560770034999905],[125.69801330600023,-8.559169768999936],[125.69719696000004,-8.560669898999947],[125.69506073000002,-8.560170173999893],[125.69455719000007,-8.56056022599995],[125.69479370100021,-8.56272983599996],[125.6929702760001,-8.564200400999937],[125.69129943800021,-8.568510055999923],[125.69059753400006,-8.56923961599989],[125.68820953400018,-8.569190024999955],[125.68625640900007,-8.571820258999821],[125.68612670900006,-8.57738971699996],[125.68670654300001,-8.579839705999973],[125.68845367400013,-8.582300185999884],[125.68778228800011,-8.585980414999938],[125.68595123300008,-8.588310241999977],[125.67626953100012,-8.587530135999884],[125.66855621300022,-8.58238029499995],[125.66433715800008,-8.577569961999927],[125.66383361800001,-8.574680327999943],[125.6644668580002,-8.568719863999888],[125.68322753900031,-8.57203960399994],[125.68354797400013,-8.57003021199995],[125.68522644000006,-8.568799972999955],[125.6862106320001,-8.5659399029999],[125.69143676800002,-8.560270308999918],[125.69300079300001,-8.549150466999947],[125.69612121600005,-8.54930973099988],[125.70005798300008,-8.550700187999894],[125.70011901900011,-8.546380042999942],[125.69673156700014,-8.542759894999904],[125.6954116820001,-8.539879798999834],[125.69381713900009,-8.532930373999932],[125.69523620600012,-8.532919883999966],[125.69677734400011,-8.534330367999928],[125.69647216800013,-8.53477001199991],[125.69759368900009,-8.53495979299987],[125.70008087200006,-8.53260040299989],[125.70319366500019,-8.531290053999896],[125.70377349900002,-8.531649589999915],[125.70490264900013,-8.52976036099983],[125.70648956300022,-8.530320167999946],[125.70822143600003,-8.527310370999885],[125.70934295700022,-8.527070044999903],[125.71412658700001,-8.522109984999929],[125.71444702100007,-8.520400046999953],[125.71779632600021,-8.519129752999902],[125.71853637700008,-8.520070075999968],[125.71919250500014,-8.51992034899996],[125.72097778300008,-8.521559714999967],[125.72142791700003,-8.523670196999944],[125.72299194300012,-8.524769782999897],[125.72337341300022,-8.526229857999908],[125.72493743900009,-8.527059554999937],[125.7264022830002,-8.526889800999982],[125.72740173300008,-8.524510383999939],[125.73213958700012,-8.521030425999868],[125.73504638700024,-8.52066993699998],[125.74237823500005,-8.523119925999936],[125.74452972400002,-8.52305984499992],[125.74846649200015,-8.52101993599996],[125.75031280500002,-8.521349906999944],[125.75195312500023,-8.520750045999932],[125.75273132300015,-8.520050048999906],[125.75235748300008,-8.518389701999865],[125.75450134300002,-8.516679763999946],[125.75483703600003,-8.515099524999926],[125.7565765380001,-8.513999938999916],[125.75792694100016,-8.514249801999881],[125.75805664100005,-8.51278972599988],[125.75900268600003,-8.512929915999848],[125.75965118400006,-8.511830329999896],[125.76059722900015,-8.512249946999873],[125.761436462,-8.510959624999884],[125.77134704600007,-8.508769988999916],[125.77232360800019,-8.507470130999934],[125.77455902100019,-8.506819724999843],[125.77719116200024,-8.508540153999888],[125.77895355200008,-8.50856018099995],[125.78021240200007,-8.505109786999924],[125.78421783400006,-8.50508022299988],[125.78869628900031,-8.502309798999875],[125.79068756100003,-8.502249717999973],[125.7930908200002,-8.503129958999978],[125.7942733760002,-8.50251007099996],[125.79503631600005,-8.503649711999913],[125.79570770300006,-8.502710341999887],[125.79766082800018,-8.5034799579999],[125.79844665500002,-8.502710341999887],[125.79978942900016,-8.503700255999945],[125.80075073200021,-8.503179549999913],[125.80552673300008,-8.503870009999957],[125.80770111100003,-8.503120421999824],[125.80859375000023,-8.501669883999966],[125.81091308600014,-8.501429557999813],[125.8119812010001,-8.499279975999855],[125.81458282500012,-8.498310088999972],[125.81519317600021,-8.497130393999896],[125.8171463010001,-8.49619960799987],[125.81835937500011,-8.493829726999934],[125.81835174600008,-8.492190360999814],[125.81983947800006,-8.490699767999956],[125.82285308800022,-8.489620208999952],[125.82660675000011,-8.490779876999966],[125.82869720500014,-8.49069023099986],[125.83244323700012,-8.48859977699982],[125.83513641400009,-8.485360145999891],[125.83753204300001,-8.487680434999959]]],[[[125.7144012450002,-8.520150184999977],[125.71379852300004,-8.519659995999973],[125.71388244600018,-8.519029616999944],[125.71407318100023,-8.519129752999902],[125.7144012450002,-8.520150184999977]]]]}},{"type":"Feature","properties":{"id":"TL0602","name":"Nain Feto","muni_id":"TL06","muni_name":"Dili","_lon":125.59024,"_lat":-8.56849,"_bbox":[125.57905,-8.58986,125.60277,-8.54755]},"geometry":{"type":"Polygon","coordinates":[[[125.58908844000007,-8.547550200999979],[125.59121704100005,-8.55459022499997],[125.58289337200017,-8.555899619999877],[125.58303833000014,-8.557990073999918],[125.58718872100008,-8.556799888999933],[125.58815765400004,-8.558870315999911],[125.58956909200003,-8.559220313999845],[125.59072876000027,-8.560460090999925],[125.59110260000011,-8.565239905999817],[125.59719848600002,-8.564490317999969],[125.59676361100003,-8.568070411999884],[125.59272003200022,-8.573610305999978],[125.59237670900029,-8.57633018499996],[125.59388732900004,-8.57847022999988],[125.59562683100012,-8.579540252999891],[125.59812164300013,-8.58028984099991],[125.5993728640002,-8.57997989699993],[125.60102844200003,-8.58712005599989],[125.60276794400022,-8.58948993699994],[125.60238647500023,-8.589639663999833],[125.5995788570001,-8.589859961999935],[125.59539794900002,-8.588250159999973],[125.59310150100009,-8.588419913999871],[125.59069824200003,-8.586020469999937],[125.58545684800004,-8.585659980999878],[125.58361053500005,-8.584630012999924],[125.583702087,-8.582480430999965],[125.58268737800017,-8.582440375999965],[125.58277893100001,-8.581669806999969],[125.58426666300022,-8.581609725999954],[125.58379364000007,-8.58080005599993],[125.58570098900009,-8.579110145999891],[125.58583831800013,-8.57781028699992],[125.58455658000014,-8.576530456999876],[125.58647918700012,-8.575940131999971],[125.58783721900022,-8.57223987599997],[125.58907318100034,-8.571129798999891],[125.58637237500034,-8.571410178999884],[125.58685302700019,-8.572299956999814],[125.58560943600003,-8.572719573999962],[125.58551025400016,-8.574609755999973],[125.58265686000016,-8.574740409999947],[125.58290100100021,-8.571470260999888],[125.58442688000002,-8.56890010799998],[125.58258819600019,-8.56704044299994],[125.57975006100003,-8.560339927999905],[125.57981109600007,-8.554869651999923],[125.5790481570001,-8.552909850999981],[125.58323669400033,-8.550499915999978],[125.58480072000009,-8.548569678999854],[125.58908844000007,-8.547550200999979]]]}},{"type":"Feature","properties":{"id":"TL1202","name":"Nitibe","muni_id":"TL12","muni_name":"Oecussi","_lon":124.16726,"_lat":-9.33919,"_bbox":[124.04494,-9.43635,124.33181,-9.23822]},"geometry":{"type":"Polygon","coordinates":[[[124.22567749000007,-9.243929862999948],[124.2279434200002,-9.247920035999869],[124.22869110100032,-9.250559806999888],[124.2267913820001,-9.25611972799993],[124.2292785640002,-9.260169982999969],[124.22805786100002,-9.265330314999972],[124.23046112100008,-9.269470214999956],[124.23116302500023,-9.271960257999979],[124.23300170900029,-9.272970199999975],[124.23351287800006,-9.27439975699997],[124.2370910640002,-9.278750419999938],[124.2372512820001,-9.28295993799992],[124.24159240700021,-9.29012012499993],[124.24191284200015,-9.29354953799998],[124.24099731400008,-9.297510146999969],[124.24173736600005,-9.298620223999876],[124.24040222200006,-9.300510405999944],[124.23966217000009,-9.303130149999902],[124.2404327390002,-9.30434989899993],[124.24247741700003,-9.305199622999908],[124.24297332800018,-9.306409835999943],[124.23842620800019,-9.308090209999875],[124.23697662400014,-9.309789657999886],[124.23435974100005,-9.311389922999979],[124.22847747800017,-9.312970160999896],[124.22515869100005,-9.315239905999931],[124.2229614260001,-9.318369864999909],[124.22147369400011,-9.325619697999969],[124.21903991700003,-9.331390380999949],[124.23425293000003,-9.333169936999923],[124.23695373500004,-9.33088016499994],[124.24096679700017,-9.331520080999951],[124.24620056200001,-9.32824039499991],[124.2477569580002,-9.324879645999943],[124.2480163570001,-9.322520255999962],[124.2495880130001,-9.320960044999822],[124.25740814200003,-9.328579902999934],[124.25882720900017,-9.33304977399996],[124.26133728000013,-9.336910247999981],[124.26376342800006,-9.337100028999942],[124.26461029100005,-9.336460113999863],[124.26561737100008,-9.330329894999977],[124.26796722400013,-9.322210311999982],[124.27081298800022,-9.317959784999914],[124.27194213900009,-9.316860198999962],[124.2733535770002,-9.317990302999931],[124.27503967300004,-9.316980361999981],[124.27828979500009,-9.318570136999938],[124.28061676000016,-9.318920134999871],[124.2827835080002,-9.321619986999963],[124.28653717000009,-9.32458972899991],[124.28968811000016,-9.32979011499998],[124.2894363400003,-9.341270446999943],[124.28533935500002,-9.34770965599995],[124.28703308100012,-9.356559752999885],[124.29802703900009,-9.362890243999914],[124.2992324830002,-9.364549636999811],[124.3003616330002,-9.36460018199989],[124.30388641400009,-9.368009566999831],[124.30605316200013,-9.369190215999879],[124.30962371800013,-9.373180388999913],[124.31131744400011,-9.373430251999878],[124.31947326700003,-9.371979712999973],[124.3197708130001,-9.37250995599993],[124.31970977800029,-9.373889922999979],[124.32099914600008,-9.375880240999948],[124.31974792500012,-9.379269599999873],[124.31990814200003,-9.38333988199986],[124.32154846200001,-9.386650084999928],[124.32462310800008,-9.389699935999943],[124.32454681400009,-9.39142990099998],[124.32203674300001,-9.394390105999946],[124.32295990000011,-9.39682006799984],[124.32708740200019,-9.401309966999975],[124.32582855200008,-9.404339789999938],[124.32630920400027,-9.409390449999933],[124.32588958700012,-9.41178989399998],[124.32755279500009,-9.414560317999872],[124.32913208000025,-9.415900229999977],[124.3295593260001,-9.419019698999875],[124.33112335200019,-9.420920371999955],[124.33180999800015,-9.423439979999955],[124.3248291020002,-9.422630309999931],[124.31929779100005,-9.420140265999976],[124.31699371300022,-9.420639991999906],[124.3075332640002,-9.420370101999879],[124.30377197300027,-9.422400474999904],[124.30092620800008,-9.425439834999963],[124.29794311500007,-9.425970077999978],[124.29382324200003,-9.428609847999951],[124.28984832800006,-9.428449630999864],[124.28460693400007,-9.429759978999925],[124.27987670900006,-9.432459830999846],[124.27655029300001,-9.436349868999912],[124.27474975600012,-9.434909820999962],[124.27395629900013,-9.433360099999902],[124.27422332800029,-9.432589530999905],[124.27638244600007,-9.431460380999908],[124.27644348100023,-9.428999900999827],[124.27557373000013,-9.42477989199989],[124.27382659900002,-9.424880027999905],[124.27333831800024,-9.424139976999982],[124.27311706500018,-9.42193984999983],[124.27401733400029,-9.420149802999958],[124.27226257300015,-9.417719840999894],[124.27110290500013,-9.414679526999976],[124.27159118700001,-9.412429809999878],[124.26994323700012,-9.411179542999832],[124.26885223400018,-9.412579535999953],[124.26777648900008,-9.412440299999957],[124.2677536010001,-9.410449981999932],[124.2662887570001,-9.409540175999894],[124.2671127320001,-9.408419608999907],[124.26682281500018,-9.407150268999942],[124.26513671900011,-9.406229972999938],[124.26406860400016,-9.403969764999943],[124.26280975300017,-9.403909682999881],[124.26216888400018,-9.397649764999926],[124.26093292200005,-9.395810126999947],[124.25926971400008,-9.394809722999923],[124.25559997600021,-9.394880294999837],[124.25224304200026,-9.393119811999895],[124.24368286100014,-9.383000373999835],[124.23886108400006,-9.38162994399994],[124.23809051500018,-9.379340171999957],[124.2359390260001,-9.377329825999936],[124.2350921630001,-9.374199866999959],[124.23341369600018,-9.374360084999978],[124.23062896700026,-9.375949859999935],[124.22463989300002,-9.370510100999866],[124.21852874800015,-9.36793041199985],[124.21645355200008,-9.365559577999875],[124.21460723900009,-9.367070197999908],[124.21193695100021,-9.367919921999942],[124.21095275900007,-9.370089530999962],[124.20928192100007,-9.36940956099994],[124.20807647700019,-9.37069988299993],[124.20645904500009,-9.36960983299997],[124.20480346700003,-9.370679854999878],[124.20458221400008,-9.37285041799987],[124.20349884000007,-9.37434959399991],[124.20395660400004,-9.376609801999962],[124.20310974100005,-9.377840041999889],[124.20131683300008,-9.378339766999943],[124.19930267300003,-9.377809524999861],[124.19676971400031,-9.378939628999944],[124.19384765600012,-9.377690314999938],[124.19217681900034,-9.377849578999871],[124.18981933600003,-9.381910323999875],[124.18977356000005,-9.384169578999945],[124.18701171900022,-9.3850002289999],[124.18549346900033,-9.387419700999828],[124.18164825400004,-9.388979911999968],[124.17430114700016,-9.39023971599994],[124.17224121100003,-9.393150329999969],[124.16784668000014,-9.394530295999914],[124.16806030300017,-9.397000312999921],[124.17089080800008,-9.398590087999935],[124.17192077600009,-9.400259971999958],[124.16885376000016,-9.402379989999872],[124.16835784900024,-9.40462970699997],[124.1654205320001,-9.407119750999925],[124.16356658900008,-9.410759925999912],[124.16091156000005,-9.412670134999871],[124.16269683800022,-9.41767978699994],[124.16114044200003,-9.41989993999988],[124.15815734900002,-9.421050071999844],[124.15605926500018,-9.421050071999844],[124.15411377000021,-9.422329902999934],[124.14988708500016,-9.421629905999964],[124.14949035600011,-9.422450065999953],[124.15052795400004,-9.424739837999937],[124.14938354500009,-9.42702007299988],[124.14752197300004,-9.426850318999868],[124.1447296140002,-9.423959731999958],[124.13926696800013,-9.424500464999937],[124.13638305700022,-9.426289557999837],[124.13452148400006,-9.426569938999933],[124.13356781000005,-9.425829886999907],[124.12824249300002,-9.416279792999944],[124.12642669700006,-9.416239737999888],[124.12531280500014,-9.413929938999956],[124.1248931880001,-9.410880088999932],[124.12113189700005,-9.408329963999961],[124.12006378200022,-9.40682029699991],[124.11815643300008,-9.407090186999937],[124.11636352500022,-9.410019874999875],[124.11387634300013,-9.407150268999942],[124.11253356900022,-9.406530379999936],[124.1115798950002,-9.406840323999972],[124.11047363300008,-9.410129546999883],[124.10743713400018,-9.409819602999903],[124.10620880100021,-9.409029960999874],[124.09980011000027,-9.409159659999943],[124.09758758500027,-9.408379554999954],[124.09565734900025,-9.404649733999918],[124.0925369260001,-9.40143012999988],[124.08908081100003,-9.395219802999861],[124.08293914800004,-9.389510154999925],[124.08216857900027,-9.387370109999893],[124.07932281500018,-9.384160041999962],[124.07797241200012,-9.380979537999963],[124.07501983600002,-9.378129958999978],[124.0716934200002,-9.372960090999982],[124.06813049300001,-9.369359969999891],[124.06733703600014,-9.366390227999943],[124.06461334200003,-9.361169814999926],[124.05854797400002,-9.358010291999904],[124.05374908400029,-9.35192012799996],[124.0492095950001,-9.350219726999967],[124.04817962600009,-9.34778976399997],[124.04521179200003,-9.344149589999972],[124.04493713400007,-9.336219787999937],[124.0511627200002,-9.334170340999947],[124.05259704600019,-9.332440375999965],[124.05390930200008,-9.33234023999995],[124.05452728300008,-9.333919524999885],[124.05635070800008,-9.334480285999916],[124.06268310500013,-9.332900046999896],[124.0671234130001,-9.330349921999925],[124.07379150400004,-9.324669837999977],[124.07958984400034,-9.324979781999957],[124.08223724400023,-9.326970099999869],[124.08432769800015,-9.32738971699996],[124.09166717500011,-9.324769973999935],[124.09604644800004,-9.32423973099992],[124.09987640400004,-9.319490432999885],[124.10717010500002,-9.314359664999927],[124.10870361300022,-9.31190967599997],[124.11032104500009,-9.310689925999952],[124.1219863890002,-9.309679984999889],[124.12901306200013,-9.306610106999926],[124.13107299800004,-9.30494022399995],[124.13696289100005,-9.29718971299991],[124.13922882100007,-9.296580314999972],[124.14285278300008,-9.297590255999921],[124.15563201900011,-9.295740127999977],[124.1617431640002,-9.29143047299982],[124.1636734010001,-9.290710448999846],[124.16739654500009,-9.284119605999933],[124.17104339600019,-9.281040191999978],[124.17310333300031,-9.278329848999874],[124.17574310300006,-9.272959708999906],[124.17745208700023,-9.26686000799998],[124.17976379400011,-9.264470099999926],[124.18155670200031,-9.25702953299998],[124.18303680400004,-9.25592994699997],[124.1851272580002,-9.250820159999932],[124.18612670900018,-9.249899863999929],[124.19000244100005,-9.248430251999935],[124.1938171390002,-9.247969626999975],[124.19573211700003,-9.246549605999917],[124.19985199000007,-9.246459960999971],[124.20435333300009,-9.244029998999906],[124.2138595580002,-9.244649886999923],[124.21838378900031,-9.241920470999958],[124.22084045400015,-9.238220214999956],[124.22255706800001,-9.241319655999916],[124.22567749000007,-9.243929862999948]]]}},{"type":"Feature","properties":{"id":"TL1203","name":"Oesilo","muni_id":"TL12","muni_name":"Oecussi","_lon":124.35396,"_lat":-9.3564,"_bbox":[124.3009,-9.42812,124.40446,-9.28521]},"geometry":{"type":"Polygon","coordinates":[[[124.34300994900002,-9.28598976099994],[124.34420776400009,-9.294910430999892],[124.34909057600032,-9.299249648999933],[124.35061645500002,-9.299670218999893],[124.35665130600012,-9.297590255999921],[124.35870361300022,-9.297750472999951],[124.36155700700021,-9.300450324999872],[124.36251831100014,-9.303350448999936],[124.36786651600005,-9.307789802999878],[124.37046814000007,-9.308790206999902],[124.37597656200035,-9.308650016999934],[124.37805938700012,-9.309789657999886],[124.38120269800004,-9.31381988499993],[124.38272857700008,-9.314180373999932],[124.38362121600017,-9.313249587999906],[124.38461303700001,-9.313529967999955],[124.38600158700001,-9.318010329999936],[124.38401031500007,-9.323430060999897],[124.38587188700012,-9.32676029199996],[124.38970947300004,-9.32812976799994],[124.39128112800029,-9.331439971999885],[124.39527893100001,-9.330490111999893],[124.39653778100012,-9.332590102999916],[124.39656066900022,-9.334810256999958],[124.39739227300015,-9.336059569999918],[124.39911651600005,-9.335700034999945],[124.40135192900004,-9.336489676999975],[124.40187072800006,-9.338210105999963],[124.40355682400013,-9.340080260999969],[124.40339660600011,-9.341239928999926],[124.40408325200008,-9.34072017699998],[124.40445709200014,-9.341099738999958],[124.4040069580002,-9.342909812999892],[124.40310668900008,-9.343310355999904],[124.40345001200012,-9.344369887999903],[124.40200042700019,-9.345430373999875],[124.40267181400009,-9.34669017799996],[124.40204620400016,-9.347459792999928],[124.402061462,-9.35033988999993],[124.40109252900004,-9.352080344999877],[124.39644622800006,-9.355930327999943],[124.39131164600019,-9.3585500719999],[124.38968658400017,-9.36061000799998],[124.3863296510001,-9.360170363999941],[124.38613891600005,-9.359129905999907],[124.38490295400015,-9.359330176999947],[124.38430786100002,-9.358139991999963],[124.38272857700008,-9.35805988299984],[124.3819580080002,-9.356860160999872],[124.37989044200003,-9.356880187999934],[124.38049316400009,-9.36161041299988],[124.38004303000002,-9.36345004999987],[124.37798309300001,-9.365130423999972],[124.37877655000023,-9.367219924999972],[124.37830352800017,-9.370550155999979],[124.37658691400009,-9.37246990199992],[124.37660980200019,-9.374710082999911],[124.37600708000002,-9.375049590999936],[124.37528228800011,-9.374360084999978],[124.3750991820001,-9.375989913999945],[124.37407684300013,-9.376720427999885],[124.3746337890002,-9.377849578999871],[124.3781814580002,-9.379170417999944],[124.37914276100003,-9.380760192999844],[124.3817062380001,-9.389679908999938],[124.38130188000025,-9.391360282999926],[124.379318237,-9.39330005599993],[124.38021087600009,-9.39476013199993],[124.37978363000002,-9.39570045499994],[124.38033294700028,-9.39663982399992],[124.37785339400023,-9.399250030999895],[124.37653350800008,-9.399929999999927],[124.37490081800001,-9.399620055999947],[124.37243652300015,-9.401129722999883],[124.3772583010001,-9.403750419999938],[124.3745803830002,-9.406229972999938],[124.37348938000025,-9.405110358999934],[124.37281799300001,-9.405920028999958],[124.37236022900004,-9.405380248999961],[124.37008667000009,-9.4078397749999],[124.36794281000016,-9.408459662999917],[124.36747741700015,-9.412090301999967],[124.3623275760001,-9.41942977899987],[124.35894012500023,-9.422019957999964],[124.35781097400013,-9.421970366999972],[124.35722351100014,-9.422719954999877],[124.35600280800008,-9.422800063999944],[124.35562896700014,-9.42368984199993],[124.35399627700008,-9.424099921999925],[124.35327911400032,-9.425900458999877],[124.35159301800024,-9.42644977599997],[124.35114288300008,-9.42811965899989],[124.33820343000014,-9.425930022999921],[124.33180999800015,-9.423439979999955],[124.33112335200019,-9.420920371999955],[124.3295593260001,-9.419019698999875],[124.32913208000025,-9.415900229999977],[124.32755279500009,-9.414560317999872],[124.32588958700012,-9.41178989399998],[124.32630920400027,-9.409390449999933],[124.32582855200008,-9.404339789999938],[124.32708740200019,-9.401309966999975],[124.32295990000011,-9.39682006799984],[124.32203674300001,-9.394390105999946],[124.32454681400009,-9.39142990099998],[124.32462310800008,-9.389699935999943],[124.32154846200001,-9.386650084999928],[124.31990814200003,-9.38333988199986],[124.31974792500012,-9.379269599999873],[124.32099914600008,-9.375880240999948],[124.31970977800029,-9.373889922999979],[124.3197708130001,-9.37250995599993],[124.31894683800022,-9.372019767999973],[124.31027984600007,-9.373479842999927],[124.3087692260001,-9.372460364999938],[124.30983734100016,-9.370980262999865],[124.30899047900004,-9.365169524999942],[124.31022644000006,-9.362019538999903],[124.31224060100021,-9.360309600999926],[124.31168365500014,-9.357589721999943],[124.31320953400018,-9.355019568999978],[124.31192779500009,-9.349280356999941],[124.3123931880001,-9.345219611999937],[124.31005096400008,-9.343230246999951],[124.30490112300004,-9.340940474999911],[124.30445098900032,-9.339469909999934],[124.30487060500002,-9.336330413999974],[124.30351257300015,-9.333379744999888],[124.30132293700001,-9.332329749999872],[124.30090332000032,-9.330949782999937],[124.30312347400002,-9.32621955899998],[124.3028793330003,-9.323419570999931],[124.30407714800003,-9.321040153999945],[124.30993652300015,-9.319910048999873],[124.31301879900013,-9.323180198999921],[124.31359100300006,-9.32522010799994],[124.31427764900002,-9.32522010799994],[124.31596374500009,-9.322790145999875],[124.3170928960003,-9.322210311999982],[124.31915283200021,-9.322440146999895],[124.32592773400017,-9.320759772999963],[124.32829284700017,-9.32145023299995],[124.33170318600003,-9.319029807999868],[124.33173370400004,-9.31525993299988],[124.33342742900015,-9.31295967099993],[124.33335876500007,-9.311639785999944],[124.33165741000016,-9.307080268999925],[124.33183288600003,-9.304479598999933],[124.32763671900011,-9.30163955699993],[124.32733154300001,-9.29928016699995],[124.32869720500003,-9.295000075999951],[124.32833862300004,-9.293000220999943],[124.32869720500003,-9.292309760999899],[124.33305358900009,-9.291230201999952],[124.33918762200005,-9.290530204999925],[124.33912658700001,-9.288089751999962],[124.34043121300033,-9.285209655999893],[124.34300994900002,-9.28598976099994]]]}},{"type":"Feature","properties":{"id":"TL1302","name":"Ossu","muni_id":"TL13","muni_name":"Viqueque","_lon":126.37793,"_lat":-8.71599,"_bbox":[126.25308,-8.83784,126.51556,-8.593]},"geometry":{"type":"Polygon","coordinates":[[[126.46415710400004,-8.59300041199998],[126.4735031130001,-8.594619750999925],[126.47638702400013,-8.59759044599997],[126.47630310100021,-8.60021972699991],[126.4779663090003,-8.604840278999973],[126.47550964400034,-8.608260154999925],[126.47741699200003,-8.60949993099996],[126.47762298600003,-8.612979888999917],[126.4802322390002,-8.613490104999869],[126.48211669900002,-8.61244010899992],[126.48309326200001,-8.614230155999905],[126.48757171600005,-8.618300437999949],[126.48586273200021,-8.62316989899989],[126.48454284700017,-8.62349033399994],[126.48458862300004,-8.627099990999909],[126.4859390260001,-8.630049705999909],[126.48467254600018,-8.632760047999966],[126.48544311500007,-8.635580062999907],[126.48657989500032,-8.636449813999945],[126.48632049600008,-8.638230323999892],[126.48718261700014,-8.637980460999927],[126.48769378700013,-8.638549804999968],[126.48706054700017,-8.64453029599997],[126.48851776100025,-8.648409842999968],[126.4914398190001,-8.650670051999953],[126.4971694950001,-8.656609534999973],[126.49741363500004,-8.657839774999957],[126.49877166700014,-8.658379554999954],[126.50102996800001,-8.660880088999875],[126.50199127200017,-8.664429664999943],[126.5053405760001,-8.67063045499998],[126.51126098600025,-8.678819655999973],[126.51096344000018,-8.681369780999944],[126.50975036600016,-8.68412971499987],[126.50623321500018,-8.687600135999958],[126.50257110600012,-8.690039634999891],[126.49971008300008,-8.695650100999956],[126.50039672900004,-8.696619986999906],[126.50000000000023,-8.697959899999944],[126.50097656200023,-8.698030471999914],[126.50157165500013,-8.700730323999949],[126.50311279300013,-8.700690268999892],[126.50380706800013,-8.702549933999933],[126.50507354700017,-8.70226955399994],[126.50569915800031,-8.703740119999907],[126.50523376500007,-8.705240249999974],[126.50569152800006,-8.705610274999913],[126.50312805200008,-8.705309867999858],[126.50258636500007,-8.706069945999957],[126.50287628200022,-8.707090377999918],[126.50121307400002,-8.707850455999903],[126.50221252400013,-8.708780288999947],[126.5014114380001,-8.70952033999987],[126.50203704800003,-8.711330413999974],[126.50150299100017,-8.712840079999921],[126.50248718300008,-8.713729857999908],[126.5034866330003,-8.713520049999886],[126.50203704800003,-8.714420318999942],[126.50209045400015,-8.715330123999934],[126.50287628200022,-8.716640471999881],[126.50480651900011,-8.71669959999997],[126.5043334960003,-8.717590331999872],[126.50527954100016,-8.718890189999968],[126.50731658900008,-8.717969893999907],[126.5061111450002,-8.720809936999899],[126.50644683800022,-8.721559524999918],[126.50785827600009,-8.721480369999938],[126.50906372100008,-8.722539901999937],[126.51004791300034,-8.721679687999938],[126.51077270500014,-8.721949576999975],[126.51081848100011,-8.723919867999825],[126.51220703100012,-8.724399566999978],[126.5127182010001,-8.723420142999942],[126.51425170900018,-8.724120139999968],[126.51454925500013,-8.724989890999893],[126.5138473510001,-8.72638988499989],[126.51555633500016,-8.726539611999954],[126.51204681400009,-8.731459617999974],[126.50998687700007,-8.729849814999909],[126.50887298600003,-8.730589866999878],[126.50496673600014,-8.72848033899993],[126.50385284400011,-8.72546005199996],[126.50251007100019,-8.725790023999934],[126.50122070300006,-8.724820136999881],[126.49816131600016,-8.72471046399994],[126.49701690700022,-8.725350379999952],[126.4960098270002,-8.724780082999928],[126.49369049100017,-8.725979804999895],[126.4908981320001,-8.725859641999932],[126.48914337200006,-8.72494983699994],[126.48639679000019,-8.725790023999934],[126.48576355000023,-8.728930472999878],[126.48355102500022,-8.732159614999887],[126.48300170900006,-8.734700202999875],[126.48686981200024,-8.737660407999954],[126.48784637500012,-8.739109992999886],[126.48760223400006,-8.749290465999877],[126.48314666700014,-8.754940032999968],[126.48230743400006,-8.759490012999947],[126.48008728000002,-8.763139724999917],[126.46415710400004,-8.77678966499991],[126.46454620400004,-8.780570029999978],[126.4673080440001,-8.785920142999885],[126.46736145000011,-8.79059028599994],[126.46901702900004,-8.79559993699985],[126.47289276100014,-8.79926967599988],[126.47196197500034,-8.802599906999944],[126.4742431640002,-8.80407047299991],[126.47521972700008,-8.807559966999975],[126.4782485960003,-8.80854988099992],[126.47760772700008,-8.80924034099985],[126.47749328600003,-8.811129569999935],[126.47859191900022,-8.813480376999905],[126.47836303700012,-8.814720153999929],[126.47794342000009,-8.815099715999963],[126.47538757300015,-8.813750266999875],[126.4704132080002,-8.814749717999973],[126.46878814700028,-8.814060210999855],[126.46798706100026,-8.814920424999968],[126.46665191700015,-8.814410209999949],[126.46466064500021,-8.815039634999891],[126.46363830600012,-8.814459800999941],[126.4630432130001,-8.814970015999904],[126.46057128900009,-8.814470290999964],[126.45852661100002,-8.815259932999822],[126.45673370400004,-8.814220427999942],[126.45439910900006,-8.81567001299993],[126.45334625200007,-8.815259932999822],[126.44920349100005,-8.817930221999973],[126.44007873500004,-8.82024955699984],[126.43874359100005,-8.821120261999852],[126.43670654300013,-8.824460029999955],[126.43232727100008,-8.826860427999975],[126.4285736080003,-8.827850341999977],[126.42458343500016,-8.827280044999952],[126.41893005400016,-8.822839736999924],[126.41253662100007,-8.826339721999943],[126.41058349600007,-8.825269698999875],[126.4030532840003,-8.827150344999893],[126.39880371100014,-8.826970099999812],[126.39766693100023,-8.825989722999964],[126.39293670700022,-8.826199531999919],[126.3888473510001,-8.828490256999828],[126.38639068600025,-8.828989982999872],[126.38501739500009,-8.831620215999976],[126.3803634640002,-8.833680152999875],[126.3771820070001,-8.837840079999921],[126.37460327100007,-8.835049628999968],[126.37238311800002,-8.834030150999979],[126.36670684800004,-8.834600448999936],[126.33422851600005,-8.829919814999869],[126.33212280300017,-8.829859733999967],[126.33054351800013,-8.831529616999944],[126.32562255900018,-8.83222961399997],[126.31839752200005,-8.832139968999911],[126.30535125700032,-8.828590392999956],[126.29900360100021,-8.82756996199987],[126.2934265140002,-8.829620360999968],[126.29181671100014,-8.829669951999904],[126.29097747800006,-8.830889701999922],[126.28769683800022,-8.83036994899993],[126.28298950200008,-8.823740004999877],[126.28211975100021,-8.821430205999832],[126.282920837,-8.815119742999968],[126.28401184100005,-8.813050269999962],[126.28370666500007,-8.810890197999925],[126.27912139900002,-8.806389808999882],[126.27422332800006,-8.79928016699995],[126.27332305900006,-8.795499801999824],[126.27010345500003,-8.791500091999978],[126.26904296900034,-8.781069755999852],[126.26776886000005,-8.77884006499994],[126.27023315400015,-8.77268981899988],[126.26952362100019,-8.769869803999882],[126.27082824700005,-8.768309592999913],[126.27082061800013,-8.766880034999872],[126.26892089800015,-8.763589858999978],[126.26611328100023,-8.76259994499992],[126.26412200900018,-8.758749961999968],[126.26428985600012,-8.75706005099994],[126.26289367700008,-8.756919860999972],[126.25980377200017,-8.7549695969999],[126.25898742700008,-8.752209662999917],[126.25540924100005,-8.749589919999949],[126.25420379600007,-8.747050284999887],[126.25409698500005,-8.745360373999858],[126.2554931640002,-8.74217033399998],[126.25543212900004,-8.736180304999948],[126.2546234130001,-8.734080314999915],[126.25537872300004,-8.730790137999918],[126.25437164300001,-8.727459907999958],[126.25525665300006,-8.722960471999954],[126.2549819950001,-8.721559524999918],[126.2534408570001,-8.719730376999905],[126.25377655000011,-8.717530250999971],[126.25308227500011,-8.714900016999934],[126.2555465700002,-8.706210135999982],[126.25518035900018,-8.702960013999927],[126.25611114500009,-8.700730323999949],[126.2550582890002,-8.694169997999893],[126.25900268600014,-8.693320273999916],[126.26027679400022,-8.692170142999885],[126.26187896700003,-8.694499968999935],[126.26393127400013,-8.69373035399991],[126.2642593380001,-8.691479682999955],[126.26740264900002,-8.689729690999854],[126.26686096200001,-8.689060210999969],[126.26837921100014,-8.686759948999963],[126.27028656000016,-8.685799598999836],[126.27252197300004,-8.687009810999939],[126.27391815200008,-8.681139945999917],[126.27365112300004,-8.679300307999938],[126.27764892600021,-8.67825984999996],[126.27921295200008,-8.675999640999976],[126.27835083000002,-8.674059867999972],[126.28186798100012,-8.671460151999895],[126.2815780640002,-8.670849799999928],[126.28000640900007,-8.670559882999953],[126.28253936800002,-8.669300078999981],[126.2874374390002,-8.66849994699993],[126.29078674300001,-8.66981029499982],[126.3009567260001,-8.676449775999913],[126.30631256100014,-8.681309699999929],[126.30886077900027,-8.682229995999876],[126.31186676000004,-8.68237972299994],[126.31392669700006,-8.681260108999936],[126.3169937130001,-8.681590079999978],[126.31967926000004,-8.679840087999935],[126.32238769500009,-8.67897033699984],[126.32363128700013,-8.676159858999824],[126.3283996580002,-8.675149917999931],[126.33081054700006,-8.673310279999953],[126.33248138400006,-8.673049926999965],[126.33467865000011,-8.674260138999955],[126.33569335900017,-8.67765998799996],[126.33789825400004,-8.681369780999944],[126.34171295200008,-8.684180259999948],[126.34313964800015,-8.684269904999837],[126.34687805200019,-8.683309554999937],[126.34860229500009,-8.68171024299994],[126.35137939500021,-8.68103027299992],[126.35366821300022,-8.678750037999976],[126.3541030880001,-8.67735004399998],[126.3576736450002,-8.677740096999912],[126.35726165800008,-8.676210402999914],[126.35804748500004,-8.67529964399995],[126.35640716600005,-8.673560142999918],[126.35655212400002,-8.672060012999964],[126.35875701900011,-8.672809600999926],[126.36000824000018,-8.67028999299987],[126.36103057900027,-8.670510291999904],[126.36177063000014,-8.669199943999956],[126.36373138400006,-8.669520377999902],[126.36678314200014,-8.666190146999952],[126.36932373000002,-8.666870116999974],[126.37155914300013,-8.666319846999954],[126.37400817900004,-8.666749953999897],[126.37558746300022,-8.66617011999989],[126.37741851800024,-8.664489745999958],[126.37789154100005,-8.663129806999962],[126.37991333000025,-8.662859916999935],[126.3804168700002,-8.660180091999962],[126.38456726100014,-8.660799979999922],[126.38474273700024,-8.659859656999913],[126.38371276900011,-8.659210204999908],[126.38368988000013,-8.658419608999964],[126.38593292200005,-8.658379554999954],[126.3874816890002,-8.656249999999943],[126.38851928700012,-8.657250403999967],[126.39131927500011,-8.6572103499999],[126.39315795900006,-8.65876007099996],[126.39452362100008,-8.657340049999902],[126.39710998500016,-8.659580230999893],[126.39716339100016,-8.66012954699994],[126.39437866200001,-8.660659789999954],[126.3928527830002,-8.663339614999927],[126.39002227800017,-8.665450095999915],[126.38955688500016,-8.668519973999878],[126.39026641800012,-8.674220084999888],[126.39189147900004,-8.67525958999994],[126.39240264900002,-8.676699637999889],[126.3948593140002,-8.677510261999828],[126.3946762080003,-8.681389808999938],[126.39787292500023,-8.68861007699985],[126.3995132450001,-8.690219878999926],[126.42646026600005,-8.699460029999898],[126.44229126000005,-8.703109740999878],[126.4434280400003,-8.702930449999883],[126.44410705600001,-8.701740264999898],[126.4475173950002,-8.700860022999905],[126.44863128700001,-8.697879790999878],[126.44853973400029,-8.695119857999885],[126.45278167700019,-8.692500113999927],[126.45008087200006,-8.689740180999934],[126.45012664800015,-8.686180114999956],[126.45130157500012,-8.685680388999913],[126.45539856000005,-8.685959815999922],[126.45616149900002,-8.683699607999813],[126.45482635500025,-8.682880401999967],[126.45471954300012,-8.679679870999905],[126.45334625200007,-8.680219649999913],[126.45285797100007,-8.679759978999869],[126.45292663600003,-8.677160262999905],[126.45088958700012,-8.673789977999945],[126.45126342800006,-8.673020362999921],[126.45480346700015,-8.671640395999873],[126.45031738300008,-8.669449805999932],[126.45007324200003,-8.667160033999892],[126.44785308800033,-8.6666803359999],[126.44835662800006,-8.665060042999869],[126.44766235400004,-8.66300010699996],[126.44521331800001,-8.663009643999942],[126.44468689000018,-8.662039756999832],[126.44609069800003,-8.66047000899988],[126.4468536380001,-8.657239913999888],[126.4489593510001,-8.656209945999933],[126.44831085200019,-8.653750419999824],[126.45046234100016,-8.652709960999971],[126.45452117900004,-8.647970199999918],[126.45482635500025,-8.646759986999882],[126.4541473390002,-8.6435699459999],[126.45749664300001,-8.64286994899993],[126.45883178700001,-8.641670226999963],[126.45863342300015,-8.64039039599993],[126.46087646500007,-8.63786983499989],[126.46317291300022,-8.632450103999929],[126.46782684300001,-8.630100249999941],[126.46936035200008,-8.627579688999901],[126.4690780640002,-8.6261596679999],[126.46726989700005,-8.624059676999877],[126.46185302700007,-8.623410224999873],[126.46016693100034,-8.621800422999911],[126.46022033700001,-8.62065029099989],[126.46218109100005,-8.61767959599996],[126.46121978800034,-8.616020202999948],[126.46192932100018,-8.61371040299997],[126.46140289300013,-8.61293029799998],[126.45938873300008,-8.613690375999909],[126.45890045200008,-8.611579894999977],[126.46098327600009,-8.609780311999941],[126.46230316200013,-8.610730170999943],[126.46526336700015,-8.610690116999933],[126.46605682400002,-8.607930182999894],[126.46587371800013,-8.606209754999952],[126.46308136000005,-8.606140136999954],[126.46219635000011,-8.605070113999886],[126.46289825400015,-8.601490020999961],[126.46452331500006,-8.600370406999957],[126.46505737300015,-8.598420142999885],[126.46289062500011,-8.597640037999895],[126.46086120600012,-8.595939635999912],[126.46415710400004,-8.59300041199998]]]}},{"type":"Feature","properties":{"id":"TL1201","name":"Pante Macassar","muni_id":"TL12","muni_name":"Oecussi","_lon":124.34263,"_lat":-9.2703,"_bbox":[124.21904,-9.37246,124.48273,-9.16722]},"geometry":{"type":"Polygon","coordinates":[[[124.44274139400022,-9.167329787999904],[124.44986724900014,-9.167220115999896],[124.46607208300031,-9.172809600999813],[124.46977233900009,-9.172100066999974],[124.47257995600012,-9.17436027499997],[124.47461700400004,-9.174759864999885],[124.47602844200014,-9.174180030999935],[124.47759246800001,-9.175310134999961],[124.47894287100019,-9.180609702999845],[124.4790267940001,-9.18657016799989],[124.48024749800004,-9.18877983099992],[124.48078155500002,-9.19211006199987],[124.48026275600023,-9.194959640999912],[124.47944641100003,-9.195579528999872],[124.4827270510001,-9.19791984599982],[124.48229980500025,-9.198659896999857],[124.48111724900014,-9.198439597999936],[124.48104095500003,-9.19935989399994],[124.47769165000011,-9.199910163999903],[124.47585296600005,-9.201959609999847],[124.4760208130001,-9.203399657999967],[124.47312927200005,-9.204299926999965],[124.47113800000034,-9.206800460999887],[124.46856689500032,-9.208140372999935],[124.4675903320001,-9.212080001999936],[124.46771240200007,-9.217149733999975],[124.46662139900013,-9.218959807999909],[124.46600341800001,-9.224539756999945],[124.46758270300006,-9.229029654999977],[124.46579742400002,-9.231040000999883],[124.46566772500012,-9.23246955899998],[124.46705627400013,-9.238710402999857],[124.46553039600019,-9.240209578999895],[124.46452331500006,-9.24287033099995],[124.46499633800022,-9.247879981999972],[124.46611785900006,-9.248940467999944],[124.46614074700017,-9.249779700999909],[124.46478271500007,-9.250989913999945],[124.46237945600001,-9.249999999999943],[124.46086883500004,-9.256810187999974],[124.45587158200021,-9.263699531999976],[124.45446014400011,-9.267569541999876],[124.45458984400022,-9.27112960799991],[124.45612335200008,-9.275739669999894],[124.4560012820001,-9.280949592999946],[124.45507812500034,-9.28260993999993],[124.45744323700012,-9.285820006999927],[124.4584884640002,-9.289790153999888],[124.4618301390002,-9.29323005699996],[124.46224212600009,-9.299110412999937],[124.46012878400018,-9.30350971199988],[124.45886993400006,-9.30500030499985],[124.45546722400013,-9.306610106999926],[124.45451355000012,-9.3084297179999],[124.4468002320001,-9.30640029899996],[124.44349670400004,-9.312729835999903],[124.4401168820001,-9.314640044999862],[124.43952179000007,-9.31760978699998],[124.44023895300018,-9.319740294999974],[124.43892669700017,-9.321940421999955],[124.44000244100016,-9.323900222999896],[124.43939209000018,-9.327440261999868],[124.43807983400018,-9.328260421999971],[124.43778991700003,-9.33032035799988],[124.43900299100005,-9.331760405999944],[124.43842315700022,-9.333660125999927],[124.4352569580002,-9.334879874999956],[124.4345169070001,-9.334139823999976],[124.43417358400006,-9.331500052999957],[124.4327926640002,-9.331760405999944],[124.43108367900015,-9.333820342999957],[124.42919921900011,-9.332139968999968],[124.4267501830002,-9.331859588999976],[124.42185211200001,-9.335709571999928],[124.4145736690001,-9.335670470999958],[124.41197204600007,-9.338270186999978],[124.4091720580002,-9.337100028999942],[124.40675354000007,-9.339179992999902],[124.40567016600016,-9.33882045699994],[124.40355682400013,-9.340080260999969],[124.40187072800006,-9.338210105999963],[124.40135192900004,-9.336489676999975],[124.39911651600005,-9.335700034999945],[124.39739227300015,-9.336059569999918],[124.39656066900022,-9.334810256999958],[124.39653778100012,-9.332590102999916],[124.39527893100001,-9.330490111999893],[124.39128112800029,-9.331439971999885],[124.38970947300004,-9.32812976799994],[124.38587188700012,-9.32676029199996],[124.38401031500007,-9.323430060999897],[124.38600158700001,-9.318010329999936],[124.3848876950002,-9.313759803999858],[124.38362121600017,-9.313249587999906],[124.38272857700008,-9.314180373999932],[124.38120269800004,-9.31381988499993],[124.37805938700012,-9.309789657999886],[124.37597656200035,-9.308650016999934],[124.37046814000007,-9.308790206999902],[124.36786651600005,-9.307789802999878],[124.36251831100014,-9.303350448999936],[124.36155700700021,-9.300450324999872],[124.35870361300022,-9.297750472999951],[124.35665130600012,-9.297590255999921],[124.35061645500002,-9.299670218999893],[124.34909057600032,-9.299249648999933],[124.34420776400009,-9.294910430999892],[124.34300994900002,-9.28598976099994],[124.34043121300033,-9.285209655999893],[124.33912658700001,-9.288089751999962],[124.33918762200005,-9.290530204999925],[124.33305358900009,-9.291230201999952],[124.32869720500003,-9.292309760999899],[124.32833862300004,-9.293000220999943],[124.32869720500003,-9.295000075999951],[124.32733154300001,-9.29928016699995],[124.32763671900011,-9.30163955699993],[124.33183288600003,-9.304479598999933],[124.33165741000016,-9.307080268999925],[124.33335876500007,-9.311639785999944],[124.33342742900015,-9.31295967099993],[124.33173370400004,-9.31525993299988],[124.33196258500004,-9.318779944999903],[124.32829284700017,-9.32145023299995],[124.32592773400017,-9.320759772999963],[124.31915283200021,-9.322440146999895],[124.3170928960003,-9.322210311999982],[124.31596374500009,-9.322790145999875],[124.31427764900002,-9.32522010799994],[124.31359100300006,-9.32522010799994],[124.31301879900013,-9.323180198999921],[124.30993652300015,-9.319910048999873],[124.30407714800003,-9.321040153999945],[124.30310058600003,-9.322500228999957],[124.30325317400002,-9.325759887999936],[124.30117797900004,-9.32962989799995],[124.30103302000009,-9.33172035199982],[124.30351257300015,-9.333379744999888],[124.30415344200014,-9.334589957999924],[124.30500793500005,-9.336790084999961],[124.30445098900032,-9.339469909999934],[124.30490112300004,-9.340940474999911],[124.31117248500027,-9.343910216999973],[124.31250000000011,-9.345700263999959],[124.31192779500009,-9.349280356999941],[124.31320953400018,-9.355019568999978],[124.31168365500014,-9.357589721999943],[124.31224060100021,-9.360309600999926],[124.31022644000006,-9.362019538999903],[124.30899047900004,-9.365169524999942],[124.30983734100016,-9.370980262999865],[124.3087692260001,-9.372460364999938],[124.30605316200013,-9.369190215999879],[124.30388641400009,-9.368009566999831],[124.3003616330002,-9.36460018199989],[124.2992324830002,-9.364549636999811],[124.29802703900009,-9.362890243999914],[124.2878265380001,-9.35727024099998],[124.28674316400009,-9.356080054999893],[124.28533935500002,-9.34770965599995],[124.2894363400003,-9.341270446999943],[124.28968811000016,-9.32979011499998],[124.28653717000009,-9.32458972899991],[124.2827835080002,-9.321619986999963],[124.2802200320001,-9.318599700999926],[124.27828979500009,-9.318570136999938],[124.27503967300004,-9.316980361999981],[124.2733535770002,-9.317990302999931],[124.27194213900009,-9.316860198999962],[124.27081298800022,-9.317959784999914],[124.26796722400013,-9.322210311999982],[124.26561737100008,-9.330329894999977],[124.26461029100005,-9.336460113999863],[124.26376342800006,-9.337100028999942],[124.26133728000013,-9.336910247999981],[124.25882720900017,-9.33304977399996],[124.25740814200003,-9.328579902999934],[124.2495880130001,-9.320960044999822],[124.2480163570001,-9.322520255999962],[124.2477569580002,-9.324879645999943],[124.24620056200001,-9.32824039499991],[124.24096679700017,-9.331520080999951],[124.23695373500004,-9.33088016499994],[124.23425293000003,-9.333169936999923],[124.21903991700003,-9.331390380999949],[124.22147369400011,-9.325619697999969],[124.2229614260001,-9.318369864999909],[124.22515869100005,-9.315239905999931],[124.22847747800017,-9.312970160999896],[124.23435974100005,-9.311389922999979],[124.23697662400014,-9.309789657999886],[124.23842620800019,-9.308090209999875],[124.24297332800018,-9.306409835999943],[124.24247741700003,-9.305199622999908],[124.2404327390002,-9.30434989899993],[124.23966217000009,-9.303130149999902],[124.24040222200006,-9.300510405999944],[124.24173736600005,-9.298620223999876],[124.24099731400008,-9.297510146999969],[124.24191284200015,-9.29354953799998],[124.24159240700021,-9.29012012499993],[124.2372512820001,-9.28295993799992],[124.2370910640002,-9.278750419999938],[124.23351287800006,-9.27439975699997],[124.23300170900029,-9.272970199999975],[124.23116302500023,-9.271960257999979],[124.23046112100008,-9.269470214999956],[124.22834777800006,-9.266180037999959],[124.22799682600021,-9.264590262999945],[124.2292785640002,-9.260169982999969],[124.2267913820001,-9.25611972799993],[124.22855377200005,-9.250009536999926],[124.22567749000007,-9.243929862999948],[124.22255706800001,-9.241319655999916],[124.22094726600005,-9.238140105999832],[124.22569274900002,-9.237230300999954],[124.23298645000023,-9.23713016499994],[124.23883056600005,-9.23511028299987],[124.24194335900006,-9.23583984399994],[124.24864196800002,-9.235520362999978],[124.2526168820001,-9.236909865999905],[124.25431823700012,-9.236519813999962],[124.25666809100005,-9.234270095999875],[124.26064300500013,-9.227330207999898],[124.2620468140002,-9.226059913999961],[124.2660064700001,-9.22471046399994],[124.27456665000011,-9.223259925999912],[124.28795623800022,-9.216739654999913],[124.2923736570001,-9.216070174999913],[124.29696655300029,-9.213109969999948],[124.29985809300013,-9.212770461999924],[124.30301666300011,-9.209199904999934],[124.30473327600009,-9.203619956999887],[124.30687713600003,-9.200860022999905],[124.30935668900031,-9.199090003999913],[124.31450653100012,-9.198530196999968],[124.3185882570001,-9.20059966999986],[124.33042144800004,-9.196479796999938],[124.3433837890002,-9.19567966499983],[124.34998321500007,-9.196479796999938],[124.3551330570001,-9.198260306999941],[124.36083984400011,-9.197730063999927],[124.36916351300022,-9.198590278999973],[124.3790817260001,-9.194140433999905],[124.38490295400015,-9.193059920999872],[124.39098358200022,-9.187450408999894],[124.3930892940001,-9.18702030199995],[124.3965301510002,-9.18830966899992],[124.39765167200017,-9.188139914999908],[124.39980316200001,-9.186220168999967],[124.40077972400002,-9.184000014999981],[124.40358734100005,-9.182250022999938],[124.40551757800017,-9.179109572999891],[124.40747070300017,-9.177969932999929],[124.41246032700019,-9.172989844999961],[124.41635131800001,-9.17222022999988],[124.42658233600025,-9.167590140999948],[124.43417358400006,-9.167739867999899],[124.43923187300004,-9.168950080999934],[124.44274139400022,-9.167329787999904]]]}},{"type":"Feature","properties":{"id":"TL1204","name":"Passabe","muni_id":"TL12","muni_name":"Oecussi","_lon":124.32218,"_lat":-9.46216,"_bbox":[124.27655,-9.50465,124.3652,-9.42032]},"geometry":{"type":"Polygon","coordinates":[[[124.32022857700031,-9.42031955699997],[124.3248291020002,-9.422630309999931],[124.33264923100023,-9.423600196999871],[124.33820343000014,-9.425930022999921],[124.35114288300008,-9.42811965899989],[124.3513793950001,-9.433219909999934],[124.35061645500002,-9.4382295609999],[124.35423278800022,-9.442520141999921],[124.35755920400004,-9.443189620999874],[124.36126709000007,-9.445850371999938],[124.36267089800003,-9.449049949999903],[124.36277008100001,-9.454870223999933],[124.36414337200006,-9.457139968999968],[124.36422729500032,-9.45847034499991],[124.36519622800029,-9.45936965899989],[124.36360168500005,-9.46142959599996],[124.36121368400006,-9.461279868999952],[124.35648345900017,-9.464150428999858],[124.35672760000023,-9.465359687999978],[124.35487365700021,-9.469380378999972],[124.35687255900018,-9.47169971499983],[124.35591125500002,-9.472599982999952],[124.35661315900006,-9.474220275999926],[124.35529327400002,-9.476400374999912],[124.35571289100017,-9.478429793999965],[124.35173797600021,-9.482640265999976],[124.35178375200007,-9.48513984699997],[124.34967804000007,-9.485569953999914],[124.34216308600003,-9.482819556999914],[124.33622741700015,-9.48626995099994],[124.3329772950002,-9.48550987199991],[124.3326416020002,-9.486590384999886],[124.33129119900013,-9.486689567999917],[124.32729339600019,-9.489119529999925],[124.32408142100007,-9.489959716999977],[124.32261657700019,-9.490940093999882],[124.321983337,-9.492219924999915],[124.31968689000018,-9.493300437999892],[124.31890869100005,-9.494569777999914],[124.31616210900029,-9.495770453999967],[124.31247711200012,-9.49483013199989],[124.30992126500018,-9.49514007599987],[124.30386352500022,-9.494150161999926],[124.30258178700001,-9.494469642999888],[124.29785156200023,-9.497699737999824],[124.29550170900006,-9.502389907999941],[124.29282379200026,-9.50166034699987],[124.29151153600003,-9.503040313999918],[124.28936004600007,-9.503529548999893],[124.28778076200012,-9.50465011599988],[124.28637695300006,-9.504070281999873],[124.28553009000007,-9.502849578999928],[124.28189849900002,-9.503499984999962],[124.27835845900006,-9.503230094999822],[124.27839660600011,-9.495679854999935],[124.27998352100008,-9.4925899509999],[124.27940368700001,-9.491820334999886],[124.27937316900011,-9.488940238999817],[124.28237915000011,-9.485300063999887],[124.28308105500003,-9.479700088999891],[124.28408050500013,-9.477709769999876],[124.28823852500022,-9.472310065999977],[124.28649139400034,-9.468779563999874],[124.28685760500002,-9.464019774999883],[124.28457641600016,-9.462900161999869],[124.28468322800018,-9.460689544999923],[124.28349304200003,-9.458020209999972],[124.2838668820001,-9.45711040499998],[124.28511810300017,-9.456540107999956],[124.28485107400002,-9.45390033699988],[124.28600311300022,-9.453339576999952],[124.28703308100012,-9.451230048999832],[124.28527069100016,-9.449239730999977],[124.2841186520003,-9.444640159999835],[124.28325653100012,-9.44423961599989],[124.28260040300006,-9.44241046899998],[124.27940368700001,-9.438579558999947],[124.27745819100016,-9.438070296999967],[124.27655029300001,-9.436349868999912],[124.27987670900006,-9.432459830999846],[124.28460693400007,-9.429759978999925],[124.28984832800006,-9.428449630999864],[124.29382324200003,-9.428609847999951],[124.29794311500007,-9.425970077999978],[124.30092620800008,-9.425439834999963],[124.30377197300027,-9.422400474999904],[124.3075332640002,-9.420370101999879],[124.32022857700031,-9.42031955699997]]]}},{"type":"Feature","properties":{"id":"TL0303","name":"Quelicai","muni_id":"TL03","muni_name":"Baucau","_lon":126.54979,"_lat":-8.5978,"_bbox":[126.4735,-8.6833,126.64041,-8.51191]},"geometry":{"type":"Polygon","coordinates":[[[126.62097930900006,-8.512499808999962],[126.62438964800003,-8.512209891999873],[126.62684631300021,-8.516530036999939],[126.63004303000014,-8.518969535999872],[126.63588714600007,-8.521450042999959],[126.63758087200006,-8.523200034999945],[126.63664245600012,-8.524929999999927],[126.6399002080002,-8.533740043999956],[126.6396713260001,-8.538310050999883],[126.64041137700008,-8.54020023299995],[126.63932800300017,-8.54310989399994],[126.63240814200003,-8.547109603999843],[126.6296691890002,-8.558799743999941],[126.62599182100018,-8.565259932999936],[126.62698364300002,-8.570380210999929],[126.63207244900002,-8.580430030999878],[126.6324768070001,-8.587019919999875],[126.63115692100018,-8.588350295999817],[126.6290283200002,-8.588999747999821],[126.62631988500016,-8.594499587999962],[126.62300872800006,-8.59801006299989],[126.61997222900004,-8.603260039999952],[126.61356353800011,-8.608400344999893],[126.61196899400034,-8.611570357999938],[126.60719299300001,-8.613769530999889],[126.60330963100034,-8.616840362999937],[126.60370636000005,-8.619409560999884],[126.60500335700033,-8.620479583999952],[126.60414886500018,-8.622249602999943],[126.60590362500022,-8.623290061999967],[126.60532379200015,-8.62434959399991],[126.60812377900004,-8.631790160999856],[126.60542297400002,-8.639309882999953],[126.60266876200001,-8.641650199999958],[126.59651184100017,-8.642109870999889],[126.59219360400016,-8.644020080999951],[126.58910369900002,-8.648929595999903],[126.58898162800017,-8.65462017099992],[126.58651733400018,-8.653129577999948],[126.5830535890002,-8.652990340999906],[126.58122253400006,-8.65353012099996],[126.57866668700012,-8.656109809999975],[126.57511138900009,-8.656840323999972],[126.57433319100005,-8.658379554999954],[126.57266998300008,-8.657770156999959],[126.57016754200004,-8.658720015999961],[126.56643676800013,-8.658280372999911],[126.56458282500012,-8.659629821999829],[126.5620880130001,-8.663330077999944],[126.55761718700023,-8.665639876999876],[126.55251312300015,-8.666740416999914],[126.55139160200031,-8.66849994699993],[126.54540252700008,-8.669639586999892],[126.54258728000013,-8.672400474999904],[126.54197692900004,-8.67385005999995],[126.54000091600005,-8.67469978299988],[126.53755188000002,-8.677330016999917],[126.53518676800013,-8.677630423999972],[126.53305053700001,-8.682000159999973],[126.52919769300013,-8.683300017999954],[126.52567291300011,-8.682499885999846],[126.52279663100023,-8.682840346999967],[126.5188827510002,-8.680939673999887],[126.51743316700015,-8.681019782999954],[126.51464080800008,-8.678859710999916],[126.51126098600025,-8.678819655999973],[126.5053405760001,-8.67063045499998],[126.50199127200017,-8.664429664999943],[126.50102996800001,-8.660880088999875],[126.49877166700014,-8.658379554999954],[126.49741363500004,-8.657839774999957],[126.4971694950001,-8.656609534999973],[126.4914398190001,-8.650670051999953],[126.48851776100025,-8.648409842999968],[126.48706054700017,-8.64453029599997],[126.48769378700013,-8.638549804999968],[126.48718261700014,-8.637980460999927],[126.48632049600008,-8.638230323999892],[126.48657989500032,-8.636449813999945],[126.48544311500007,-8.635580062999907],[126.48467254600018,-8.632760047999966],[126.4859390260001,-8.630049705999909],[126.48458862300004,-8.627099990999909],[126.48454284700017,-8.62349033399994],[126.48586273200021,-8.62316989899989],[126.48757171600005,-8.618300437999949],[126.48309326200001,-8.614230155999905],[126.48211669900002,-8.61244010899992],[126.4802322390002,-8.613490104999869],[126.47762298600003,-8.612979888999917],[126.47741699200003,-8.60949993099996],[126.47550964400034,-8.608260154999925],[126.4779663090003,-8.604840278999973],[126.47630310100021,-8.60021972699991],[126.47638702400013,-8.59759044599997],[126.4735031130001,-8.594619750999925],[126.47569274900013,-8.593469619999894],[126.47708129900013,-8.591279983999925],[126.47952270500014,-8.59090995799994],[126.48284912100019,-8.58843040499994],[126.48615264900013,-8.587189673999887],[126.48625183100035,-8.584739684999931],[126.4876098630001,-8.58316993699998],[126.49418640100032,-8.580060004999893],[126.49759674100005,-8.57691955599995],[126.50032043500016,-8.576160430999948],[126.50289154100005,-8.573100089999912],[126.50877380400016,-8.570839881999973],[126.50995636000016,-8.569390296999927],[126.51393890400016,-8.567099570999915],[126.51557159400022,-8.567689895999933],[126.51645660400004,-8.56233024599993],[126.51820373500016,-8.560270308999918],[126.52252197300004,-8.557519912999908],[126.52337646500007,-8.555109977999905],[126.52880859400011,-8.552499770999873],[126.5302200320001,-8.55245971699992],[126.53559875500002,-8.549289702999943],[126.53874206500006,-8.54444026899995],[126.53814697300004,-8.542949676999967],[126.53974151600005,-8.54012012499993],[126.5393371580002,-8.536330222999936],[126.54096984900002,-8.534999846999938],[126.54219818100023,-8.532190322999895],[126.5447082520003,-8.530779838999877],[126.54807281500007,-8.52943038899997],[126.55098724400011,-8.530139922999979],[126.55301666300022,-8.531979560999957],[126.55438232400013,-8.53528022799992],[126.55712890600023,-8.536979674999941],[126.55972290000011,-8.536219596999956],[126.5627288820001,-8.531519889999913],[126.56958770800009,-8.527680396999926],[126.5709762570001,-8.525520324999945],[126.57231140100009,-8.5246601099999],[126.57631683300019,-8.52375030499985],[126.58165741000005,-8.524109839999937],[126.58429718000014,-8.52562046099996],[126.59217071500007,-8.526769637999905],[126.5935134890002,-8.52348041499988],[126.59760284400011,-8.520000457999913],[126.59860992400024,-8.515339850999851],[126.60546875000023,-8.515769957999908],[126.60640716600005,-8.515520095999932],[126.60751342800006,-8.514089583999976],[126.60991668700012,-8.515460013999927],[126.61083984400034,-8.514769553999827],[126.61283874500009,-8.515150069999947],[126.61363220200008,-8.513699531999919],[126.61537933300019,-8.513030051999976],[126.61769104000007,-8.513010024999971],[126.61956787100019,-8.511910438999962],[126.62097930900006,-8.512499808999962]]]}},{"type":"Feature","properties":{"id":"TL0701","name":"Railaco","muni_id":"TL07","muni_name":"Ermera","_lon":125.46569,"_lat":-8.68176,"_bbox":[125.37064,-8.72367,125.53542,-8.63827]},"geometry":{"type":"Polygon","coordinates":[[[125.5040817260001,-8.639639853999881],[125.50585937500023,-8.639340400999913],[125.50891876200012,-8.641480445999946],[125.50965118400018,-8.643019675999938],[125.51119232200006,-8.644169806999969],[125.51383972200017,-8.64519977599997],[125.51651763900009,-8.644929885999886],[125.5216598510001,-8.64700984999996],[125.5226593020003,-8.652179717999957],[125.52456665000022,-8.653260230999933],[125.52501678500005,-8.65423965499997],[125.52429199200003,-8.656599997999876],[125.5266723630001,-8.659049987999879],[125.52664947500011,-8.66020965599995],[125.52777862500011,-8.661689757999909],[125.52720642100007,-8.66294956199988],[125.52818298300019,-8.663160323999932],[125.52906036400009,-8.66555023199993],[125.53012085000023,-8.665690421999898],[125.53035736100003,-8.668789863999962],[125.53269958500016,-8.670729636999965],[125.53492736800001,-8.670700072999978],[125.53542327900027,-8.677760123999974],[125.53434753400018,-8.680640220999976],[125.53241729700005,-8.682689666999977],[125.53205871600017,-8.684760093999955],[125.53092193600003,-8.686269759999902],[125.52861022900004,-8.686849593999852],[125.52803802500011,-8.690039634999891],[125.5262374880001,-8.69334983799996],[125.52160644500032,-8.697159766999903],[125.52052307100007,-8.698889731999941],[125.51905059800015,-8.699870109999893],[125.51796722400002,-8.699399947999893],[125.51605224600007,-8.701029777999906],[125.51555633500016,-8.70219039899996],[125.51241302500011,-8.704380034999929],[125.51020050000011,-8.707850455999903],[125.50592041000004,-8.707779883999933],[125.5054931640002,-8.709340095999892],[125.50315094000018,-8.71006011999998],[125.49942779500009,-8.708689689999972],[125.49873352100019,-8.709719657999926],[125.49709320100033,-8.710140227999943],[125.49559021000005,-8.708999633999952],[125.49183654800015,-8.70773029299994],[125.4891510010001,-8.70522022199998],[125.48813629200004,-8.703140258999952],[125.48651886000005,-8.706760405999887],[125.48375701900022,-8.723670005999907],[125.48190307600021,-8.722629546999883],[125.4809265140002,-8.723460196999895],[125.47836303700012,-8.723629950999907],[125.47660064700017,-8.722800254999981],[125.47601318400007,-8.72126960799983],[125.47144317600021,-8.722439765999923],[125.46880340600023,-8.720809936999899],[125.46656036400009,-8.72130012499997],[125.46459960900017,-8.72052001999998],[125.46275329600007,-8.720560073999934],[125.46022033700001,-8.722040175999894],[125.45446777300026,-8.723299979999979],[125.4515304570001,-8.722760200999971],[125.4497528080002,-8.721190452999963],[125.44883728000025,-8.721360206999975],[125.44690704300001,-8.72336006199987],[125.44599151600016,-8.720950126999867],[125.44680786100014,-8.719470023999975],[125.44671630900018,-8.71693038899997],[125.4448165890002,-8.714340209999875],[125.4419097900003,-8.715029715999947],[125.44075012200005,-8.714209556999833],[125.44010162400025,-8.71170043899997],[125.43688964800003,-8.71117973299988],[125.43314361600005,-8.71135044099998],[125.43171691900011,-8.713350295999874],[125.42700195300006,-8.714480399999957],[125.42476654100005,-8.716589927999962],[125.41857147200017,-8.717800139999895],[125.41661834700017,-8.719289779999883],[125.4142379760001,-8.719030379999936],[125.41029357900015,-8.716090201999918],[125.4078369140002,-8.715310096999929],[125.40350341800013,-8.716119765999963],[125.4005126950002,-8.714889525999979],[125.39151001000005,-8.71422004699997],[125.3902130130001,-8.713279723999904],[125.38807678200021,-8.713230132999968],[125.38421630900007,-8.709890365999968],[125.3796463010001,-8.709670066999934],[125.37729644800015,-8.70862960799991],[125.37626647900004,-8.709199904999934],[125.3745803830002,-8.707619666999904],[125.37375640900007,-8.703689574999885],[125.37275695800008,-8.702050208999879],[125.37064361600017,-8.700710296999944],[125.3709106450001,-8.699649810999972],[125.37190246600005,-8.69917011299998],[125.37164306600005,-8.698169707999966],[125.37364959700005,-8.694270133999908],[125.37729644800015,-8.693449973999918],[125.3810882570001,-8.69075965899998],[125.38516235400004,-8.68968009899993],[125.39232635500002,-8.69075965899998],[125.39721679700017,-8.690139770999963],[125.3989181520003,-8.683979987999919],[125.39774322500034,-8.68083000199988],[125.39877319300012,-8.678930282999886],[125.39832305900018,-8.676099776999934],[125.39888763400006,-8.673430442999859],[125.4002838130001,-8.67164993299997],[125.40025329600007,-8.670129775999953],[125.40235137900004,-8.668519973999878],[125.40357971200001,-8.668180465999967],[125.40612030000011,-8.669050216999892],[125.40791320800008,-8.67203044899992],[125.4104614260001,-8.672869681999885],[125.41902923600003,-8.668640136999898],[125.42288208000014,-8.667389869999909],[125.42604827900004,-8.665160178999827],[125.42617034900002,-8.663640021999981],[125.42717742900004,-8.662420272999952],[125.42981720000023,-8.662010192999958],[125.43257141100025,-8.6601600649999],[125.43592071500007,-8.65398979199989],[125.44386291500018,-8.650730132999854],[125.44513702400002,-8.649270057999843],[125.44493866000005,-8.647689818999936],[125.44648742700008,-8.647470473999874],[125.44734954800003,-8.64535045599996],[125.44963836700003,-8.645330428999898],[125.45144653300008,-8.646539687999962],[125.45278167700008,-8.64636993399995],[125.45403289800004,-8.648469924999972],[125.4550704960003,-8.64752006499998],[125.45540618900009,-8.648240088999955],[125.45427703900009,-8.648929595999903],[125.45514679000007,-8.649250030999951],[125.4586715700002,-8.64700984999996],[125.45954895000011,-8.645330428999898],[125.46205139200003,-8.647109984999815],[125.46150207500023,-8.648240088999955],[125.46185302700007,-8.649470328999882],[125.46427917500012,-8.648839950999957],[125.46382141100003,-8.645259856999928],[125.46723938000002,-8.647310256999958],[125.46736908000003,-8.64538955699993],[125.46907043500005,-8.645319938999933],[125.4699783330002,-8.643859862999932],[125.47264099100005,-8.643469809999885],[125.47326660200008,-8.64260005999995],[125.4740371700002,-8.643289565999908],[125.48011016800001,-8.644300460999943],[125.48165893600003,-8.64307022099996],[125.48519897500012,-8.6440401079999],[125.4860687260001,-8.642849921999925],[125.4894332890002,-8.641960143999938],[125.49279785200008,-8.63926029199996],[125.49947357200006,-8.641229629999884],[125.50129699700017,-8.64054012299988],[125.5033874510001,-8.638270377999902],[125.5040817260001,-8.639639853999881]]]}},{"type":"Feature","properties":{"id":"TL0203","name":"Remexio","muni_id":"TL02","muni_name":"Aileu","_lon":125.70194,"_lat":-8.63041,"_bbox":[125.62469,-8.70323,125.81354,-8.55917]},"geometry":{"type":"Polygon","coordinates":[[[125.69983673100023,-8.560350417999928],[125.70649719200003,-8.561679839999954],[125.71156311000016,-8.565529822999906],[125.71321106000005,-8.565819739999938],[125.71733093300008,-8.564539908999961],[125.7221908570001,-8.563969611999937],[125.72846984900002,-8.564470290999907],[125.7317504880001,-8.565770148999889],[125.73325347900004,-8.565600394999876],[125.73500824000018,-8.564299582999979],[125.73780059800015,-8.565039634999948],[125.73961639400011,-8.566949843999964],[125.74104309100005,-8.567520141999921],[125.74208831800001,-8.56719016999989],[125.74324035600011,-8.565710067999817],[125.74501037600021,-8.565509795999958],[125.74564361600017,-8.564769744999978],[125.74836731000028,-8.565509795999958],[125.75390625000011,-8.564220427999942],[125.7569580080002,-8.568110465999894],[125.76097869900002,-8.566659926999876],[125.76637268100012,-8.571220397999923],[125.76777648900008,-8.576069831999973],[125.7678527830002,-8.579890250999881],[125.7686004640002,-8.580820083999981],[125.76882934600008,-8.582880019999891],[125.77004241900022,-8.584420203999969],[125.76972198500016,-8.58572006199995],[125.77065277100007,-8.587400435999939],[125.76925659200026,-8.589550017999954],[125.76957702600009,-8.591179847999967],[125.76793670700022,-8.595800399999916],[125.76631164600019,-8.59700965899998],[125.76206207300015,-8.598270415999934],[125.75978088400018,-8.600090026999965],[125.75869751000005,-8.605119704999879],[125.76094055200019,-8.606380462999937],[125.76145172100007,-8.609230041999979],[125.76299285900006,-8.610059737999904],[125.76452636700014,-8.612299918999895],[125.76528167700008,-8.61248969999997],[125.76635742200006,-8.61174011199995],[125.7678527830002,-8.615989684999931],[125.76705169700017,-8.61649990099994],[125.76743316700015,-8.617810248999831],[125.76966857900015,-8.619299888999876],[125.7702713010001,-8.620880126999964],[125.77229309100005,-8.62158012399982],[125.77339935300029,-8.62298011799993],[125.77722930900006,-8.623539924999875],[125.77462768600003,-8.62917995499987],[125.77406311000004,-8.636599540999953],[125.77696228000013,-8.637949943999956],[125.77784729000018,-8.639249801999938],[125.77845001200012,-8.644949912999948],[125.77864074700005,-8.64554977399996],[125.7801437380001,-8.644989966999901],[125.78077697800006,-8.64597034499991],[125.78077697800006,-8.64857959699998],[125.7849731450001,-8.650210380999908],[125.7877197270002,-8.649929999999927],[125.78901672400013,-8.649089812999932],[125.78674316400009,-8.652910232999943],[125.786827087,-8.655810355999904],[125.78785705600023,-8.658510207999939],[125.78752899200015,-8.662240027999871],[125.78842163100012,-8.664669990999926],[125.79046630900007,-8.666110038999875],[125.7917785640002,-8.66559982299998],[125.79215240500014,-8.66695022599987],[125.7913131710003,-8.66788005799998],[125.79370117200006,-8.669409751999979],[125.79650116000016,-8.674869536999893],[125.80536651600005,-8.678039550999927],[125.80718994100016,-8.676969527999915],[125.80890655500025,-8.677430152999932],[125.81027221700015,-8.678509711999936],[125.81040954600019,-8.68074035599983],[125.81353759800004,-8.681679725999913],[125.81342315700022,-8.683369636999942],[125.8095626830002,-8.683300017999954],[125.8075637820001,-8.684060096999872],[125.80500030500002,-8.686479567999982],[125.80271911600016,-8.685150145999899],[125.80091095000012,-8.685560225999836],[125.79953002900004,-8.686440467999944],[125.79966735800008,-8.688349723999977],[125.79665374800015,-8.689149856999904],[125.7913131710003,-8.69221973399982],[125.78978729200026,-8.69223022499989],[125.78707122800006,-8.694660186999954],[125.78317260700021,-8.693840026999965],[125.77778625500002,-8.694210051999903],[125.77493286100002,-8.696550368999851],[125.77348327600009,-8.696590423999965],[125.77271270800009,-8.695699691999891],[125.77200317400002,-8.696700095999972],[125.77142334000018,-8.696379661999913],[125.77175903300008,-8.694490432999942],[125.77065277100007,-8.694109916999878],[125.77086639400011,-8.69587993599987],[125.76731872600033,-8.696660041999962],[125.76123046900011,-8.70084953299994],[125.75850677500011,-8.70160007499993],[125.75682830800008,-8.701499938999916],[125.75543212900016,-8.70005035399987],[125.75411224400011,-8.695010184999944],[125.75229644800015,-8.693180083999948],[125.7433929440001,-8.695489882999937],[125.7391281130001,-8.694230079999954],[125.73574829100005,-8.694009780999977],[125.73504638700024,-8.69641971599998],[125.73451995800008,-8.696379661999913],[125.73341369600007,-8.692629813999929],[125.73135376000016,-8.692370414999857],[125.72962951700003,-8.69130039199996],[125.72901916500018,-8.689180373999875],[125.72383880600012,-8.688759803999972],[125.72235107400013,-8.689760207999882],[125.71437072800006,-8.69207000699987],[125.7119369510001,-8.694689750999885],[125.71022033700012,-8.695630073999894],[125.70855712900004,-8.69873046899994],[125.7054519650003,-8.700380324999912],[125.70340728800011,-8.700679778999927],[125.70108032200017,-8.70269012499989],[125.69972229000007,-8.702329635999831],[125.69933319100028,-8.701140403999943],[125.69745636000016,-8.701160430999892],[125.6966171260002,-8.701979636999909],[125.6954116820001,-8.700940131999971],[125.69326019300001,-8.701669692999928],[125.69302368200022,-8.702879905999964],[125.68705749500009,-8.703229903999954],[125.67784118700001,-8.69641971599998],[125.67256164600008,-8.695099830999823],[125.66896057100007,-8.69594955399998],[125.66545105000023,-8.695329665999907],[125.66380310100021,-8.692839621999951],[125.66314697300027,-8.688770293999937],[125.66098022500023,-8.687829970999871],[125.65956878700001,-8.686180114999956],[125.6541900630001,-8.684160232999886],[125.65020752000021,-8.68128967299998],[125.64189910900006,-8.679719924999972],[125.63865661600016,-8.680009841999947],[125.63662719700017,-8.678520202999891],[125.62687683100012,-8.681960105999963],[125.62619018600003,-8.679309844999864],[125.62615203900032,-8.674690246999887],[125.62468719500009,-8.672659873999976],[125.6258468630001,-8.669099807999828],[125.63102722200006,-8.66691970799991],[125.63265228300008,-8.667019843999924],[125.63672637900004,-8.663220405999823],[125.63538360600023,-8.657899856999961],[125.63182830800008,-8.655079841999964],[125.6287231450001,-8.646739959999934],[125.62988281200023,-8.644300460999943],[125.62953186000027,-8.639550208999935],[125.63214874300002,-8.633299827999963],[125.62978363000002,-8.631640433999905],[125.62879180900006,-8.62884044599997],[125.63023376500018,-8.626370429999952],[125.63137817400013,-8.61855030099997],[125.6354293820001,-8.61256027199994],[125.6503601070001,-8.604459762999909],[125.65305328400007,-8.601059913999904],[125.65297699000018,-8.59939956699992],[125.65451049800004,-8.598710059999974],[125.6541137700001,-8.596859931999916],[125.65534973100011,-8.595749854999838],[125.6564483640002,-8.59183978999988],[125.65756225600012,-8.590640067999914],[125.65720367400013,-8.588649749999888],[125.6577911380001,-8.587590217999889],[125.65646362300026,-8.586600303999887],[125.65737152100007,-8.585599898999874],[125.65689849900002,-8.583990096999912],[125.65824127200005,-8.58141994499988],[125.65728759800015,-8.580430030999878],[125.6579666140002,-8.578980445999946],[125.6564483640002,-8.578909873999976],[125.65656280500014,-8.577560424999945],[125.6570968630001,-8.576290130999894],[125.6592788700001,-8.5754098889999],[125.66002655000011,-8.574370383999963],[125.6595611570001,-8.571339606999913],[125.66171264600018,-8.570380210999929],[125.66439056400009,-8.5701799389999],[125.66383361800001,-8.574680327999943],[125.66433715800008,-8.577569961999927],[125.66855621300022,-8.58238029499995],[125.67626953100012,-8.587530135999884],[125.68595123300008,-8.588310241999977],[125.68778228800011,-8.585980414999938],[125.68845367400013,-8.582300185999884],[125.68670654300001,-8.579839705999973],[125.68612670900006,-8.57738971699996],[125.68625640900007,-8.571820258999821],[125.68820953400018,-8.569190024999955],[125.69059753400006,-8.56923961599989],[125.69129943800021,-8.568510055999923],[125.6929702760001,-8.564200400999937],[125.69479370100021,-8.56272983599996],[125.69455719000007,-8.56056022599995],[125.69506073000002,-8.560170173999893],[125.69719696000004,-8.560669898999947],[125.69801330600023,-8.559169768999936],[125.69983673100023,-8.560350417999928]]]}},{"type":"Feature","properties":{"id":"TL1001","name":"Same","muni_id":"TL10","muni_name":"Manufahi","_lon":125.65329,"_lat":-9.04503,"_bbox":[125.58603,-9.19422,125.8103,-8.89611]},"geometry":{"type":"Polygon","coordinates":[[[125.66584777800006,-8.896109580999962],[125.66880035400004,-8.897330283999963],[125.66929626500018,-8.899049758999922],[125.67208862300004,-8.899060248999945],[125.67362213100012,-8.89997005499987],[125.67433166500007,-8.901260375999868],[125.67565918000003,-8.901350020999928],[125.67675018300031,-8.902549743999884],[125.67872619600007,-8.902050017999954],[125.67897796600016,-8.900979995999876],[125.68229675300006,-8.898269652999886],[125.69097137500012,-8.8988399509999],[125.70319366500019,-8.901309966999975],[125.70642089800026,-8.903559684999891],[125.70762634300013,-8.90674972499994],[125.7091064450002,-8.907950400999823],[125.71183013900009,-8.90756034899988],[125.71408081100014,-8.908720015999904],[125.7157135010001,-8.908289908999848],[125.72248840300017,-8.911250113999927],[125.72575378400006,-8.91499996199991],[125.72373962400002,-8.915289878999943],[125.72422790500002,-8.917630195999948],[125.72747802700019,-8.919759749999912],[125.72734832800006,-8.92175960499992],[125.72844696000016,-8.92267990099998],[125.72627258300008,-8.926130294999894],[125.72321319600019,-8.927080153999896],[125.72299957300004,-8.927720069999907],[125.7257080080002,-8.930620192999982],[125.72746276900023,-8.930430411999964],[125.72865295400015,-8.931340217999946],[125.72808075000023,-8.934949874999916],[125.73037719700005,-8.934760093999842],[125.7306213380001,-8.935390471999938],[125.73045349100005,-8.937879561999921],[125.7309265140002,-8.938599585999896],[125.7297973630001,-8.940139770999963],[125.7323913570001,-8.940890311999908],[125.73264312700019,-8.941820144999838],[125.73182678200021,-8.942770003999897],[125.73121643100012,-8.946510314999955],[125.72786712600032,-8.94723033899993],[125.7273788450002,-8.949110030999918],[125.72646331800001,-8.949890136999898],[125.72940063500016,-8.950309752999885],[125.72905731200001,-8.953980445999946],[125.72746276900023,-8.956009864999885],[125.72450256300021,-8.957039832999953],[125.72432708700012,-8.95917987799993],[125.72284698500005,-8.960350036999898],[125.72377777100007,-8.961779593999893],[125.72371673600014,-8.96308040599996],[125.72325134300024,-8.96455955499988],[125.72148132300003,-8.965709685999911],[125.72189331100014,-8.967479705999892],[125.7210617070001,-8.971989631999918],[125.7221908570001,-8.97301006299989],[125.72270965600012,-8.97529983499993],[125.72045135500002,-8.98134994499992],[125.71794128400006,-8.985489844999961],[125.71872711200012,-8.99483013199989],[125.71688842800006,-8.99798011799993],[125.7150726320001,-8.99965953799989],[125.71457672100018,-9.00189971899988],[125.71543121300033,-9.006529807999925],[125.71896362300004,-9.009369849999871],[125.71871185300017,-9.01282978099988],[125.71994781500007,-9.016500472999951],[125.71882629400011,-9.019929885999943],[125.71392059300001,-9.025090217999946],[125.71204376200012,-9.028860091999945],[125.70789337200006,-9.030630111999926],[125.70652008100001,-9.029669761999969],[125.70423889200003,-9.029950141999961],[125.70229339600019,-9.032230376999905],[125.7025299070001,-9.03693962099993],[125.70410156200023,-9.040120124999873],[125.7047882080002,-9.043979644999922],[125.70406341600005,-9.047349929999882],[125.7045288090003,-9.053420066999877],[125.70526886000016,-9.053660392999973],[125.7063598630001,-9.049650191999888],[125.707443237,-9.048970221999923],[125.70842742900015,-9.046730041999865],[125.70886230500003,-9.04656028699992],[125.70973968500016,-9.047849654999936],[125.71116638200033,-9.046130179999977],[125.71221160900006,-9.047080039999969],[125.71472168000003,-9.043769835999967],[125.71598053000002,-9.043729781999957],[125.71701812700019,-9.044690131999914],[125.71777343700012,-9.044099807999942],[125.71959686300022,-9.044529914999885],[125.72026062000032,-9.045370101999879],[125.71991729700005,-9.046999930999903],[125.72373962400002,-9.049909591999949],[125.72335815400015,-9.05101966899997],[125.72447967500011,-9.057720183999947],[125.72226715100021,-9.061920165999936],[125.72229766800012,-9.06606960299996],[125.71755218500016,-9.072210311999925],[125.71814727800006,-9.074449538999943],[125.71975708000002,-9.07526016199995],[125.72342681900022,-9.075739860999931],[125.72588348400018,-9.077630042999942],[125.72805786100002,-9.078350066999974],[125.72843933100012,-9.081390380999835],[125.73739624000007,-9.081629752999902],[125.7408981320001,-9.083840369999962],[125.73988342300004,-9.086020469999937],[125.74160766600005,-9.091870307999898],[125.74503326400009,-9.0915699009999],[125.74842071500018,-9.088999747999878],[125.75047302200005,-9.085289954999894],[125.75261688200021,-9.08551979099991],[125.75527954100016,-9.088239669999894],[125.75731658900008,-9.09296989399985],[125.7587585450002,-9.091839789999938],[125.76067352300004,-9.092109679999908],[125.75984191900011,-9.094079970999928],[125.76049804700006,-9.096199988999956],[125.76190185500002,-9.097490310999945],[125.77147674600008,-9.102089881999916],[125.77201843300008,-9.103300094999952],[125.77526092500011,-9.105400084999928],[125.77741241500019,-9.10398960099991],[125.77797699000007,-9.105050086999881],[125.77899932900004,-9.104829787999961],[125.77989196800002,-9.105400084999928],[125.78189849900025,-9.103619575999915],[125.7838668820001,-9.10494995099998],[125.78587341300033,-9.105380057999923],[125.78658294700006,-9.107859611999913],[125.7877197270002,-9.106590270999959],[125.78922271700003,-9.108229636999965],[125.791069031,-9.106960296999944],[125.79094696000016,-9.110400199999901],[125.7924728390002,-9.111610412999937],[125.79402160600011,-9.11050987199991],[125.79408264200003,-9.112899779999964],[125.79601287800006,-9.114089965999938],[125.79672241200012,-9.116250037999976],[125.7972564700001,-9.116259574999958],[125.79795837400025,-9.114410399999883],[125.79917144800004,-9.11425971999995],[125.7991561890002,-9.116129874999956],[125.80153656000005,-9.115909575999922],[125.80223083500005,-9.118479728999944],[125.80436706500018,-9.119009971999958],[125.80677032500012,-9.122010230999933],[125.8074035640002,-9.122460364999881],[125.80914306600005,-9.121649741999875],[125.81030273400006,-9.122690200999898],[125.80972290000022,-9.123889922999979],[125.8066101070001,-9.125650405999977],[125.80655670200008,-9.127050399999973],[125.80462646500018,-9.127019881999956],[125.80574798600014,-9.130629538999926],[125.80695343000002,-9.1313896179999],[125.80764007600021,-9.130780219999963],[125.80872345000012,-9.13360023499996],[125.80763244600007,-9.135760306999885],[125.80773925800008,-9.138489722999964],[125.80658721900022,-9.138799666999944],[125.80536651600005,-9.13768005399993],[125.803146362,-9.139679908999938],[125.8023986820001,-9.145159720999914],[125.79367828400018,-9.146089553999843],[125.79022979700005,-9.147359847999951],[125.78072357200017,-9.152739524999902],[125.77115631100003,-9.153710364999938],[125.76705932600021,-9.15985012099992],[125.76480102500011,-9.160960196999952],[125.76046752900004,-9.161849975999928],[125.75789642300015,-9.164710044999936],[125.75459289600008,-9.166000365999878],[125.74832916300022,-9.167140006999944],[125.74471283000003,-9.166159629999981],[125.74191284200003,-9.163979529999892],[125.73972320600001,-9.163700103999872],[125.73461914100005,-9.164779662999933],[125.73148345900017,-9.16621017499989],[125.72860717800006,-9.166410445999873],[125.72026062000032,-9.17267990099998],[125.70069885300018,-9.194219588999886],[125.69695282000009,-9.185810088999972],[125.69152069100016,-9.179100036999898],[125.67756652800006,-9.172619819999909],[125.67529296900022,-9.169960021999941],[125.6753692630001,-9.165800094999895],[125.67408752400002,-9.160460471999954],[125.66954803500005,-9.14910983999988],[125.66722869900013,-9.135100364999971],[125.67069244400011,-9.129360198999962],[125.66993713400018,-9.123970031999932],[125.67239379900013,-9.120679854999935],[125.67608642600021,-9.118829726999877],[125.68087768600014,-9.119130134999978],[125.68554687500023,-9.118579864999901],[125.68781280500014,-9.117549895999957],[125.68929290800008,-9.116049766999879],[125.69184875500025,-9.107130050999956],[125.69148254400011,-9.101869582999825],[125.69200134300013,-9.098279952999917],[125.69117736800001,-9.093709945999876],[125.6902999880001,-9.092650413999877],[125.68665313700012,-9.091320037999935],[125.68559265100009,-9.089429854999935],[125.68489837600009,-9.084839820999946],[125.68386077900016,-9.083559989999912],[125.67839813200032,-9.079910277999943],[125.67386627200017,-9.079230308999968],[125.67323303200021,-9.075969695999959],[125.6700668330003,-9.072790145999932],[125.66634368900009,-9.071660041999962],[125.66134643600003,-9.074259757999926],[125.6568374630001,-9.073719977999872],[125.65379333500016,-9.075149535999856],[125.6523666380001,-9.075200080999934],[125.6456832890002,-9.069840430999932],[125.64349365200019,-9.067210196999952],[125.64125824000007,-9.067119597999977],[125.63723754900002,-9.068610190999948],[125.63436126700014,-9.068499564999968],[125.63349151600016,-9.067170142999885],[125.63410949700005,-9.065119742999968],[125.6332168580002,-9.064270019999924],[125.63188934300001,-9.064080237999974],[125.62893676800024,-9.065660476999938],[125.62814331100003,-9.064940452999963],[125.62928009000007,-9.060830115999977],[125.62893676800024,-9.057990073999918],[125.6278228760001,-9.056200026999932],[125.6218566890002,-9.05459022499997],[125.61605835000012,-9.051520347999826],[125.61192321800013,-9.050209998999946],[125.60875701900011,-9.051070212999946],[125.60505676300033,-9.047120093999979],[125.60121154800004,-9.04446983299988],[125.59670257600021,-9.042579650999926],[125.59581756600016,-9.041560172999937],[125.59580993700001,-9.039950370999975],[125.59633636500018,-9.039649962999874],[125.59535980200008,-9.038069724999957],[125.59622192400002,-9.03717040999993],[125.59599304200015,-9.030190467999944],[125.59470367400002,-9.029450416999907],[125.59452819800003,-9.028109549999897],[125.59346771200023,-9.027400016999934],[125.59232330300017,-9.02392005899992],[125.59307098400006,-9.022410392999973],[125.59227752700008,-9.0190000529999],[125.59320068400018,-9.018280028999925],[125.59227752700008,-9.01747035999989],[125.59322357200028,-9.01677989999996],[125.59326934800004,-9.015760421999914],[125.58751678500005,-9.0120496749999],[125.58705139200015,-9.010450362999848],[125.58602905300017,-9.01004028299991],[125.5877075200001,-9.00872039799998],[125.58941650400004,-9.005330085999958],[125.58979797400002,-8.99956035599996],[125.59126281700014,-8.995599746999972],[125.59031677200016,-8.99386024499995],[125.5910491940001,-8.991459845999941],[125.59213256800012,-8.990579604999937],[125.5926437380001,-8.988229751999938],[125.59217071500018,-8.984290122999937],[125.59439849900025,-8.980580329999839],[125.5944137570001,-8.97581005099994],[125.5921783450001,-8.97157001499994],[125.59304046600005,-8.969030379999936],[125.59438324000018,-8.96747016899991],[125.59381866500007,-8.96164035799984],[125.59680938700023,-8.956859588999976],[125.59661865200019,-8.95497989699993],[125.59745788600003,-8.953149795999877],[125.59982299800015,-8.952670096999952],[125.6025085450002,-8.951040267999929],[125.60807037400002,-8.946539878999886],[125.60640716600005,-8.943719863999888],[125.60769653300008,-8.939729690999968],[125.61296081500006,-8.938269614999967],[125.61522674600008,-8.93519973799988],[125.61786651600005,-8.934399604999953],[125.61527252200017,-8.933070182999927],[125.6146392820001,-8.93058967599984],[125.61269378700001,-8.928290366999931],[125.61871337900004,-8.92625045799997],[125.6218338010001,-8.92368984199993],[125.62126922600021,-8.918239593999942],[125.62178039600019,-8.916469573999848],[125.62267303500005,-8.914719581999975],[125.62359619100005,-8.9149599079999],[125.62500762900015,-8.913920402999963],[125.62670898400017,-8.91401004799991],[125.62764740000011,-8.914770125999894],[125.63240051300022,-8.9149599079999],[125.63616180400015,-8.916910171999973],[125.63854980500014,-8.917059897999934],[125.64070129400022,-8.91814994799995],[125.64202880900018,-8.92105960799995],[125.64729309100005,-8.92121982599997],[125.64959716800013,-8.920559882999953],[125.6508483890002,-8.919260024999971],[125.65170288100023,-8.916270255999962],[125.65429687500023,-8.912670134999871],[125.65397644000006,-8.911689757999966],[125.65567779500009,-8.907670020999888],[125.65532684300001,-8.904990195999858],[125.6588363650003,-8.900030135999884],[125.65940856900022,-8.897979735999968],[125.66082763700001,-8.896789550999813],[125.66384887700008,-8.896180152999932],[125.66423034700006,-8.896630286999937],[125.66584777800006,-8.896109580999962]]]}},{"type":"Feature","properties":{"id":"TL1104","name":"Soibada","muni_id":"TL11","muni_name":"Manatuto","_lon":125.92247,"_lat":-8.85193,"_bbox":[125.8495,-8.91216,126.03082,-8.79226]},"geometry":{"type":"Polygon","coordinates":[[[125.88659668000003,-8.79349994699993],[125.89009857200006,-8.79592990899988],[125.89286804200003,-8.795880317999945],[125.89314270000023,-8.796970366999972],[125.89414215100021,-8.797650336999936],[125.89639282200017,-8.798130034999929],[125.89820861800013,-8.797439574999828],[125.89772796600016,-8.798789977999888],[125.89830780000011,-8.800900458999934],[125.89734649700029,-8.803330420999885],[125.90000915500002,-8.803790091999929],[125.90049743700001,-8.805259704999912],[125.9023132320001,-8.805040358999975],[125.90342712400025,-8.806260108999822],[125.90644836400008,-8.806429862999835],[125.9069671630001,-8.80889987899991],[125.90651702900004,-8.811659812999949],[125.90857696500007,-8.81377983099992],[125.91184234600018,-8.815549849999911],[125.91259002700019,-8.815699576999975],[125.91310119600007,-8.814359664999927],[125.9147796630001,-8.81645965599995],[125.91494751000005,-8.818320273999973],[125.91928863500004,-8.820179938999956],[125.91892242400002,-8.823189734999914],[125.92075347900004,-8.824040412999977],[125.92191314700005,-8.826530456999933],[125.92404937700007,-8.827779769999836],[125.92765808100023,-8.82855033899989],[125.93144989000018,-8.831629752999959],[125.93711853000025,-8.832639693999965],[125.93907165500013,-8.834659575999922],[125.94071197500011,-8.833419799999945],[125.94348144500009,-8.833209990999876],[125.94441986100014,-8.834050178999973],[125.94551849400023,-8.833769797999935],[125.94648742700019,-8.835399627999948],[125.94851684600008,-8.834440230999974],[125.94982147200005,-8.832880019999948],[125.95260620100032,-8.831919669999877],[125.95372772200017,-8.832369803999939],[125.95532226600005,-8.831939696999939],[125.95770263700012,-8.833390235999957],[125.96166992200006,-8.83323955499992],[125.96504974400011,-8.82831954999989],[125.96775817900004,-8.826899528999945],[125.96917724600019,-8.827019690999919],[125.97045898400017,-8.824629783999967],[125.97174835200008,-8.824600219999923],[125.9745483400003,-8.821829795999918],[125.97689819300012,-8.821080207999898],[125.97795105000012,-8.815699576999975],[125.98256683300019,-8.81040954599996],[126.00163269000006,-8.798049926999965],[126.00346374500009,-8.79771041899994],[126.00612640400004,-8.798740386999896],[126.00982666000016,-8.798600196999928],[126.01378631600005,-8.796549796999898],[126.0180892940001,-8.796870231999947],[126.01957702600009,-8.795060157999956],[126.02150726300022,-8.794400214999882],[126.02343750000011,-8.79625987999998],[126.02452850300006,-8.799489974999915],[126.03082275400016,-8.804369925999936],[126.03027343700023,-8.807189940999933],[126.0280838010001,-8.810040473999948],[126.02641296400009,-8.814000129999954],[126.02594757100007,-8.817480086999922],[126.0247192380001,-8.819419860999915],[126.01772308300008,-8.819849967999971],[126.01342773400006,-8.82164955099995],[126.00988769500032,-8.82126045199982],[126.00885009800004,-8.821889876999933],[126.00803375200019,-8.825119971999925],[126.0046234130001,-8.828530311999941],[126.00578308100035,-8.835189818999936],[126.00109100300006,-8.83747959099992],[125.99368286100014,-8.843290328999956],[125.98905181900011,-8.850870131999955],[125.98869323700012,-8.853030204999868],[125.98784637500023,-8.854029654999977],[125.98813629200015,-8.85529041299992],[125.98742675800008,-8.857370376999825],[125.98589325000023,-8.85867977099997],[125.98458862300015,-8.861109733999967],[125.9830093380001,-8.860750197999948],[125.97631073000014,-8.862620353999887],[125.97490692100007,-8.86417961099994],[125.97377777100007,-8.867099761999953],[125.96808624300002,-8.87242984799991],[125.9664611820001,-8.874899863999929],[125.96566772500012,-8.883620261999965],[125.96437835700021,-8.884630202999972],[125.96401977500022,-8.886870383999963],[125.95950317400002,-8.890199660999883],[125.95681762700008,-8.890769957999908],[125.95127868700013,-8.890049933999933],[125.94851684600008,-8.891360282999926],[125.9470825200001,-8.89624977099993],[125.9459762570001,-8.897850036999955],[125.94474792500012,-8.898329734999948],[125.94454956100003,-8.900010108999936],[125.94197082500023,-8.899580001999936],[125.9411163330002,-8.900050162999946],[125.93798065200019,-8.904500007999957],[125.93435668900008,-8.912159919999965],[125.9335098270002,-8.91098976099994],[125.93147277800017,-8.90993022899994],[125.93102264400022,-8.908180236999897],[125.9293212890002,-8.907360076999908],[125.92742157000009,-8.907699584999932],[125.92729187000009,-8.905409812999949],[125.92342376700003,-8.905010222999977],[125.92151641800001,-8.902460097999949],[125.9163208010001,-8.898819922999849],[125.9134902950002,-8.89721965799987],[125.9077606200002,-8.89570045499994],[125.90411377000021,-8.890870093999865],[125.89721679700006,-8.88798046099987],[125.89502716100003,-8.887379645999886],[125.88774108900009,-8.888270377999959],[125.88165283200021,-8.886360167999896],[125.87785339400011,-8.883600234999903],[125.87500000000011,-8.884320258999878],[125.8712692260001,-8.88403034199996],[125.86856842000009,-8.884920119999947],[125.8635101320001,-8.883139609999887],[125.86087036100014,-8.88302993799988],[125.85859680200019,-8.881150245999947],[125.85669708300009,-8.88092994699997],[125.85691070600012,-8.875709533999952],[125.85404205300017,-8.87209987599988],[125.85134124800004,-8.870530127999928],[125.85077667200005,-8.868909835999887],[125.8521499630001,-8.866589545999943],[125.85111236600017,-8.861969947999967],[125.85269165000011,-8.860509871999966],[125.85182952900004,-8.85991954799988],[125.85148620600035,-8.858160018999968],[125.84976959200003,-8.857480048999946],[125.8495025630001,-8.852990149999869],[125.85250854500009,-8.85538005799998],[125.85399627700008,-8.855330466999874],[125.85413360600023,-8.854339599999946],[125.85704040500013,-8.850700377999942],[125.85785675000022,-8.850649833999853],[125.85870361300022,-8.849020003999897],[125.86289215100021,-8.845540046999929],[125.86425018300031,-8.842289924999932],[125.86511230500003,-8.841589927999962],[125.86392211900022,-8.837599753999939],[125.86488342300015,-8.83594989799991],[125.86356353800011,-8.831390380999949],[125.86340332000032,-8.82565021499994],[125.86179351800001,-8.823639869999965],[125.85545349100005,-8.821140288999914],[125.85460662800006,-8.81978988599991],[125.85610961900022,-8.819410323999932],[125.85693359400022,-8.817480086999922],[125.85843658400006,-8.816869735999944],[125.86372375500014,-8.811820029999865],[125.86464691200001,-8.808420180999917],[125.86327362100019,-8.806449889999897],[125.86358642600021,-8.804989814999942],[125.86575317400002,-8.80261039699991],[125.86562347400002,-8.798549651999906],[125.86456298800022,-8.797039985999959],[125.8650512700001,-8.794520377999959],[125.86842346200001,-8.794859885999813],[125.86966705300017,-8.79621982599997],[125.87165069600007,-8.794899939999937],[125.87291717500011,-8.794799804999968],[125.87420654300001,-8.793399810999972],[125.87732696500018,-8.793589591999933],[125.88147735600012,-8.792260169999906],[125.88659668000003,-8.79349994699993]]]}},{"type":"Feature","properties":{"id":"TL0505","name":"Suai","muni_id":"TL05","muni_name":"Covalima","_lon":125.36159,"_lat":-9.24741,"_bbox":[125.1509,-9.37479,125.43468,-9.12516]},"geometry":{"type":"Polygon","coordinates":[[[125.34599304200003,-9.125160216999973],[125.34754180900018,-9.12613010399997],[125.35014343300008,-9.126110076999964],[125.35428619400011,-9.128109931999973],[125.35711669900013,-9.127619742999912],[125.35796356200012,-9.128919600999836],[125.36045837400013,-9.130160331999889],[125.35977172900004,-9.133959769999933],[125.3603210450002,-9.138310431999855],[125.36360168500005,-9.141340255999978],[125.36711120600012,-9.142279624999901],[125.37053680400004,-9.146599769999966],[125.3734283450001,-9.151689528999896],[125.37655639600018,-9.153470038999956],[125.37770843500005,-9.156620025999928],[125.37978363000002,-9.156450271999972],[125.38524627700019,-9.153639792999968],[125.38710784900002,-9.154509543999893],[125.38925170900018,-9.157480239999927],[125.39219665500025,-9.159709929999963],[125.39486694300001,-9.169239997999966],[125.39441680900006,-9.171750068999813],[125.39306640600023,-9.173500060999913],[125.39328002900004,-9.177020072999937],[125.39601135300006,-9.182700156999886],[125.3964004520002,-9.186180114999956],[125.39898681600016,-9.188699721999967],[125.40091705300006,-9.194540023999934],[125.40361022900015,-9.197620391999976],[125.40392303500005,-9.19952011099997],[125.40733337400025,-9.203269957999908],[125.40759277300015,-9.205269813999905],[125.40885925300029,-9.20734023999995],[125.41129303000014,-9.209269523999978],[125.41307830800008,-9.213829993999923],[125.41770172100007,-9.215479850999941],[125.4191970830002,-9.215270041999815],[125.42041778600003,-9.216329574999975],[125.4212036130001,-9.21905040699994],[125.42304992700008,-9.220970153999929],[125.4236679080002,-9.223529815999939],[125.42627716100014,-9.22595024099985],[125.42552185100033,-9.228969573999905],[125.42886352500011,-9.233139991999906],[125.42768096900011,-9.235440253999911],[125.42819976800013,-9.237460135999982],[125.43084716800001,-9.239740371999972],[125.4305572510001,-9.241180419999921],[125.43283081100003,-9.242750167999873],[125.43393707300015,-9.244669913999928],[125.43467712400013,-9.250459670999874],[125.43383789100005,-9.251600265999912],[125.4318923950002,-9.261090278999973],[125.42622375500014,-9.262419700999942],[125.4228210450002,-9.261280059999876],[125.41565704300001,-9.26146984099995],[125.41478729200003,-9.260890006999944],[125.39874267600021,-9.262570380999875],[125.38569641100014,-9.266369819999909],[125.37245941200013,-9.27299976299986],[125.36062622100008,-9.281439780999904],[125.3484497070001,-9.293190001999903],[125.34764099100005,-9.293239593999942],[125.3454132080002,-9.295169829999963],[125.34411621100003,-9.295370101999936],[125.34394073500005,-9.296079635999888],[125.3387374880001,-9.299579619999975],[125.33782196000016,-9.301110267999945],[125.33651733400006,-9.300600051999936],[125.33399963400007,-9.301119803999939],[125.32623291000016,-9.305609702999902],[125.32080841100014,-9.31017017399995],[125.3142166140002,-9.312479972999938],[125.30757141100003,-9.317449569999951],[125.30184173600014,-9.322910308999894],[125.30014038100012,-9.323699950999924],[125.29464721700003,-9.329150199999958],[125.29023742700008,-9.334690093999939],[125.28552246100003,-9.34428977999994],[125.28122711200001,-9.349800109999876],[125.2784194950001,-9.352120398999944],[125.27599334700005,-9.353070258999821],[125.27203369100005,-9.351340293999954],[125.26941680900006,-9.351039885999967],[125.26506805400004,-9.35219001799993],[125.26187896700003,-9.354209899999944],[125.25630188000002,-9.360890387999916],[125.25260162400025,-9.371529578999912],[125.25034332300004,-9.373789786999964],[125.24812316900034,-9.374790191999978],[125.24019622800006,-9.371069907999981],[125.2380981450001,-9.369319915999881],[125.23423767100007,-9.36960983299997],[125.22370910600011,-9.36684036299988],[125.21996307400013,-9.364029883999876],[125.21758270300006,-9.359230041999922],[125.21478271500007,-9.35700035099984],[125.20575714100005,-9.35673046099987],[125.20060730000023,-9.35525989499996],[125.19439697300004,-9.355310439999812],[125.18936157200005,-9.354200362999961],[125.18562316900022,-9.350709914999925],[125.18427276600016,-9.34494972199991],[125.18242645300006,-9.340789794999978],[125.17414093000025,-9.339369773999977],[125.17062377900015,-9.337019919999818],[125.16226959200003,-9.337149619999877],[125.15492248500004,-9.33405971499991],[125.15090179400022,-9.327799796999955],[125.15100097700008,-9.321080207999898],[125.15263366700003,-9.318759917999955],[125.15326690700022,-9.315380095999899],[125.15631866500007,-9.309989928999869],[125.16005706800024,-9.301329612999893],[125.16587829600019,-9.295909881999876],[125.17057037400002,-9.293780326999979],[125.17269134500009,-9.29152965499992],[125.17401886000027,-9.28808021499998],[125.17767334000018,-9.287759780999863],[125.17923736600005,-9.286600112999906],[125.18109130900007,-9.287070273999916],[125.18354797400002,-9.283729552999887],[125.18707275400016,-9.281259536999926],[125.18990325900018,-9.281809806999945],[125.19518280000011,-9.28693962099993],[125.2002182010001,-9.289830207999842],[125.20204162600021,-9.292429923999919],[125.21333313000014,-9.29644012499989],[125.2174072270002,-9.295069694999938],[125.22445678700012,-9.294340133999981],[125.22894287100019,-9.296400069999947],[125.23529815700022,-9.29613017999992],[125.24134826700003,-9.294879912999932],[125.24363708500005,-9.29594039899996],[125.2461929320001,-9.29613017999992],[125.24703979500009,-9.296819686999925],[125.24828338600003,-9.300040244999877],[125.25100708000014,-9.299360274999913],[125.25488281200035,-9.30288982399992],[125.25633239700016,-9.302969932999872],[125.2572708130001,-9.303950309999834],[125.25885772700019,-9.303890227999943],[125.26043701200001,-9.305040358999975],[125.26273345900006,-9.304590224999913],[125.26470947300015,-9.306240081999931],[125.26492309600008,-9.307629584999972],[125.26870727500011,-9.308230399999957],[125.2691116330002,-9.309809684999948],[125.27204132100007,-9.311309813999912],[125.2727127080002,-9.312299727999914],[125.27562713600003,-9.311829566999847],[125.2782135010001,-9.308170318999942],[125.28408813500016,-9.305359839999937],[125.28579711900034,-9.303090095999892],[125.28424835200019,-9.295530318999852],[125.28574371300022,-9.292320250999978],[125.28608703600025,-9.293140410999968],[125.2865371700002,-9.29294967699991],[125.28665161100002,-9.291689872999882],[125.28581237800006,-9.29004955299996],[125.28440856900022,-9.290209769999876],[125.28455352800006,-9.288299560999917],[125.2820663450002,-9.287540435999915],[125.28205108600014,-9.28509044599997],[125.28076934800015,-9.28516960099995],[125.27964782700008,-9.28411006899995],[125.27886962900004,-9.281669616999977],[125.28076934800015,-9.280929564999951],[125.28074646000016,-9.280420302999914],[125.28005218500005,-9.279259681999974],[125.27828216600005,-9.279060363999918],[125.27951812700007,-9.278329848999874],[125.27967071500007,-9.277440070999887],[125.27712249800015,-9.277440070999887],[125.27838134800004,-9.276189803999841],[125.27823638900009,-9.275409697999862],[125.27716827400002,-9.274720191999904],[125.27526855500003,-9.275139808999825],[125.27127838100023,-9.271380423999972],[125.26069641100003,-9.275179862999948],[125.25521850600023,-9.282779693999942],[125.25408935500002,-9.285920142999885],[125.25105285600023,-9.282150268999885],[125.25005340600012,-9.27840995799994],[125.24871063200021,-9.277930259999948],[125.24672699000018,-9.279419898999947],[125.24437713600014,-9.277159690999952],[125.2443695070001,-9.272669791999931],[125.24609375000023,-9.269289969999932],[125.24732208300031,-9.262350081999955],[125.24894714400023,-9.26111984299996],[125.2546691890002,-9.261639594999963],[125.26052856400008,-9.261139869999909],[125.26619720500014,-9.262829780999937],[125.26908111600005,-9.262060164999923],[125.27895355200019,-9.26438045499998],[125.28688049300013,-9.269539832999953],[125.28926849400011,-9.268489837999937],[125.29132843000002,-9.268369674999917],[125.29605102500022,-9.27089977299994],[125.30227661100002,-9.272649764999926],[125.30567932100018,-9.272820472999967],[125.30634307900004,-9.272210120999887],[125.30422210700021,-9.259200095999915],[125.3027572630001,-9.257769584999949],[125.29685974100016,-9.25642967199991],[125.2927093510001,-9.254249572999925],[125.28968811000016,-9.250140189999911],[125.28787994400011,-9.243869780999887],[125.28266143800033,-9.240260123999917],[125.28067779500009,-9.235170363999941],[125.27024078400007,-9.229260444999909],[125.26595306400009,-9.224849700999926],[125.25852966300022,-9.22282981899997],[125.25108337400002,-9.213489531999926],[125.25460815400004,-9.212160109999957],[125.25608825700021,-9.209879874999956],[125.2588119510001,-9.207670211999925],[125.26374054000019,-9.20600032799996],[125.26725006100003,-9.203900336999936],[125.27852630600012,-9.210740088999898],[125.27986145000011,-9.208539962999964],[125.28064727800017,-9.204950332999942],[125.28591918900031,-9.200810431999969],[125.29695129400034,-9.20221996299989],[125.3003616330002,-9.203209876999892],[125.30348205600001,-9.205269813999905],[125.31127166700014,-9.19917011299998],[125.31610870400004,-9.197380065999937],[125.31964111300022,-9.195159911999895],[125.32145690900018,-9.198349952999877],[125.32219696000004,-9.198249816999919],[125.32373046900011,-9.195650100999956],[125.32692718500016,-9.194809913999961],[125.33560943600003,-9.197910308999894],[125.33920288100012,-9.195179938999956],[125.34147644000006,-9.191760062999947],[125.34580993700001,-9.187689780999904],[125.34459686300022,-9.18402004199993],[125.34503173800022,-9.181369780999944],[125.34760284400011,-9.17957973499989],[125.35249328600014,-9.172690391999879],[125.35143280000011,-9.17136955299992],[125.34935760500014,-9.17105960799995],[125.34636688200021,-9.16899967199987],[125.34368133500016,-9.168279647999896],[125.34052276600016,-9.165490149999926],[125.33881378200033,-9.165510177999977],[125.33306121800013,-9.163370131999955],[125.33101654100005,-9.163829802999942],[125.33051300000011,-9.162980079999897],[125.32917022700008,-9.163160323999875],[125.32740020800009,-9.161459922999882],[125.32424926800002,-9.160579680999888],[125.32111358600002,-9.157010077999928],[125.31687164300001,-9.155940055999963],[125.31617736800001,-9.15132999399998],[125.31717681900022,-9.148050307999881],[125.31709289600008,-9.144740104999926],[125.31806182900004,-9.142560004999837],[125.32157897900015,-9.139240264999955],[125.32615661600005,-9.13681030299989],[125.32969665500013,-9.129130362999945],[125.33199310300006,-9.127909659999943],[125.33315277100007,-9.12856006599992],[125.3360366820001,-9.127750396999886],[125.33689117400024,-9.128379821999943],[125.33844757100019,-9.128190040999868],[125.34130096400008,-9.125289916999975],[125.34599304200003,-9.125160216999973]]]}},{"type":"Feature","properties":{"id":"TL0506","name":"Tilomar","muni_id":"TL05","muni_name":"Covalima","_lon":125.15617,"_lat":-9.37721,"_bbox":[125.0489,-9.4603,125.24812,-9.29521]},"geometry":{"type":"Polygon","coordinates":[[[125.06670379600007,-9.295209884999963],[125.06926727300004,-9.295530318999852],[125.07331848100023,-9.297610282999926],[125.07524871800013,-9.296739577999972],[125.0765533450002,-9.29749965699989],[125.07993316700004,-9.297320365999894],[125.08252716100026,-9.298620223999876],[125.08442688000014,-9.298689841999874],[125.0889663700001,-9.304050445999962],[125.09871673600014,-9.309619903999874],[125.10443115200007,-9.308730124999897],[125.1076965330002,-9.31000995599993],[125.11139679000019,-9.310270308999975],[125.11235046400009,-9.309909820999962],[125.11329650900007,-9.307849883999893],[125.11430358900009,-9.307709693999925],[125.11612701400009,-9.308690070999944],[125.11862945600001,-9.306619643999966],[125.12433624300013,-9.304909705999876],[125.12956237800006,-9.304619788999958],[125.13052368200022,-9.305809974999875],[125.13076019300013,-9.30862045299989],[125.13176727300015,-9.310549735999928],[125.1402587890002,-9.312109946999954],[125.14621734600018,-9.314740180999877],[125.15306091300022,-9.31616973899986],[125.15263366700003,-9.318759917999955],[125.15104675300017,-9.320830344999933],[125.15090179400022,-9.327799796999955],[125.15397644000006,-9.33308982799997],[125.15577697800018,-9.334679603999973],[125.16226959200003,-9.337149619999877],[125.17062377900015,-9.337019919999818],[125.17414093000025,-9.339369773999977],[125.18242645300006,-9.340789794999978],[125.18427276600016,-9.34494972199991],[125.18562316900022,-9.350709914999925],[125.18936157200005,-9.354200362999961],[125.19439697300004,-9.355310439999812],[125.20060730000023,-9.35525989499996],[125.20575714100005,-9.35673046099987],[125.21478271500007,-9.35700035099984],[125.21758270300006,-9.359230041999922],[125.21996307400013,-9.364029883999876],[125.22370910600011,-9.36684036299988],[125.23423767100007,-9.36960983299997],[125.2380981450001,-9.369319915999881],[125.24019622800006,-9.371069907999981],[125.24812316900034,-9.374790191999978],[125.24207305900018,-9.378910064999957],[125.23426055900018,-9.385620116999974],[125.20879364000007,-9.410849570999972],[125.20744323700012,-9.41131973299997],[125.20619201700003,-9.410650252999915],[125.1943588260001,-9.408780097999966],[125.18943023700012,-9.409179687999938],[125.17495727500022,-9.411890029999881],[125.15708160400004,-9.414270400999953],[125.14687347400013,-9.41697978999997],[125.13980102500011,-9.419569968999951],[125.12654113800022,-9.426070212999889],[125.11461639400011,-9.434140204999949],[125.1038208010001,-9.443880080999918],[125.08965301500007,-9.460300445999962],[125.0889892580002,-9.460289954999894],[125.08750915500002,-9.456669806999969],[125.08553314200003,-9.454460143999938],[125.08669281000005,-9.451849936999963],[125.08796691900022,-9.45153999299987],[125.08778381300021,-9.450869559999944],[125.08435821500007,-9.449569701999962],[125.08360290500013,-9.446829795999975],[125.08174896200012,-9.44598007199994],[125.0814590450002,-9.443360328999972],[125.07972717300004,-9.442939757999909],[125.07949829100016,-9.442130088999875],[125.08144378700001,-9.438300132999814],[125.07933807400013,-9.434490203999871],[125.08149719200003,-9.43284988399995],[125.08184814500021,-9.430979728999944],[125.07998657200028,-9.42982006099993],[125.0811767580002,-9.426950454999883],[125.07919311500007,-9.42667961099994],[125.07898712200006,-9.426110267999945],[125.08164978000002,-9.42152023299991],[125.08144378700001,-9.420889853999881],[125.07920837400002,-9.420399665999923],[125.07878875700021,-9.41742038699988],[125.07945251500007,-9.41590976699996],[125.08180236800024,-9.413940429999911],[125.08084106400008,-9.410409926999932],[125.07742309600008,-9.40559959399991],[125.07723999000007,-9.402159690999952],[125.07826232900004,-9.396430015999897],[125.08020019500009,-9.391779899999904],[125.08003997800006,-9.390419959999974],[125.07660675000022,-9.386309623999978],[125.07544708300009,-9.38383006999993],[125.07399749800004,-9.382969855999875],[125.07093811000016,-9.382479667999917],[125.06948089600007,-9.38008022299988],[125.06796264600018,-9.378970145999972],[125.06758880600012,-9.375519752999935],[125.06645202600009,-9.373000144999935],[125.06020355200019,-9.371339797999951],[125.05873870800008,-9.366900443999896],[125.05560302700007,-9.364899634999972],[125.05529022200005,-9.36336040499998],[125.05328369100005,-9.363539695999918],[125.05258178700001,-9.362939834999906],[125.05259704600019,-9.361069678999911],[125.05078887900004,-9.35949993099996],[125.05063629200015,-9.357959746999882],[125.05190277100019,-9.354789733999894],[125.05100250200007,-9.353630065999937],[125.04958343500016,-9.354129790999934],[125.0499801640002,-9.349040030999959],[125.05149078400007,-9.344530105999922],[125.05110168500016,-9.343070029999978],[125.05177307100007,-9.342149733999975],[125.0516510010001,-9.33568954499998],[125.05095672600032,-9.333720206999885],[125.05240631100014,-9.331080436999969],[125.05166626000005,-9.329250335999973],[125.05032348600002,-9.327960013999927],[125.04959869400022,-9.324720382999885],[125.04889679000007,-9.324449538999886],[125.05203247100008,-9.320489882999823],[125.05387878400018,-9.319020270999886],[125.05695343000002,-9.317819594999946],[125.06173706100014,-9.311659812999835],[125.06279754600007,-9.308670043999882],[125.06244659400011,-9.300470351999934],[125.0613632200002,-9.296649932999912],[125.06453704800003,-9.296939849999944],[125.06670379600007,-9.295209884999963]]]}},{"type":"Feature","properties":{"id":"TL1004","name":"Turiscai","muni_id":"TL10","muni_name":"Manufahi","_lon":125.74676,"_lat":-8.8272,"_bbox":[125.68018,-8.915,125.8213,-8.73924]},"geometry":{"type":"Polygon","coordinates":[[[125.7763137820001,-8.739720344999853],[125.77799987800017,-8.739270209999972],[125.78002929700017,-8.739979743999982],[125.78131866500007,-8.741129874999956],[125.78154754600007,-8.742179870999962],[125.78410339400034,-8.742899894999937],[125.78531646700026,-8.744620322999822],[125.78855896000005,-8.742730140999925],[125.79031372100008,-8.743700026999875],[125.79125213600014,-8.74542045599992],[125.7926330570001,-8.745789527999932],[125.79334259000007,-8.748390197999981],[125.79557037400002,-8.749159812999892],[125.7987213130001,-8.749710082999968],[125.80126953100023,-8.749159812999892],[125.80281066900022,-8.747960090999925],[125.803146362,-8.74553012799987],[125.80535888700001,-8.745240210999953],[125.80809783900031,-8.74872970599995],[125.80840301500018,-8.752280234999887],[125.81070709200014,-8.75368976599998],[125.81349182100007,-8.753359794999938],[125.81616973900009,-8.749779700999852],[125.81867218000014,-8.74775028199997],[125.8192062380001,-8.748189925999952],[125.81923675500002,-8.750860213999886],[125.82129669200003,-8.753379821999943],[125.82102203400007,-8.757780074999914],[125.81704711900022,-8.764820098999962],[125.81720733600002,-8.766670226999906],[125.81459045400004,-8.76786041299988],[125.81571960400004,-8.773050307999881],[125.81378936800002,-8.77849960299983],[125.82006073000025,-8.77947044399997],[125.82003784200015,-8.78015994999987],[125.81787109400011,-8.783909797999911],[125.81804657000009,-8.78516960099995],[125.8153762820001,-8.788869857999885],[125.81564331100003,-8.790470122999864],[125.80963897700008,-8.79959011099993],[125.80834960900017,-8.802669524999942],[125.80847168000003,-8.805509566999888],[125.80703735400004,-8.807450293999977],[125.80404663100012,-8.80873966199988],[125.80370330800008,-8.81130027799992],[125.80040741000005,-8.813059806999945],[125.80016326900034,-8.814880370999958],[125.80277252200017,-8.818099975999871],[125.80297851600017,-8.820779799999912],[125.80415344200003,-8.823559760999899],[125.80577087400025,-8.824629783999967],[125.80774688700001,-8.824629783999967],[125.80877685500002,-8.826210021999884],[125.80824279800015,-8.828519820999873],[125.80686187700019,-8.830470084999945],[125.80724334700017,-8.831299781999917],[125.80809021000016,-8.83146953599993],[125.80859375000023,-8.832920073999958],[125.80816650400004,-8.834070205999922],[125.80726623500004,-8.83448982199991],[125.80673217800006,-8.83646964999997],[125.81186676000016,-8.840339660999973],[125.81347656200012,-8.844160079999881],[125.81571960400004,-8.845170020999944],[125.81687927200005,-8.846710204999908],[125.8173980710003,-8.848939895999933],[125.81922912600021,-8.851169585999969],[125.81803131100014,-8.853349685999945],[125.81623077400013,-8.853659629999925],[125.81432342500011,-8.851810454999963],[125.80863952600009,-8.853119849999928],[125.80747222900004,-8.854020118999927],[125.80564117400002,-8.853960036999979],[125.80410003700013,-8.85490989699997],[125.80204010000011,-8.854330062999964],[125.80135345500003,-8.854929923999975],[125.80048370400016,-8.857999801999938],[125.8013687130001,-8.859189986999922],[125.79989624000018,-8.862090110999873],[125.7989501950002,-8.866430282999886],[125.80026245100021,-8.870960235999974],[125.80007934600008,-8.874239921999845],[125.80139923100012,-8.878230094999935],[125.79975891100014,-8.881139754999879],[125.79379272500012,-8.888079642999969],[125.78103637700019,-8.886540412999977],[125.77706909200026,-8.88418006899991],[125.76344299300001,-8.882160186999954],[125.76171875000011,-8.884169578999945],[125.76067352300004,-8.888360022999905],[125.75908660900018,-8.88934040099997],[125.75438690200008,-8.888090133999981],[125.75131988500004,-8.889289855999948],[125.74717712400002,-8.88891029399997],[125.74417877200028,-8.891510009999877],[125.73774719200014,-8.893759726999917],[125.73590850800008,-8.893520354999964],[125.73441314700005,-8.894829749999928],[125.73410797100007,-8.896010398999977],[125.73243713400007,-8.89573001899987],[125.7302093510001,-8.898500442999875],[125.73007965100021,-8.899920463999933],[125.73085784900024,-8.90062046099996],[125.72928619400011,-8.902549743999884],[125.73084259000018,-8.903949737999937],[125.73210907000009,-8.906769752999935],[125.72966766400009,-8.909250258999975],[125.72534179700006,-8.908909797999968],[125.72479248000013,-8.91090011599988],[125.72589111300022,-8.912229537999963],[125.72575378400006,-8.91499996199991],[125.72142791700003,-8.91047954599992],[125.72000122100008,-8.91044044499995],[125.7157135010001,-8.908289908999848],[125.71408081100014,-8.908720015999904],[125.71183013900009,-8.90756034899988],[125.7091064450002,-8.907950400999823],[125.70762634300013,-8.90674972499994],[125.70642089800026,-8.903559684999891],[125.70319366500019,-8.901309966999975],[125.69097137500012,-8.8988399509999],[125.68229675300006,-8.898269652999886],[125.68250274700006,-8.8958902359999],[125.68383026100014,-8.895050048999963],[125.68524169900002,-8.891309737999904],[125.6873168950001,-8.889120101999936],[125.68666839600019,-8.886059760999956],[125.68762970000012,-8.882989882999937],[125.68572235100032,-8.879440307999971],[125.68659973100011,-8.874650001999953],[125.68959808300019,-8.87119007099983],[125.6902465820001,-8.869000434999919],[125.68686676000004,-8.868269919999875],[125.6844406130001,-8.868869780999944],[125.68392944300012,-8.866999625999938],[125.68569183300008,-8.863679885999886],[125.68398284900013,-8.861940383999922],[125.6852035520003,-8.860010146999912],[125.68472290000011,-8.858539580999945],[125.68586731000016,-8.857399939999937],[125.6849517820001,-8.855710029999955],[125.68575286900023,-8.854599952999934],[125.68570709200003,-8.85153961199984],[125.69001770000023,-8.849049567999941],[125.6893692020002,-8.847180366999908],[125.68733978300008,-8.847720145999915],[125.68270111100014,-8.846400260999872],[125.68289184600019,-8.844120025999928],[125.68560791000004,-8.84315967599997],[125.68625640900007,-8.842109679999965],[125.68856048600003,-8.84148979199989],[125.68888855000023,-8.840869903999874],[125.68556213400018,-8.839070319999905],[125.68527221700003,-8.838080405999904],[125.68334960900029,-8.837619780999887],[125.68419647200028,-8.8356704709999],[125.68343353300031,-8.832710265999935],[125.68369293200021,-8.829950332999942],[125.68533325200019,-8.82909965499988],[125.68543243400006,-8.828189849999944],[125.68435668900031,-8.825880050999956],[125.68154144300013,-8.82308959999989],[125.68018341100003,-8.819239615999948],[125.6804275510001,-8.818440436999879],[125.68299102800006,-8.81719970699993],[125.68499755900007,-8.813830375999942],[125.68427276600005,-8.811880111999926],[125.68251800500002,-8.810500144999878],[125.68271637000021,-8.809359549999954],[125.68874359100005,-8.802860259999875],[125.68914794900013,-8.79876995099994],[125.69537353500004,-8.796520232999967],[125.69840240500002,-8.796190261999925],[125.69983673100023,-8.794409751999979],[125.70182800300029,-8.793589591999933],[125.70387268100001,-8.789540290999923],[125.70771789600008,-8.787619590999896],[125.70842742900015,-8.786279677999971],[125.71315765400004,-8.78509044599997],[125.71824646000016,-8.785579680999945],[125.71983337400002,-8.783069610999917],[125.72032928500005,-8.783470153999929],[125.7233200070001,-8.782629966999878],[125.72561645500002,-8.783860206999975],[125.73194122300004,-8.784259795999901],[125.73451995800008,-8.786120414999857],[125.73769378700013,-8.786720275999926],[125.74104309100005,-8.780940055999963],[125.74479675300017,-8.780570029999978],[125.74874115000011,-8.77400016799993],[125.75354003900009,-8.77204990399997],[125.7528762820001,-8.770219802999975],[125.75401306200001,-8.766139983999835],[125.75390625000011,-8.761770247999948],[125.75594329800003,-8.761389731999884],[125.75691986100014,-8.763130187999934],[125.75781250000023,-8.763270377999902],[125.75959777800006,-8.76035976399993],[125.75955200200008,-8.758620261999909],[125.7636413570001,-8.75961017599991],[125.76374054000007,-8.75669956199988],[125.76740264900013,-8.755430221999916],[125.7681121830002,-8.754630088999875],[125.77139282200005,-8.747019767999916],[125.77130127000021,-8.744930266999972],[125.7687835690001,-8.74149990099994],[125.76933288600003,-8.739580153999952],[125.77545166000004,-8.739239692999945],[125.7763137820001,-8.739720344999853]]]}},{"type":"Feature","properties":{"id":"TL0905","name":"Tutuala","muni_id":"TL09","muni_name":"Laut\u00e9m","_lon":127.19366,"_lat":-8.4431,"_bbox":[127.10286,-8.55739,127.34206,-8.3343]},"geometry":{"type":"MultiPolygon","coordinates":[[[[127.18054962200006,-8.334300040999949],[127.18183898900008,-8.334309577999932],[127.18531036400032,-8.336250304999908],[127.19373321500007,-8.335419654999953],[127.19705963100034,-8.33642005899992],[127.20194244400011,-8.341119765999963],[127.20404052700007,-8.34805965399994],[127.20667266800001,-8.35068035099988],[127.20851898200021,-8.353910445999816],[127.21174621600005,-8.356240272999855],[127.21282196000004,-8.35639953599997],[127.220420837,-8.367650031999858],[127.22235870400004,-8.369379996999896],[127.22524261500007,-8.37065982799993],[127.22724914600008,-8.37388038599994],[127.22956085200019,-8.37592029599989],[127.23224639900013,-8.377169608999964],[127.23282623300008,-8.37868976599998],[127.23631286600005,-8.378350257999955],[127.23959350600023,-8.379179954999927],[127.24211883500016,-8.378660201999935],[127.24514770500014,-8.381110190999948],[127.25464630100021,-8.38422965999996],[127.25517272900004,-8.385459899999944],[127.26519775400004,-8.384249686999908],[127.26632690400004,-8.385290145999932],[127.26789856000005,-8.384759902999974],[127.27172851600005,-8.387610434999885],[127.27792358400018,-8.387999534999949],[127.2819671630001,-8.386549949999903],[127.28623962400002,-8.38868999499988],[127.29006958000002,-8.388500213999976],[127.2925262450002,-8.38914966599998],[127.2953033450001,-8.390919684999972],[127.29830932600021,-8.394900321999899],[127.2992095950002,-8.408570289999943],[127.30198669400022,-8.420499801999881],[127.301193237,-8.422869681999941],[127.30161285400004,-8.426500319999889],[127.30091095000023,-8.427760123999917],[127.3010864260001,-8.429639815999963],[127.29953765900018,-8.432290076999948],[127.29461669900013,-8.435299872999906],[127.29013061500007,-8.43665027599991],[127.28002929700006,-8.438360213999943],[127.27855682400013,-8.439590453999926],[127.27661132800006,-8.440010070999904],[127.26928710900006,-8.447680472999878],[127.26933288600003,-8.45022010799994],[127.26769256600005,-8.452400207999858],[127.26783752400002,-8.454959868999879],[127.26656341600005,-8.456870078999941],[127.2640533450001,-8.46014976499987],[127.25982666000004,-8.461779593999893],[127.25901031500018,-8.462989806999929],[127.25927734400011,-8.46440982799993],[127.25842285200008,-8.465299605999917],[127.25450897200028,-8.466910361999965],[127.25309753400006,-8.468970298999977],[127.24868011500018,-8.472370147999811],[127.23296356200001,-8.47762966199997],[127.22959899900002,-8.47941970799991],[127.22498321500007,-8.487930297999924],[127.2208786010001,-8.491499900999884],[127.21414947500023,-8.494649886999923],[127.20861053500005,-8.502650260999928],[127.20780944800015,-8.507610320999959],[127.20652771000027,-8.509860038999932],[127.19980621300022,-8.514889716999903],[127.19342804000019,-8.520959853999955],[127.18061828600003,-8.52970027899994],[127.17537689200003,-8.531459807999909],[127.1727676390002,-8.533040046999929],[127.17064666700003,-8.534749984999848],[127.16591644300001,-8.540570258999935],[127.16481781000016,-8.540069579999965],[127.16101074200003,-8.541259765999882],[127.16045379600018,-8.542819976999908],[127.15718078600003,-8.542240142999901],[127.15579986600005,-8.545339583999919],[127.1458129880001,-8.5502901079999],[127.13845062300015,-8.556520461999924],[127.13446044900002,-8.557390212999962],[127.13375091600005,-8.553190230999974],[127.13140106200012,-8.551540374999888],[127.1312179570001,-8.549679755999932],[127.12999725300006,-8.548990249999918],[127.12993621800001,-8.54660987899996],[127.13192749000018,-8.545619964999958],[127.13430023200021,-8.540249824999876],[127.13641357400002,-8.538550376999979],[127.13952636700014,-8.537679671999967],[127.14080810500013,-8.53542995499987],[127.14026641800001,-8.5336999889999],[127.13783264200003,-8.5324096679999],[127.13696289100017,-8.530989646999956],[127.13748168900008,-8.52818012199998],[127.13687896700014,-8.515310286999977],[127.13847351100003,-8.502650260999928],[127.13733673100012,-8.50236988099988],[127.13468170200008,-8.499420165999823],[127.13136291500007,-8.49759960199998],[127.12914276100003,-8.494939803999841],[127.12745666500018,-8.49444961499995],[127.12464904800026,-8.492380141999945],[127.12056732200006,-8.486920356999974],[127.11686706500006,-8.480360030999918],[127.1165924070001,-8.477800368999965],[127.1179275510001,-8.475480079999897],[127.1140213010001,-8.472990035999942],[127.11139679000019,-8.468540191999978],[127.11151886000016,-8.446189879999906],[127.11598205600012,-8.439749717999973],[127.10806274400011,-8.436470031999932],[127.1060562130001,-8.434160232999943],[127.1056671140002,-8.428560256999958],[127.10376739500009,-8.423480033999908],[127.10285949700017,-8.418519973999935],[127.1038208010001,-8.410490035999885],[127.10488891600005,-8.405550002999973],[127.10745239300002,-8.399490355999887],[127.11094665500013,-8.39577960999992],[127.11251068100023,-8.393079757999828],[127.11335754400022,-8.389989852999975],[127.11340332000009,-8.384039878999886],[127.11195373500016,-8.375670432999925],[127.11344146700014,-8.371569632999979],[127.11554718000002,-8.36818027499993],[127.11654663100023,-8.368320464999897],[127.11827087400013,-8.36658000899996],[127.12210083000014,-8.367650031999858],[127.12634277300003,-8.36606979399994],[127.1352996830002,-8.365659713999946],[127.13725280800008,-8.364760398999863],[127.13768005400004,-8.363889693999852],[127.13997650100009,-8.363730430999908],[127.14193725600023,-8.362310409999907],[127.14539337200017,-8.361940383999922],[127.14924621600028,-8.358670234999977],[127.1511535640002,-8.358160018999968],[127.15363311800002,-8.356360434999942],[127.15547180200008,-8.353560447999882],[127.1610794070001,-8.347880362999945],[127.16108703600003,-8.346940040999868],[127.16499328600003,-8.34471988699994],[127.16716003400006,-8.342559813999912],[127.16853332500011,-8.342439650999893],[127.16944885300006,-8.340929984999946],[127.17214202900016,-8.340570449999973],[127.17534637500023,-8.338089942999886],[127.17678833000002,-8.335989951999977],[127.18054962200006,-8.334300040999949]]],[[[127.32160186800013,-8.411999701999946],[127.32360839800003,-8.411479949999944],[127.32759857200017,-8.413990020999961],[127.3318481450001,-8.415579795999975],[127.33419036900011,-8.417599677999931],[127.33907318100034,-8.424810409999964],[127.34185028100012,-8.432080268999812],[127.34205627400002,-8.437930106999943],[127.34131622300015,-8.440250396999886],[127.33933258100001,-8.44215011599988],[127.33650207500011,-8.443659781999827],[127.33397674600008,-8.444459914999925],[127.33173370400016,-8.444290160999913],[127.33081054700006,-8.446780204999925],[127.32949829100005,-8.447890281999832],[127.32813262900004,-8.447910308999951],[127.32626342800017,-8.446889876999933],[127.32540893600014,-8.447330474999944],[127.3228530880001,-8.445679664999886],[127.32071685800008,-8.445919990999869],[127.31951904300001,-8.445389747999968],[127.31558990500014,-8.440190314999825],[127.31015777600021,-8.436900138999818],[127.30946350100021,-8.435460090999925],[127.30780792200005,-8.42226028399989],[127.30906677200016,-8.41703033399989],[127.31629180900018,-8.411990165999953],[127.3199462890002,-8.411419867999939],[127.32160186800013,-8.411999701999946]]]]}},{"type":"Feature","properties":{"id":"TL1303","name":"Uato-Lari","muni_id":"TL13","muni_name":"Viqueque","_lon":126.56867,"_lat":-8.76437,"_bbox":[126.46416,-8.87598,126.66002,-8.65282]},"geometry":{"type":"Polygon","coordinates":[[[126.58702087400025,-8.655730246999951],[126.58669281000027,-8.659489631999975],[126.58757782000032,-8.66139984099982],[126.5935363770003,-8.667019843999924],[126.59700775100009,-8.673159598999916],[126.60032653800022,-8.675609588999862],[126.60365295400004,-8.679530143999955],[126.60611724900014,-8.681369780999944],[126.60813903800022,-8.684700011999894],[126.61228179900002,-8.68924999199993],[126.62330627400013,-8.694899558999964],[126.62725067100007,-8.696319579999852],[126.63453674300001,-8.702199935999943],[126.63549804700017,-8.704219817999899],[126.6352233890002,-8.705960273999949],[126.63667297400013,-8.71119022399995],[126.63880920400015,-8.713589667999884],[126.64356231700003,-8.716440200999898],[126.6443710330002,-8.724260329999936],[126.64524078400007,-8.72546005199996],[126.64855194100005,-8.727519988999973],[126.64935302700007,-8.731619834999833],[126.65039062500011,-8.732859611999913],[126.65129852300015,-8.735710143999938],[126.65009307900004,-8.738510131999817],[126.65006256100003,-8.740530013999944],[126.65238952600009,-8.742879867999875],[126.65371704100005,-8.745719909999934],[126.65622711200012,-8.748539924999932],[126.65603637700008,-8.750490188999947],[126.65367889400011,-8.752949714999943],[126.65293121300022,-8.75669956199988],[126.65438079800015,-8.75899028799995],[126.65628814700017,-8.75973033899993],[126.65615844700005,-8.761010169999963],[126.65717315700033,-8.761369704999936],[126.65765380900018,-8.762929915999962],[126.65870666500007,-8.763259887999936],[126.65823364300002,-8.763999938999973],[126.65912628200022,-8.764739989999896],[126.65883636500007,-8.766759871999966],[126.65955352800006,-8.767580031999955],[126.65928649900002,-8.768879889999937],[126.66001892100007,-8.770680427999878],[126.65941619900013,-8.771659850999924],[126.65116882300003,-8.777219771999967],[126.64685821500007,-8.778300284999943],[126.63735961900022,-8.783920287999877],[126.62719726600005,-8.791930198999978],[126.62219238300008,-8.79784011799984],[126.62010955800008,-8.799010276999923],[126.61694335900006,-8.802249907999908],[126.61308288600014,-8.802390098999979],[126.6039733890002,-8.800029754999912],[126.60344696000004,-8.800620078999884],[126.59509277300015,-8.79922962199987],[126.59192657500012,-8.799349784999947],[126.58669281000027,-8.802149772999883],[126.58180999800004,-8.806940078999958],[126.57460784900002,-8.817399978999958],[126.56919097900004,-8.819000243999938],[126.56194305400004,-8.826620101999879],[126.54506683300008,-8.84778976399997],[126.543380737,-8.849109649999946],[126.52658844000018,-8.874540328999899],[126.52439880400016,-8.875980376999962],[126.52359008800022,-8.874219893999964],[126.5223770140002,-8.873849868999969],[126.5217132570001,-8.874529838999933],[126.5205307010001,-8.87322044399997],[126.51917266800012,-8.873590468999907],[126.51817321800002,-8.873000144999935],[126.51821136500007,-8.870450019999964],[126.5159530640002,-8.869110106999926],[126.51544952400025,-8.868040084999961],[126.51486206100003,-8.86849021899991],[126.51085662800006,-8.866319655999973],[126.51139831500018,-8.865300178999917],[126.50972747800006,-8.863059997999926],[126.5105819700002,-8.862330436999969],[126.50891113300008,-8.86166953999998],[126.50923156700014,-8.859569549999947],[126.50758361800013,-8.858010291999904],[126.50331115700021,-8.856189727999833],[126.50240325900006,-8.85468959799988],[126.50126647900015,-8.854680060999954],[126.50057220500003,-8.85583972899991],[126.5007934570001,-8.854439734999971],[126.50028228800011,-8.853730201999895],[126.4991226200001,-8.855460166999933],[126.49833679200026,-8.855019568999978],[126.49330902100007,-8.842060088999915],[126.48951721200012,-8.840709685999855],[126.48744964600007,-8.83685970299996],[126.48504638700012,-8.835619925999879],[126.48372650100009,-8.834059714999967],[126.4833679200002,-8.831910132999894],[126.48384857200006,-8.828000068999927],[126.47583770800009,-8.821980475999965],[126.47550964400034,-8.820079802999828],[126.47619628900009,-8.81694984399985],[126.47836303700012,-8.814720153999929],[126.47859191900022,-8.813480376999905],[126.47749328600003,-8.811129569999935],[126.47760772700008,-8.80924034099985],[126.4782485960003,-8.80854988099992],[126.47521972700008,-8.807559966999975],[126.4742431640002,-8.80407047299991],[126.47196197500034,-8.802599906999944],[126.47289276100014,-8.79926967599988],[126.46901702900004,-8.79559993699985],[126.46736145000011,-8.79059028599994],[126.4673080440001,-8.785920142999885],[126.46454620400004,-8.780570029999978],[126.46415710400004,-8.77678966499991],[126.48008728000002,-8.763139724999917],[126.48230743400006,-8.759490012999947],[126.48314666700014,-8.754940032999968],[126.48760223400006,-8.749290465999877],[126.48784637500012,-8.739109992999886],[126.48686981200024,-8.737660407999954],[126.48300170900006,-8.734700202999875],[126.48355102500022,-8.732159614999887],[126.48576355000023,-8.728930472999878],[126.48639679000019,-8.725790023999934],[126.48914337200006,-8.72494983699994],[126.4908981320001,-8.725859641999932],[126.49369049100017,-8.725979804999895],[126.4960098270002,-8.724780082999928],[126.49701690700022,-8.725350379999952],[126.49816131600016,-8.72471046399994],[126.50122070300006,-8.724820136999881],[126.50251007100019,-8.725790023999934],[126.50385284400011,-8.72546005199996],[126.50496673600014,-8.72848033899993],[126.50887298600003,-8.730589866999878],[126.50998687700007,-8.729849814999909],[126.51204681400009,-8.731459617999974],[126.51550293000003,-8.726949691999948],[126.51555633500016,-8.726539611999954],[126.5138473510001,-8.72638988499989],[126.51454925500013,-8.724989890999893],[126.51425170900018,-8.724120139999968],[126.5127182010001,-8.723420142999942],[126.51220703100012,-8.724399566999978],[126.51081848100011,-8.723919867999825],[126.51077270500014,-8.721949576999975],[126.51004791300034,-8.721679687999938],[126.50906372100008,-8.722539901999937],[126.50785827600009,-8.721480369999938],[126.50644683800022,-8.721559524999918],[126.5061111450002,-8.720809936999899],[126.50731658900008,-8.717969893999907],[126.50527954100016,-8.718890189999968],[126.5043334960003,-8.717590331999872],[126.50480651900011,-8.71669959999997],[126.50287628200022,-8.716640471999881],[126.50209045400015,-8.715330123999934],[126.50203704800003,-8.714420318999942],[126.5034866330003,-8.713520049999886],[126.50248718300008,-8.713729857999908],[126.50150299100017,-8.712840079999921],[126.50203704800003,-8.711330413999974],[126.5014114380001,-8.70952033999987],[126.50221252400013,-8.708780288999947],[126.50121307400002,-8.707850455999903],[126.50287628200022,-8.707090377999918],[126.50258636500007,-8.706069945999957],[126.50312805200008,-8.705309867999858],[126.50569152800006,-8.705610274999913],[126.50523376500007,-8.705240249999974],[126.50569915800031,-8.703740119999907],[126.50507354700017,-8.70226955399994],[126.50380706800013,-8.702549933999933],[126.50311279300013,-8.700690268999892],[126.50157165500013,-8.700730323999949],[126.50097656200023,-8.698030471999914],[126.50000000000023,-8.697959899999944],[126.50039672900004,-8.696619986999906],[126.49971008300008,-8.695650100999956],[126.50257110600012,-8.690039634999891],[126.50623321500018,-8.687600135999958],[126.50975036600016,-8.68412971499987],[126.51096344000018,-8.681369780999944],[126.51126098600025,-8.678819655999973],[126.51464080800008,-8.678859710999916],[126.51743316700015,-8.681019782999954],[126.5188827510002,-8.680939673999887],[126.52279663100023,-8.682840346999967],[126.52567291300011,-8.682499885999846],[126.53009033200033,-8.683170318999885],[126.53305053700001,-8.682000159999973],[126.53518676800013,-8.677630423999972],[126.53755188000002,-8.677330016999917],[126.54000091600005,-8.67469978299988],[126.54197692900004,-8.67385005999995],[126.54258728000013,-8.672400474999904],[126.54540252700008,-8.669639586999892],[126.55139160200031,-8.66849994699993],[126.55251312300015,-8.666740416999914],[126.55761718700023,-8.665639876999876],[126.5620880130001,-8.663330077999944],[126.56458282500012,-8.659629821999829],[126.56643676800013,-8.658280372999911],[126.57016754200004,-8.658720015999961],[126.57266998300008,-8.657770156999959],[126.57433319100005,-8.658379554999954],[126.57585907000009,-8.656399726999894],[126.57866668700012,-8.656109809999975],[126.58122253400006,-8.65353012099996],[126.58410644500009,-8.652819632999979],[126.58651733400018,-8.653129577999948],[126.58805847200017,-8.654120444999876],[126.58702087400025,-8.655730246999951]]]}},{"type":"Feature","properties":{"id":"TL1301","name":"Uatucarbau","muni_id":"TL13","muni_name":"Viqueque","_lon":126.68204,"_lat":-8.70509,"_bbox":[126.61208,-8.77166,126.73752,-8.63717]},"geometry":{"type":"Polygon","coordinates":[[[126.65731048600003,-8.637169837999977],[126.66034698500005,-8.638090133999924],[126.66391754200015,-8.64035987899996],[126.6661682130001,-8.64068984999983],[126.66696929900002,-8.641799926999909],[126.66824340800031,-8.64190959899986],[126.6703033450001,-8.644370078999941],[126.67283630400004,-8.643589972999962],[126.67579650900007,-8.647080420999941],[126.67858123800022,-8.646559714999853],[126.68224334700005,-8.647669791999931],[126.68488311800002,-8.65023040799997],[126.68943786600016,-8.64910983999988],[126.69346618700013,-8.649900435999939],[126.70525360100021,-8.650589942999886],[126.70910644500009,-8.648280143999898],[126.71021270800009,-8.648409842999968],[126.7120132450001,-8.649680137999951],[126.71534729000007,-8.65458965299996],[126.7216262820001,-8.660880088999875],[126.72712707500011,-8.663290023999878],[126.72860717800006,-8.664549827999963],[126.72869110100021,-8.66598987599997],[126.72756958000002,-8.667460441999879],[126.72937774700017,-8.671930312999905],[126.7291030880001,-8.673509597999896],[126.73181915300017,-8.674180030999878],[126.73229980500003,-8.676799773999903],[126.73401641800001,-8.679539679999948],[126.73365783700012,-8.681320189999951],[126.73219299300001,-8.682749747999821],[126.73152923600026,-8.685700416999964],[126.72946167000009,-8.688159942999903],[126.72860717800006,-8.690259932999936],[126.72834777800028,-8.69443988799992],[126.7292327880001,-8.69773960099991],[126.72849273700012,-8.699440001999903],[126.72691345200008,-8.700619697999912],[126.72940826400009,-8.702560424999831],[126.72814941400009,-8.707200049999926],[126.72998046900011,-8.711620330999892],[126.72796630900007,-8.714900016999934],[126.72975921600005,-8.717760085999885],[126.73378753700001,-8.720910071999924],[126.73451232900004,-8.72288989999987],[126.73338317900027,-8.725000380999973],[126.73330688500005,-8.72655010199992],[126.73108673100012,-8.729969977999929],[126.73296356200012,-8.731089591999933],[126.73632812500023,-8.730190276999963],[126.73751831100014,-8.731869697999969],[126.73699951200012,-8.734439849999944],[126.73742675800008,-8.738639831999876],[126.73428344700017,-8.74123001099997],[126.73387908900008,-8.742489814999942],[126.7339096070001,-8.745109557999967],[126.73615264900013,-8.747130393999953],[126.7359390260001,-8.748390197999981],[126.73412323000014,-8.749670028999901],[126.73341369600007,-8.752099990999966],[126.73345184300013,-8.75642967199991],[126.7328262330002,-8.75646018999987],[126.73278808600014,-8.754980086999979],[126.73158264200003,-8.754960059999917],[126.73108673100012,-8.756970405999823],[126.72505188000025,-8.755900382999926],[126.71302795400015,-8.756469726999967],[126.69683837900004,-8.758779525999955],[126.67237854000018,-8.765190124999947],[126.65941619900013,-8.771659850999924],[126.66001129200004,-8.770019530999946],[126.65883636500007,-8.766759871999966],[126.65912628200022,-8.764739989999896],[126.65823364300002,-8.763999938999973],[126.65870666500007,-8.763259887999936],[126.65765380900018,-8.762929915999962],[126.65717315700033,-8.761369704999936],[126.65615844700005,-8.761010169999963],[126.65628814700017,-8.75973033899993],[126.65438079800015,-8.75899028799995],[126.65293121300022,-8.75669956199988],[126.65367889400011,-8.752949714999943],[126.65484619100005,-8.752240180999934],[126.65625762900004,-8.74999046299996],[126.6561431880001,-8.748169898999947],[126.65006256100003,-8.740530013999944],[126.6499481200002,-8.73910045599996],[126.65120697000009,-8.735190391999936],[126.64935302700007,-8.731619834999833],[126.64855194100005,-8.727519988999973],[126.64524078400007,-8.72546005199996],[126.6443710330002,-8.724260329999936],[126.64356231700003,-8.716440200999898],[126.63961792000009,-8.71417999299996],[126.6371002200001,-8.711890220999976],[126.6352233890002,-8.705960273999949],[126.63549804700017,-8.704219817999899],[126.63423156700003,-8.701840400999856],[126.62725067100007,-8.696319579999852],[126.61337280300006,-8.690059661999953],[126.61274719200003,-8.689069747999952],[126.61216735800008,-8.689129828999967],[126.61208343500016,-8.68715953799989],[126.61274719200003,-8.686010360999944],[126.61705780000023,-8.684550284999943],[126.61795806900022,-8.681989669999894],[126.61801147500012,-8.679539679999948],[126.62177276600005,-8.676340102999973],[126.62071991000016,-8.67039966599998],[126.6219635010001,-8.664850234999847],[126.62053680400015,-8.664429664999943],[126.62033081100003,-8.662969588999943],[126.62322235100021,-8.659770011999967],[126.62644958500005,-8.65349006699995],[126.62709045400004,-8.652879714999813],[126.63081359900002,-8.652890204999949],[126.6322708130001,-8.651829719999967],[126.63842010500002,-8.65104961399993],[126.64134979200003,-8.64888954199995],[126.64514923100023,-8.649060248999888],[126.64675140400004,-8.648019790999967],[126.64756774900002,-8.644559859999958],[126.64949798600003,-8.64311027499997],[126.65091705300017,-8.640139579999868],[126.65339660600023,-8.63772010799994],[126.65474700900018,-8.637949943999956],[126.65731048600003,-8.637169837999977]]]}},{"type":"Feature","properties":{"id":"TL0305","name":"Vemasse","muni_id":"TL03","muni_name":"Baucau","_lon":126.27556,"_lat":-8.58297,"_bbox":[126.15018,-8.698,126.37211,-8.46916]},"geometry":{"type":"Polygon","coordinates":[[[126.29302978500016,-8.469160079999938],[126.29704284700017,-8.470680236999954],[126.29910278300008,-8.472519874999932],[126.30077362100008,-8.472089766999886],[126.30174255400004,-8.473449706999872],[126.30532836900022,-8.473440169999947],[126.31076049800004,-8.474780082999814],[126.31163024900013,-8.477930068999854],[126.31388092000009,-8.480939864999925],[126.31400299100017,-8.483659743999908],[126.31577301000016,-8.488189696999882],[126.31539917000009,-8.49223995199992],[126.31582641600028,-8.496020316999875],[126.32813262900004,-8.50736045799988],[126.33232116700003,-8.508950232999894],[126.33415222200006,-8.511389731999941],[126.33505249000018,-8.516090392999956],[126.33677673300008,-8.516980170999943],[126.34033203100012,-8.525400161999926],[126.34210968000002,-8.533679961999951],[126.34201812700019,-8.535630225999853],[126.34394836400008,-8.538689612999917],[126.34400177000009,-8.54267978699994],[126.3446197510001,-8.543600081999898],[126.34308624300002,-8.54539012899994],[126.34432220500003,-8.54788970899989],[126.34310150100009,-8.550299643999892],[126.3427429200002,-8.554730414999938],[126.34509277300003,-8.559029578999969],[126.3451080320001,-8.560230254999908],[126.34445190400004,-8.56229972799997],[126.34111785900006,-8.566169738999918],[126.34239196800013,-8.567170142999828],[126.34232330300017,-8.571370124999873],[126.34281921400009,-8.572440146999952],[126.34420776400009,-8.572710036999979],[126.34671783400006,-8.575400351999917],[126.34687042200005,-8.577239989999896],[126.35196685800008,-8.58041953999998],[126.35350036600028,-8.582059859999902],[126.35711669900013,-8.583869933999836],[126.35649871800001,-8.58454990399997],[126.36168670700022,-8.589630126999907],[126.36337280300006,-8.594599723999977],[126.36506652800017,-8.595399856999904],[126.36530304000007,-8.596940040999925],[126.36829376200001,-8.60262012499993],[126.37210845900006,-8.607549666999944],[126.36739349400011,-8.61201953899996],[126.36472320600001,-8.61320018799995],[126.36464691200013,-8.614370345999873],[126.36170959500032,-8.61795043899997],[126.35565948500016,-8.619790076999948],[126.35208129900002,-8.620019912999965],[126.34879303000002,-8.62240028399998],[126.34631347700008,-8.623120307999955],[126.34310150100009,-8.627920150999842],[126.32832336400008,-8.643699645999902],[126.32470703100012,-8.649829864999958],[126.32232666000004,-8.651189803999955],[126.31906127900015,-8.650919913999928],[126.31812286400009,-8.654600142999868],[126.31374359100016,-8.658530234999887],[126.31172180200008,-8.65915012399995],[126.30621337900004,-8.664719581999975],[126.29461669900002,-8.670579909999901],[126.2874374390002,-8.66849994699993],[126.28047180200019,-8.67012023899997],[126.28000640900007,-8.670559882999953],[126.2815780640002,-8.670849799999928],[126.28186798100012,-8.671460151999895],[126.27835083000002,-8.674059867999972],[126.27921295200008,-8.675999640999976],[126.27810668900008,-8.67768001599984],[126.27675628700013,-8.678600310999968],[126.27416992200006,-8.678759574999901],[126.27365112300004,-8.679300307999938],[126.27391815200008,-8.681139945999917],[126.27252197300004,-8.687009810999939],[126.27028656000016,-8.685799598999836],[126.2686462400003,-8.686559676999934],[126.26686096200001,-8.689060210999969],[126.26740264900002,-8.689729690999854],[126.2642593380001,-8.691479682999955],[126.26435852100019,-8.693550109999933],[126.26187896700003,-8.694499968999935],[126.26027679400022,-8.692170142999885],[126.25826263400006,-8.693550109999933],[126.25299835200019,-8.693989753999972],[126.25285339400011,-8.69322013899989],[126.25496673600003,-8.690679549999913],[126.25640106200001,-8.690070151999976],[126.25489044200003,-8.689200400999937],[126.25425720200008,-8.68760967299994],[126.2515106200002,-8.685210227999903],[126.25051879900013,-8.68533039099998],[126.24693298300008,-8.688730239999927],[126.2454986570001,-8.68873977699991],[126.2450866700002,-8.688440322999838],[126.24565124500009,-8.686349868999969],[126.23930358900009,-8.686579703999882],[126.23870086700003,-8.685810088999972],[126.24025726300022,-8.684769629999948],[126.23773956300022,-8.683239936999883],[126.23435974100016,-8.685859679999908],[126.23291778600014,-8.685070037999935],[126.2327804570001,-8.683500289999927],[126.23171997100008,-8.683830260999969],[126.23013305700022,-8.688019752999935],[126.22769165000011,-8.691329955999834],[126.22792053200021,-8.694359778999967],[126.22901153600003,-8.695969581999918],[126.2264785770002,-8.697999953999954],[126.2185134890002,-8.697640418999981],[126.21762085000012,-8.696470260999945],[126.21729278600003,-8.693440436999936],[126.21631622300026,-8.692290305999961],[126.21465301500018,-8.691780089999952],[126.21346283000003,-8.692239760999882],[126.21425628700001,-8.694840430999932],[126.21391296400009,-8.695690154999909],[126.21228790300006,-8.696359633999975],[126.21109771700014,-8.692210196999895],[126.20889282200005,-8.690139770999963],[126.20829772900015,-8.687210082999911],[126.20781707800006,-8.68706035599996],[126.20214080800008,-8.688380240999948],[126.20056152300003,-8.68622016899991],[126.19905090300006,-8.688220023999975],[126.19989776600005,-8.689470290999964],[126.19819641100014,-8.692420005999963],[126.19745636000005,-8.692060470999877],[126.1970062260001,-8.690070151999976],[126.19563293500005,-8.689060210999969],[126.19339752200017,-8.692729949999944],[126.1919937130001,-8.690380095999842],[126.18805694600007,-8.692629813999929],[126.187911987,-8.68935966499987],[126.1872406010001,-8.688509940999893],[126.18319702100018,-8.689709662999974],[126.17849731400008,-8.688179969999965],[126.17355346700003,-8.681209563999914],[126.16964721700015,-8.678879737999978],[126.16821289100028,-8.67718982699995],[126.16481018100012,-8.676690101999895],[126.16342163100012,-8.678219794999904],[126.16050720200019,-8.679789542999856],[126.15615844700017,-8.676380156999926],[126.15502929700017,-8.673769950999883],[126.15017700200008,-8.673259734999931],[126.15059661900023,-8.670749663999914],[126.15273284900002,-8.667579650999926],[126.15548706100003,-8.665379523999945],[126.15527343700012,-8.663479804999952],[126.15944671600016,-8.661069869999949],[126.16029357900015,-8.659740447999923],[126.16197204600007,-8.659990310999888],[126.16165924100005,-8.658559798999931],[126.16264343300008,-8.658559798999931],[126.16336822500023,-8.657509803999915],[126.16549682600021,-8.657270431999905],[126.1649322510001,-8.656470298999977],[126.16580963100023,-8.65604972799997],[126.16796875000011,-8.65569972999998],[126.1687088010001,-8.653889655999876],[126.17149353000002,-8.653499602999943],[126.17533874500009,-8.651789664999967],[126.17603302000009,-8.65081977799997],[126.17694091800013,-8.650919913999928],[126.17791748000025,-8.650019645999976],[126.17764282200005,-8.64844989799991],[126.1785812380001,-8.647850036999955],[126.18018341100003,-8.647959708999963],[126.18090820300017,-8.645099639999898],[126.1806335450002,-8.643320083999924],[126.18286132800006,-8.642769813999962],[126.1857223510001,-8.63941955599995],[126.18810272200005,-8.638689994999936],[126.18882751500007,-8.63768005399993],[126.1886215210003,-8.636210441999935],[126.1896286010001,-8.633419990999869],[126.19140625000023,-8.631219863999831],[126.19416809100005,-8.630149840999934],[126.19600677500011,-8.626420020999888],[126.19483184800015,-8.621950149999975],[126.19560241700003,-8.62010955799991],[126.19438171400009,-8.61822032899994],[126.19116973900009,-8.615819930999976],[126.19140625000023,-8.613100051999936],[126.19088745100021,-8.61170959499998],[126.1928405760001,-8.608819961999927],[126.19657135000023,-8.60620021799997],[126.19510650600012,-8.603409766999903],[126.19262695300006,-8.601249694999979],[126.1917572020003,-8.599610328999972],[126.19210815400004,-8.594730376999962],[126.19277191200024,-8.593230246999894],[126.19436645500014,-8.592329978999942],[126.19406127900004,-8.588419913999871],[126.19493866000016,-8.587550162999946],[126.19508361800001,-8.585559844999864],[126.19595336900011,-8.584830283999963],[126.19573974600019,-8.58207035099997],[126.19674682600032,-8.581029891999947],[126.1968536380001,-8.579110145999891],[126.19493103000002,-8.576530456999876],[126.19412994400034,-8.576359748999892],[126.19245147700008,-8.571619986999963],[126.1910934450002,-8.572489737999945],[126.19061279300001,-8.573599814999966],[126.19014740000034,-8.572560309999858],[126.18937683100012,-8.57349967999994],[126.18927764900002,-8.570540427999958],[126.1878814700001,-8.570500373999948],[126.18620300300006,-8.568369864999966],[126.18491363500016,-8.563989638999942],[126.1850814820001,-8.562100409999914],[126.18421173100012,-8.561059951999823],[126.18530273400006,-8.55955982199987],[126.1841812130001,-8.558790206999959],[126.18466949500021,-8.554639815999906],[126.18414306600005,-8.553110122999897],[126.18470001200012,-8.552550315999952],[126.18222045900006,-8.550419806999969],[126.18254089400034,-8.549269675999938],[126.18118286100002,-8.548709868999822],[126.18228912400014,-8.547570228999916],[126.18148803700001,-8.546239852999975],[126.1815338130001,-8.54415035199986],[126.1805801390002,-8.542929648999916],[126.18093109100028,-8.542300223999973],[126.18225860600012,-8.542550086999881],[126.18277740500014,-8.541330337999966],[126.18218994100016,-8.54063034099994],[126.17952728300008,-8.5403499599999],[126.18013000500025,-8.539340018999951],[126.18302154500009,-8.538220405999937],[126.18253326400009,-8.536310195999874],[126.18316650400004,-8.534210204999965],[126.1823577880001,-8.530830382999966],[126.183647156,-8.530489921999958],[126.1859207150003,-8.527939795999941],[126.18274688700023,-8.523759841999947],[126.17989349400011,-8.522640227999943],[126.17912292500012,-8.51996040299997],[126.16937255900018,-8.514160155999946],[126.16546630900007,-8.509599685999888],[126.16258239700005,-8.50378990199988],[126.16103363000002,-8.495499610999957],[126.16821289100028,-8.495929717999957],[126.17722320600001,-8.500590323999916],[126.18316650400004,-8.502300261999892],[126.18763732900004,-8.502670287999877],[126.1921234130001,-8.501669883999966],[126.1959762570001,-8.499199866999959],[126.20674896200012,-8.494859694999946],[126.21750640900018,-8.497460364999938],[126.22531890900018,-8.498430251999878],[126.22988128700001,-8.501370429999895],[126.23597717300004,-8.502519607999943],[126.2412033080002,-8.500080108999953],[126.24964141800012,-8.492980002999957],[126.25479126000005,-8.486289977999945],[126.26062011700014,-8.486709594999923],[126.26435089100005,-8.485170363999941],[126.26767730700033,-8.484889983999892],[126.2753295900003,-8.480839728999968],[126.27591705300017,-8.481559752999885],[126.27908325200019,-8.480950355999823],[126.28710937500023,-8.475549697999895],[126.29161071800002,-8.471520423999948],[126.29302978500016,-8.469160079999938]]]}},{"type":"Feature","properties":{"id":"TL0306","name":"Venilale","muni_id":"TL03","muni_name":"Baucau","_lon":126.39618,"_lat":-8.63913,"_bbox":[126.29079,-8.70311,126.46936,-8.57382]},"geometry":{"type":"Polygon","coordinates":[[[126.3890762330002,-8.573820113999886],[126.39214325000034,-8.575819968999895],[126.39356231700003,-8.574669837999977],[126.39568328900009,-8.574560164999923],[126.40025329600007,-8.577289580999832],[126.40386962900004,-8.576939582999898],[126.40519714400023,-8.57793044999994],[126.40756225600012,-8.577659606999873],[126.4090728760001,-8.57820987699995],[126.41364288300008,-8.577050208999935],[126.42270660400004,-8.578780173999974],[126.42819213900009,-8.575790404999964],[126.43041992200017,-8.576530456999876],[126.43129730200008,-8.575799941999946],[126.43338775600023,-8.577610015999937],[126.43524169900002,-8.57711982699982],[126.43678283700001,-8.577610015999937],[126.43940734900025,-8.580030440999963],[126.44438934300001,-8.579509734999931],[126.44555664100017,-8.580809592999913],[126.44806671100002,-8.580459594999923],[126.4494934080002,-8.581179618999897],[126.45053863500004,-8.580269813999962],[126.45242309600008,-8.580699920999905],[126.45475769000018,-8.582090377999918],[126.45549774200015,-8.583239554999977],[126.45572662400002,-8.585100173999933],[126.45417785600011,-8.588000297999884],[126.4559707640002,-8.591239928999812],[126.45432281500018,-8.594719886999883],[126.45121002200005,-8.595140456999957],[126.45279693600014,-8.600509643999942],[126.45420074500021,-8.601840018999951],[126.45622253400006,-8.599499701999946],[126.46086120600012,-8.595939635999912],[126.46289062500011,-8.597640037999895],[126.46505737300015,-8.598420142999885],[126.46452331500006,-8.600370406999957],[126.46289825400015,-8.601490020999961],[126.46219635000011,-8.605070113999886],[126.46308136000005,-8.606140136999954],[126.46587371800013,-8.606209754999952],[126.46566772500023,-8.610110282999926],[126.46398162800006,-8.610939979999898],[126.46230316200013,-8.610730170999943],[126.46098327600009,-8.609780311999941],[126.45918273900008,-8.610980033999908],[126.45881652800006,-8.612700461999907],[126.45938873300008,-8.613690375999909],[126.46140289300013,-8.61293029799998],[126.46192932100018,-8.61371040299997],[126.46121978800034,-8.616020202999948],[126.46218109100005,-8.61767959599996],[126.46022033700001,-8.62065029099989],[126.46037292500034,-8.62215995799994],[126.46315002400002,-8.623820304999981],[126.46604156500007,-8.623510360999944],[126.46726989700005,-8.624059676999877],[126.4690780640002,-8.6261596679999],[126.46936035200008,-8.627579688999901],[126.46782684300001,-8.630100249999941],[126.46317291300022,-8.632450103999929],[126.46087646500007,-8.63786983499989],[126.45863342300015,-8.64039039599993],[126.45883178700001,-8.641670226999963],[126.45749664300001,-8.64286994899993],[126.4541473390002,-8.6435699459999],[126.45482635500025,-8.646759986999882],[126.45452117900004,-8.647970199999918],[126.45046234100016,-8.652709960999971],[126.44831085200019,-8.653750419999824],[126.4489593510001,-8.656209945999933],[126.4468536380001,-8.657239913999888],[126.44609069800003,-8.66047000899988],[126.44468689000018,-8.662039756999832],[126.44521331800001,-8.663009643999942],[126.44766235400004,-8.66300010699996],[126.44835662800006,-8.665060042999869],[126.44785308800033,-8.6666803359999],[126.45007324200003,-8.667160033999892],[126.45031738300008,-8.669449805999932],[126.45480346700015,-8.671640395999873],[126.45126342800006,-8.673020362999921],[126.45088958700012,-8.673789977999945],[126.45292663600003,-8.677160262999905],[126.45285797100007,-8.679759978999869],[126.45334625200007,-8.680219649999913],[126.45471954300012,-8.679679870999905],[126.45482635500025,-8.682880401999967],[126.45616149900002,-8.683699607999813],[126.45539856000005,-8.685959815999922],[126.45130157500012,-8.685680388999913],[126.45012664800015,-8.686180114999956],[126.45008087200006,-8.689740180999934],[126.45278167700019,-8.692500113999927],[126.44853973400029,-8.695119857999885],[126.44863128700001,-8.697879790999878],[126.4475173950002,-8.700860022999905],[126.44410705600001,-8.701740264999898],[126.4434280400003,-8.702930449999883],[126.44229126000005,-8.703109740999878],[126.42646026600005,-8.699460029999898],[126.3995132450001,-8.690219878999926],[126.39787292500023,-8.68861007699985],[126.3946762080003,-8.681389808999938],[126.3948593140002,-8.677510261999828],[126.39240264900002,-8.676699637999889],[126.39189147900004,-8.67525958999994],[126.39000701900011,-8.673649787999977],[126.39008331300022,-8.66977024099998],[126.38955688500016,-8.668519973999878],[126.39002227800017,-8.665450095999915],[126.3928527830002,-8.663339614999927],[126.39437866200001,-8.660659789999954],[126.39716339100016,-8.66012954699994],[126.39452362100008,-8.657340049999902],[126.39315795900006,-8.65876007099996],[126.39131927500011,-8.6572103499999],[126.38851928700012,-8.657250403999967],[126.3871002200002,-8.656330108999839],[126.38593292200005,-8.658379554999954],[126.38368988000013,-8.658419608999964],[126.38371276900011,-8.659210204999908],[126.38474273700024,-8.659859656999913],[126.38456726100014,-8.660799979999922],[126.3804168700002,-8.660180091999962],[126.37991333000025,-8.662859916999935],[126.37789154100005,-8.663129806999962],[126.37741851800024,-8.664489745999958],[126.37558746300022,-8.66617011999989],[126.37400817900004,-8.666749953999897],[126.37155914300013,-8.666319846999954],[126.36932373000002,-8.666870116999974],[126.36678314200014,-8.666190146999952],[126.36373138400006,-8.669520377999902],[126.36177063000014,-8.669199943999956],[126.36103057900027,-8.670510291999904],[126.36000824000018,-8.67028999299987],[126.35875701900011,-8.672809600999926],[126.35655212400002,-8.672060012999964],[126.35640716600005,-8.673560142999918],[126.35804748500004,-8.67529964399995],[126.35726165800008,-8.676210402999914],[126.3576736450002,-8.677740096999912],[126.3541030880001,-8.67735004399998],[126.35366821300022,-8.678750037999976],[126.35137939500021,-8.68103027299992],[126.34860229500009,-8.68171024299994],[126.34687805200019,-8.683309554999937],[126.34313964800015,-8.684269904999837],[126.34171295200008,-8.684180259999948],[126.33789825400004,-8.681369780999944],[126.33569335900017,-8.67765998799996],[126.33467865000011,-8.674260138999955],[126.33248138400006,-8.673049926999965],[126.33081054700006,-8.673310279999953],[126.3283996580002,-8.675149917999931],[126.32363128700013,-8.676159858999824],[126.32238769500009,-8.67897033699984],[126.31967926000004,-8.679840087999935],[126.3169937130001,-8.681590079999978],[126.31392669700006,-8.681260108999936],[126.31186676000004,-8.68237972299994],[126.30886077900027,-8.682229995999876],[126.30631256100014,-8.681309699999929],[126.3009567260001,-8.676449775999913],[126.29118347200006,-8.67028999299987],[126.29078674300001,-8.66981029499982],[126.29216003400006,-8.66959953299994],[126.29501342800006,-8.670479773999944],[126.30621337900004,-8.664719581999975],[126.31172180200008,-8.65915012399995],[126.31374359100016,-8.658530234999887],[126.31812286400009,-8.654600142999868],[126.31906127900015,-8.650919913999928],[126.32232666000004,-8.651189803999955],[126.32470703100012,-8.649829864999958],[126.32832336400008,-8.643699645999902],[126.34310150100009,-8.627920150999842],[126.34631347700008,-8.623120307999955],[126.34879303000002,-8.62240028399998],[126.35208129900002,-8.620019912999965],[126.35565948500016,-8.619790076999948],[126.36170959500032,-8.61795043899997],[126.36464691200013,-8.614370345999873],[126.36472320600001,-8.61320018799995],[126.36739349400011,-8.61201953899996],[126.37210845900006,-8.607549666999944],[126.36829376200001,-8.60262012499993],[126.36530304000007,-8.596940040999925],[126.36506652800017,-8.595399856999904],[126.36337280300006,-8.594599723999977],[126.36168670700022,-8.589630126999907],[126.35649871800001,-8.58454990399997],[126.35794067400002,-8.583319663999873],[126.36076355000012,-8.57888984699997],[126.36277771000016,-8.577770232999967],[126.36731720000023,-8.578849791999971],[126.37039184600008,-8.578809737999904],[126.37399292000009,-8.580240249999974],[126.37889862100008,-8.579250335999973],[126.38481140100009,-8.579039573999921],[126.38565063500005,-8.575550078999981],[126.3872528080002,-8.575460433999922],[126.3890762330002,-8.573820113999886]]]}},{"type":"Feature","properties":{"id":"TL0601","name":"Vera Cruz","muni_id":"TL06","muni_name":"Dili","_lon":125.5603,"_lat":-8.58666,"_bbox":[125.5268,-8.62759,125.59543,-8.54819]},"geometry":{"type":"Polygon","coordinates":[[[125.5649871830002,-8.548219680999921],[125.5688171390002,-8.548190116999876],[125.5700531010001,-8.548890113999903],[125.57472991900022,-8.553589820999889],[125.5792770390002,-8.553190230999974],[125.57981109600007,-8.554869651999923],[125.57975006100003,-8.560339927999905],[125.58258819600019,-8.56704044299994],[125.58442688000002,-8.56890010799998],[125.58290100100021,-8.571470260999888],[125.58265686000016,-8.574740409999947],[125.58551025400016,-8.574609755999973],[125.58560943600003,-8.572719573999962],[125.58685302700019,-8.572299956999814],[125.58637237500034,-8.571410178999884],[125.58907318100034,-8.571129798999891],[125.58783721900022,-8.57223987599997],[125.58647918700012,-8.575940131999971],[125.58455658000014,-8.576530456999876],[125.58583831800013,-8.578339576999952],[125.58379364000007,-8.58080005599993],[125.58426666300022,-8.581609725999954],[125.58254241900022,-8.581959723999944],[125.583702087,-8.582480430999965],[125.58376312300015,-8.583530425999982],[125.58204650900018,-8.58915996599984],[125.58291626000016,-8.595450400999937],[125.58229064900013,-8.595350265999969],[125.58083343500005,-8.592140197999868],[125.57996368400006,-8.591919898999947],[125.58029937700007,-8.592579841999907],[125.57977294900002,-8.59220027899994],[125.57937622100008,-8.592920302999914],[125.58016204800015,-8.596579551999923],[125.57898712200006,-8.59912967699995],[125.5824127200002,-8.600970267999855],[125.58551025400016,-8.59815978999984],[125.58695983900009,-8.599989890999893],[125.58838653600014,-8.59947013899989],[125.58898162800017,-8.600870131999898],[125.59117889400022,-8.599780082999871],[125.59306335400004,-8.601590156999976],[125.59541320800008,-8.601369857999941],[125.59542846700003,-8.602290153999888],[125.5944137570001,-8.603610038999932],[125.5919494630001,-8.603810309999915],[125.59018707300015,-8.604929923999919],[125.58912658700001,-8.606869697999912],[125.58969116200001,-8.609479903999954],[125.58361053500005,-8.614410399999883],[125.58003997800017,-8.619540214999972],[125.57585907000009,-8.620300292999957],[125.57586669900013,-8.621999740999968],[125.57380676300022,-8.622449874999916],[125.5736236570001,-8.623559951999937],[125.57280731200001,-8.623999595999976],[125.56997680700022,-8.624810218999926],[125.56870269800004,-8.62471961999995],[125.5676879880001,-8.623499869999932],[125.56697082500034,-8.624170302999971],[125.56569671600005,-8.624059676999877],[125.5651931760001,-8.625639914999908],[125.5665588380001,-8.626029967999955],[125.56629180900029,-8.626870154999892],[125.56281280500002,-8.62759017899998],[125.56133270300018,-8.626680373999932],[125.55975341800013,-8.626689910999914],[125.55821991000005,-8.625269889999913],[125.55541229200014,-8.624019622999981],[125.5531387330002,-8.623390197999925],[125.55042266800012,-8.62407970399994],[125.54840087900004,-8.621700286999896],[125.5444564820001,-8.623009681999974],[125.54255676300022,-8.620189666999977],[125.53764343300008,-8.617609977999962],[125.53500366200012,-8.61546039599989],[125.52810668900008,-8.613349914999901],[125.52719879200004,-8.610030173999917],[125.52680206300033,-8.60399341599998],[125.52790832500023,-8.597940444999892],[125.52974700900006,-8.595680236999954],[125.5320129390002,-8.594479560999957],[125.53357696500007,-8.590709685999968],[125.53618621800024,-8.590660094999976],[125.53971862800017,-8.581830024999874],[125.54136657700019,-8.579350470999884],[125.54173278800033,-8.577110290999826],[125.54123687700007,-8.576430320999975],[125.5433731080002,-8.577679633999935],[125.54387664800026,-8.580840110999873],[125.54506683300008,-8.581569671999944],[125.55991363500016,-8.584159850999924],[125.56159973100023,-8.583720206999885],[125.56289672900004,-8.582489966999958],[125.56375122100008,-8.578289985999902],[125.56697082500034,-8.573780059999876],[125.56694030800008,-8.57254981999995],[125.56566619900002,-8.57071018199997],[125.56578826900022,-8.56245040899995],[125.56420898400017,-8.556870460999903],[125.5649871830002,-8.548219680999921]]]}},{"type":"Feature","properties":{"id":"TL1304","name":"Viqueque","muni_id":"TL13","muni_name":"Viqueque","_lon":126.30013,"_lat":-8.83735,"_bbox":[126.11115,-8.99104,126.52454,-8.68324]},"geometry":{"type":"Polygon","coordinates":[[[126.23986816400009,-8.68544006299993],[126.23870086700003,-8.685810088999972],[126.23979187000009,-8.686759948999963],[126.24565124500009,-8.686349868999969],[126.2450866700002,-8.688440322999838],[126.246147156,-8.688750266999818],[126.24854278600014,-8.687540053999953],[126.25051879900013,-8.68533039099998],[126.2515106200002,-8.685210227999903],[126.25425720200008,-8.68760967299994],[126.25489044200003,-8.689200400999937],[126.25640106200001,-8.690070151999976],[126.25496673600003,-8.690679549999913],[126.25277710000023,-8.693710326999962],[126.2550582890002,-8.694169997999893],[126.25538635300018,-8.697959899999944],[126.25610351600005,-8.69931983899994],[126.25588989300024,-8.701899528999945],[126.25518035900018,-8.702960013999927],[126.2555465700002,-8.706210135999982],[126.25308227500011,-8.714900016999934],[126.25377655000011,-8.717530250999971],[126.2534408570001,-8.719730376999905],[126.2549819950001,-8.721559524999918],[126.25525665300006,-8.722960471999954],[126.25437164300001,-8.727459907999958],[126.25537872300004,-8.730790137999918],[126.2546234130001,-8.734080314999915],[126.25543212900004,-8.736180304999948],[126.2554931640002,-8.74217033399998],[126.25409698500005,-8.745360373999858],[126.25420379600007,-8.747050284999887],[126.25540924100005,-8.749589919999949],[126.25898742700008,-8.752209662999917],[126.25980377200017,-8.7549695969999],[126.26289367700008,-8.756919860999972],[126.26428985600012,-8.75706005099994],[126.26412200900018,-8.758749961999968],[126.26611328100023,-8.76259994499992],[126.26892089800015,-8.763589858999978],[126.27082061800013,-8.766880034999872],[126.27082824700005,-8.768309592999913],[126.26952362100019,-8.769869803999882],[126.27023315400015,-8.77268981899988],[126.26776886000005,-8.77884006499994],[126.26904296900034,-8.781069755999852],[126.27010345500003,-8.791500091999978],[126.27332305900006,-8.795499801999824],[126.27422332800006,-8.79928016699995],[126.27912139900002,-8.806389808999882],[126.28370666500007,-8.810890197999925],[126.28401184100005,-8.813050269999962],[126.282920837,-8.815119742999968],[126.28211975100021,-8.821430205999832],[126.28298950200008,-8.823740004999877],[126.28769683800022,-8.83036994899993],[126.29097747800006,-8.830889701999922],[126.29181671100014,-8.829669951999904],[126.2934265140002,-8.829620360999968],[126.29900360100021,-8.82756996199987],[126.30535125700032,-8.828590392999956],[126.31839752200005,-8.832139968999911],[126.32562255900018,-8.83222961399997],[126.33054351800013,-8.831529616999944],[126.33212280300017,-8.829859733999967],[126.33422851600005,-8.829919814999869],[126.36670684800004,-8.834600448999936],[126.37238311800002,-8.834030150999979],[126.37460327100007,-8.835049628999968],[126.3771820070001,-8.837840079999921],[126.3803634640002,-8.833680152999875],[126.38501739500009,-8.831620215999976],[126.38639068600025,-8.828989982999872],[126.3888473510001,-8.828490256999828],[126.39293670700022,-8.826199531999919],[126.39766693100023,-8.825989722999964],[126.39880371100014,-8.826970099999812],[126.4030532840003,-8.827150344999893],[126.41058349600007,-8.825269698999875],[126.41253662100007,-8.826339721999943],[126.41893005400016,-8.822839736999924],[126.42458343500016,-8.827280044999952],[126.4285736080003,-8.827850341999977],[126.43232727100008,-8.826860427999975],[126.43670654300013,-8.824460029999955],[126.43874359100005,-8.821120261999852],[126.44007873500004,-8.82024955699984],[126.44920349100005,-8.817930221999973],[126.45334625200007,-8.815259932999822],[126.45439910900006,-8.81567001299993],[126.45673370400004,-8.814220427999942],[126.45852661100002,-8.815259932999822],[126.46057128900009,-8.814470290999964],[126.4630432130001,-8.814970015999904],[126.46363830600012,-8.814459800999941],[126.46466064500021,-8.815039634999891],[126.46665191700015,-8.814410209999949],[126.46798706100026,-8.814920424999968],[126.46878814700028,-8.814060210999855],[126.4704132080002,-8.814749717999973],[126.47538757300015,-8.813750266999875],[126.47766113300008,-8.814539908999848],[126.47794342000009,-8.815099715999963],[126.47619628900009,-8.81694984399985],[126.47550964400034,-8.820079802999828],[126.47583770800009,-8.821980475999965],[126.48384857200006,-8.828000068999927],[126.4833679200002,-8.831910132999894],[126.48372650100009,-8.834059714999967],[126.48504638700012,-8.835619925999879],[126.48744964600007,-8.83685970299996],[126.48951721200012,-8.840709685999855],[126.49330902100007,-8.842060088999915],[126.49833679200026,-8.855019568999978],[126.4991226200001,-8.855460166999933],[126.50028228800011,-8.853730201999895],[126.5007934570001,-8.854439734999971],[126.50057220500003,-8.85583972899991],[126.50126647900015,-8.854680060999954],[126.50240325900006,-8.85468959799988],[126.50331115700021,-8.856189727999833],[126.50758361800013,-8.858010291999904],[126.50923156700014,-8.859569549999947],[126.50891113300008,-8.86166953999998],[126.5105819700002,-8.862330436999969],[126.50972747800006,-8.863059997999926],[126.51139831500018,-8.865300178999917],[126.51085662800006,-8.866319655999973],[126.51486206100003,-8.86849021899991],[126.51544952400025,-8.868040084999961],[126.5159530640002,-8.869110106999926],[126.51821136500007,-8.870450019999964],[126.51817321800002,-8.873000144999935],[126.51917266800012,-8.873590468999907],[126.5205307010001,-8.87322044399997],[126.5217132570001,-8.874529838999933],[126.5223770140002,-8.873849868999969],[126.52359008800022,-8.874219893999964],[126.52454376200023,-8.876469611999937],[126.52377319300001,-8.879280089999952],[126.52071380600012,-8.885000228999843],[126.51792144800015,-8.889329909999958],[126.5121765140002,-8.896089553999957],[126.5083236690001,-8.902830123999934],[126.50435638400006,-8.912529944999903],[126.5040817260001,-8.914489745999902],[126.49951934800004,-8.922630309999931],[126.49754333500005,-8.92831039399988],[126.49582672100018,-8.931409835999943],[126.49305725100032,-8.93358993499993],[126.49250793500005,-8.935179709999943],[126.49098205600001,-8.934679984999946],[126.4902572630001,-8.936829566999904],[126.48867034900013,-8.936420440999882],[126.48758697500011,-8.937179564999838],[126.48439025900018,-8.940580367999928],[126.484428406,-8.942689895999933],[126.47969818100012,-8.946769713999913],[126.4780197140002,-8.947449683999935],[126.47408294700017,-8.94738006599988],[126.47148132300003,-8.948010444999966],[126.46904754600018,-8.947620391999976],[126.46144104000018,-8.949540137999975],[126.45670318600003,-8.951589583999919],[126.45294952400013,-8.950579642999912],[126.45047760000023,-8.947710036999979],[126.44907379200004,-8.947090148999962],[126.44288635300018,-8.94816970799991],[126.43824768100001,-8.947710036999979],[126.43591308600003,-8.946530341999903],[126.42980194100005,-8.948780059999876],[126.42447662400025,-8.948120116999917],[126.42272949200014,-8.949139594999963],[126.42017364500009,-8.94719982099997],[126.41343689000007,-8.946399688999918],[126.40409851100003,-8.948309897999877],[126.39153289800015,-8.952529906999928],[126.3889770510001,-8.952799796999955],[126.38597869900002,-8.95436000799998],[126.37439727800006,-8.956649779999907],[126.35246276900011,-8.963379859999975],[126.31511688200021,-8.977120398999887],[126.30371856700003,-8.9821300509999],[126.29936218300008,-8.981829642999912],[126.2854080200002,-8.983180045999973],[126.26920318600003,-8.97953033399989],[126.25077819800003,-8.977660178999884],[126.24710845900006,-8.976590156999976],[126.22862243700013,-8.974929809999935],[126.21414184600008,-8.974390029999938],[126.20437622100019,-8.97554016099997],[126.19814300500013,-8.97490024599989],[126.18685150100009,-8.97692012799996],[126.1766204830003,-8.980369567999958],[126.16413116500007,-8.986499785999968],[126.15241241500019,-8.991040229999953],[126.14869689900002,-8.987680434999959],[126.14929962200006,-8.985420226999963],[126.14890289300001,-8.984430312999962],[126.14750671400009,-8.983699798999908],[126.14512634300002,-8.984230041999922],[126.14353179900013,-8.983699798999908],[126.14333343500005,-8.980649947999893],[126.14221191400009,-8.978010177999977],[126.1424713130001,-8.976940154999909],[126.14386749300002,-8.976409911999895],[126.14227294900002,-8.973429679999981],[126.1428833010001,-8.97204017599995],[126.14394378700024,-8.971710204999908],[126.14453125000011,-8.96885967299994],[126.14121246300022,-8.968529700999909],[126.14128112800029,-8.965880393999896],[126.13842773400006,-8.965149878999966],[126.13754272500012,-8.961919784999964],[126.13223266600005,-8.961979865999865],[126.13083648700001,-8.961319922999962],[126.1264572140002,-8.951709746999938],[126.1220932010001,-8.95277023299991],[126.12042999300002,-8.951709746999938],[126.11930847200006,-8.94892978699994],[126.11837768600014,-8.94826984399998],[126.11327362100008,-8.947799682999971],[126.11115264900013,-8.946209907999958],[126.11504364000007,-8.94027996099993],[126.11965942400013,-8.936639785999944],[126.12283325200019,-8.935649871999942],[126.1246871950002,-8.931150435999939],[126.18991851800001,-8.891579627999931],[126.20390319800003,-8.88523960099991],[126.2080230710003,-8.88516044599993],[126.21350097700008,-8.886070250999978],[126.21602630600034,-8.888759612999934],[126.21771240200007,-8.888480185999981],[126.21826934800015,-8.890020369999888],[126.2176437380001,-8.89326953899996],[126.21936798100035,-8.89840030699986],[126.21914672900016,-8.90106010399984],[126.21968841600017,-8.902600287999974],[126.22753906200012,-8.903120040999909],[126.23016357400002,-8.906290053999953],[126.23306274400011,-8.90721988699994],[126.23539733900009,-8.905699729999924],[126.23872375500014,-8.904879569999935],[126.24230957000009,-8.901969909999877],[126.24221038800022,-8.899999618999914],[126.24046325700033,-8.897150039999872],[126.2376098630001,-8.888070106999919],[126.23738861100014,-8.885000228999843],[126.23516082800006,-8.883159636999949],[126.23689270000023,-8.882809638999959],[126.23651123000013,-8.879529952999917],[126.23847961400008,-8.877619742999968],[126.24030304000019,-8.872110366999948],[126.24022674600008,-8.870120048999922],[126.23813629200026,-8.86740016899995],[126.23126220700021,-8.864029883999876],[126.23055267300015,-8.859390258999952],[126.22817230200008,-8.858149528999888],[126.22402191200001,-8.853159903999881],[126.22367095900006,-8.851180076999924],[126.22451782200005,-8.850159644999962],[126.2240676880001,-8.84751033799995],[126.22498321500007,-8.845859527999892],[126.22342681900011,-8.84142017399995],[126.22329711900022,-8.83897018399989],[126.22360992400002,-8.836739539999883],[126.22515106200001,-8.83370971699992],[126.22437286400009,-8.831939696999939],[126.22538757300015,-8.82975006099997],[126.22086334200003,-8.821889876999933],[126.219161987,-8.814829825999936],[126.22221374500009,-8.809470176999923],[126.22070312500011,-8.80261039699991],[126.22374725300017,-8.795920371999955],[126.22463989300013,-8.792309760999842],[126.22313690200019,-8.787540435999915],[126.22383880600034,-8.782529830999977],[126.22129821800013,-8.777009963999944],[126.22128295900018,-8.775239943999964],[126.22252655000011,-8.772760390999963],[126.22595214800003,-8.770689963999871],[126.22811889600007,-8.768489837999937],[126.22884368900009,-8.767149924999899],[126.22895050000034,-8.764760016999958],[126.23050689700005,-8.761599540999953],[126.22846221900022,-8.757880210999872],[126.22760009800015,-8.75321006799993],[126.22567749000007,-8.751440047999893],[126.22541809100005,-8.750180243999864],[126.22611236600017,-8.747480391999943],[126.22839355500003,-8.7444400789999],[126.22736358600014,-8.731969832999937],[126.23142242400002,-8.726590156999976],[126.23111724900014,-8.725399970999888],[126.22905731200012,-8.72336006199987],[126.22950744600007,-8.71689033499996],[126.22827148400029,-8.714699744999962],[126.22844696000004,-8.712100028999885],[126.22572326700003,-8.710740088999898],[126.2224731450001,-8.706689834999906],[126.22106933600003,-8.698060035999958],[126.2264785770002,-8.697999953999954],[126.22875976600005,-8.696410178999884],[126.22776031500018,-8.693739890999836],[126.22769165000011,-8.691329955999834],[126.23013305700022,-8.688019752999935],[126.23171997100008,-8.683830260999969],[126.2327804570001,-8.683500289999927],[126.23291778600014,-8.685070037999935],[126.23435974100016,-8.685859679999908],[126.23773956300022,-8.683239936999883],[126.23998260500002,-8.684329986999899],[126.23986816400009,-8.68544006299993]]]}},{"type":"Feature","properties":{"id":"TL0507","name":"Zumalai","muni_id":"TL05","muni_name":"Covalima","_lon":125.42321,"_lat":-9.13285,"_bbox":[125.35977,-9.26109,125.54024,-9.00646]},"geometry":{"type":"Polygon","coordinates":[[[125.43650054900013,-9.006460189999927],[125.44071960400004,-9.010210036999922],[125.44091033900008,-9.011619567999958],[125.44270324700017,-9.013440131999971],[125.44344329800003,-9.015480041999979],[125.44355011000016,-9.018630027999848],[125.4459228520002,-9.021080016999974],[125.44806671100002,-9.021920203999912],[125.44856262200005,-9.024660109999957],[125.44978332500011,-9.02597045899995],[125.44918823200032,-9.027620315999854],[125.44995117200006,-9.028820037999822],[125.4495162960003,-9.030209540999863],[125.44750213600014,-9.031729697999936],[125.44521331800024,-9.03791999799995],[125.44599914600008,-9.040530204999811],[125.44925689700005,-9.042079925999872],[125.44905090300006,-9.042650222999896],[125.44779968300008,-9.042349814999909],[125.44788360600023,-9.044690131999914],[125.44686889600007,-9.047840117999954],[125.44877624500009,-9.050279616999944],[125.44782257100007,-9.05235004399998],[125.4454879760001,-9.054329871999926],[125.44434356700015,-9.061829566999961],[125.45011138900009,-9.064649581999902],[125.4629135130001,-9.066049575999898],[125.46762085000012,-9.070050239999887],[125.46897888200021,-9.073060035999958],[125.47297668500016,-9.07474994699993],[125.47522735600012,-9.07773971599994],[125.47511291500018,-9.088769912999965],[125.47592163100012,-9.09130954699998],[125.47998046900022,-9.098290442999883],[125.48124694800003,-9.106590270999959],[125.48071289100005,-9.109580039999969],[125.47839355500014,-9.11324024199996],[125.47791290300017,-9.116490363999958],[125.47448730500003,-9.1241102219999],[125.4742431640002,-9.127809524999975],[125.48200225800008,-9.131750106999903],[125.48609924300001,-9.131609916999935],[125.48677063000002,-9.134019851999938],[125.48861694300012,-9.135709762999966],[125.49485778800022,-9.138139724999917],[125.494552612,-9.138719558999867],[125.49587249800015,-9.139749526999822],[125.49461364700016,-9.141469954999877],[125.49643707300004,-9.14367961899984],[125.50277710000012,-9.14313030199986],[125.50438690200008,-9.141719817999956],[125.50950622600021,-9.144069671999944],[125.51293945300017,-9.144659995999973],[125.5140533450001,-9.144240378999939],[125.51512146000016,-9.144789695999918],[125.51618957500011,-9.143639564999887],[125.51892852800017,-9.145910262999905],[125.52052307100007,-9.14538955699993],[125.52308654800015,-9.146160125999927],[125.52475738500004,-9.147270202999891],[125.52498626700003,-9.155269622999924],[125.52747345000023,-9.155779838999933],[125.5284194950001,-9.157670020999944],[125.5308609010001,-9.15791988399991],[125.54023742700019,-9.161769866999975],[125.53787994400022,-9.16767978699994],[125.53582763700001,-9.175550460999943],[125.53295898400006,-9.180509566999888],[125.53154754600018,-9.187140464999914],[125.52825164800015,-9.19184970899994],[125.52835845900017,-9.196900367999945],[125.52958679200026,-9.204339980999976],[125.52728271500018,-9.20730018599994],[125.52809906000005,-9.209690093999882],[125.52728271500018,-9.212050437999949],[125.52745819100005,-9.212989806999872],[125.5294723510001,-9.213890075999927],[125.52863311800002,-9.216030120999903],[125.52989959700017,-9.21751975999996],[125.52863311800002,-9.219429969999908],[125.52549743700001,-9.222180366999964],[125.52292633100012,-9.222820281999873],[125.51795196500007,-9.222760200999971],[125.50810241700015,-9.224510192999958],[125.49276733400006,-9.230010032999928],[125.48179626500018,-9.236060142999861],[125.4566421510001,-9.251770019999924],[125.45387268100023,-9.25228977199987],[125.45253753700013,-9.25360012099992],[125.4482116700002,-9.255390166999973],[125.4318923950002,-9.261090278999973],[125.43383789100005,-9.251600265999912],[125.43467712400013,-9.250459670999874],[125.43393707300015,-9.244669913999928],[125.43283081100003,-9.242750167999873],[125.4305572510001,-9.241180419999921],[125.43084716800001,-9.239740371999972],[125.42819976800013,-9.237460135999982],[125.42768096900011,-9.235440253999911],[125.42886352500011,-9.233139991999906],[125.42552185100033,-9.228969573999905],[125.42627716100014,-9.22595024099985],[125.4236679080002,-9.223529815999939],[125.42304992700008,-9.220970153999929],[125.4212036130001,-9.21905040699994],[125.42041778600003,-9.216329574999975],[125.4191970830002,-9.215270041999815],[125.41770172100007,-9.215479850999941],[125.41307830800008,-9.213829993999923],[125.41129303000014,-9.209269523999978],[125.40885925300029,-9.20734023999995],[125.40759277300015,-9.205269813999905],[125.40733337400025,-9.203269957999908],[125.40392303500005,-9.19952011099997],[125.40361022900015,-9.197620391999976],[125.40091705300006,-9.194540023999934],[125.39898681600016,-9.188699721999967],[125.3964004520002,-9.186180114999956],[125.39601135300006,-9.182700156999886],[125.39328002900004,-9.177020072999937],[125.39306640600023,-9.173500060999913],[125.39441680900006,-9.171750068999813],[125.39486694300001,-9.169239997999966],[125.39219665500025,-9.159709929999963],[125.38925170900018,-9.157480239999927],[125.38710784900002,-9.154509543999893],[125.38524627700019,-9.153639792999968],[125.37978363000002,-9.156450271999972],[125.37770843500005,-9.156620025999928],[125.37655639600018,-9.153470038999956],[125.3734283450001,-9.151689528999896],[125.37053680400004,-9.146599769999966],[125.36711120600012,-9.142279624999901],[125.36360168500005,-9.141340255999978],[125.3603210450002,-9.138310431999855],[125.35977172900004,-9.133959769999933],[125.36045837400013,-9.130160331999889],[125.3616561890002,-9.12808990499991],[125.36389923100012,-9.126079558999947],[125.3654632570001,-9.119239806999872],[125.36747741700015,-9.117580413999974],[125.36869049100028,-9.115570067999897],[125.36984252900004,-9.11503982499994],[125.37142944300024,-9.112310409999964],[125.37136840800008,-9.10832023599994],[125.3739395140002,-9.102529525999898],[125.37374115000011,-9.100449561999937],[125.37230682400013,-9.097570418999908],[125.36927032500012,-9.096320151999919],[125.36901855500003,-9.093290328999899],[125.36791992200006,-9.090209960999914],[125.36576080300017,-9.087710380999965],[125.36794281000016,-9.082940101999895],[125.36794281000016,-9.081720351999934],[125.37024688700012,-9.081870078999827],[125.37242889400011,-9.07796001399987],[125.37206268300008,-9.075730323999949],[125.37270355200008,-9.07380962399992],[125.37069702100007,-9.07256984699984],[125.37026214600007,-9.070770263999975],[125.36859130900007,-9.06892967199991],[125.36860656700026,-9.067339896999897],[125.36765289300001,-9.06583023099995],[125.36840820300006,-9.063309668999977],[125.37122345000012,-9.061880111999812],[125.37544250500014,-9.054570197999908],[125.37876892100019,-9.050510405999944],[125.38034820600001,-9.04967021899995],[125.38719177200016,-9.048279761999936],[125.39153289800015,-9.043049811999936],[125.39507293700001,-9.040289878999886],[125.39615631100014,-9.037389754999936],[125.3958129880001,-9.033289908999905],[125.39895629900002,-9.032449721999853],[125.40048217800006,-9.031220435999899],[125.40699768100012,-9.01980018599994],[125.40789794900002,-9.019240378999882],[125.40941619900002,-9.020019530999946],[125.41163635300006,-9.022999762999973],[125.41201019300001,-9.028510093999955],[125.41385650600012,-9.032609939999872],[125.41954803500005,-9.03822994199993],[125.4203262330002,-9.039979934999849],[125.42162323000025,-9.039999961999968],[125.42360687300015,-9.03810977899991],[125.42415618900031,-9.036109923999902],[125.42717742900004,-9.031880378999972],[125.43363952600009,-9.02562046099996],[125.4343032840003,-9.023679732999938],[125.43254852300015,-9.011489867999956],[125.43031311000004,-9.007820128999981],[125.43199157700008,-9.007300376999979],[125.4344100950002,-9.00759983099988],[125.43650054900013,-9.006460189999927]]]}}]}