{"type":"FeatureCollection","features":[{"type":"Feature","properties":{"id":"TL02","name":"Aileu","_lon":125.6625,"_lat":-8.7048,"_bbox":[125.45406,-8.8508,125.81771,-8.55917]},"geometry":{"type":"Polygon","coordinates":[[[125.69983673100023,-8.560350417999928],[125.70649719200003,-8.561679839999954],[125.71156311000016,-8.565529822999906],[125.71321106000005,-8.565819739999938],[125.71733093300008,-8.564539908999961],[125.7221908570001,-8.563969611999937],[125.72846984900002,-8.564470290999907],[125.7317504880001,-8.565770148999889],[125.73325347900004,-8.565600394999876],[125.73500824000018,-8.564299582999979],[125.73780059800015,-8.565039634999948],[125.73961639400011,-8.566949843999964],[125.74104309100005,-8.567520141999921],[125.74208831800001,-8.56719016999989],[125.74324035600011,-8.565710067999817],[125.74501037600021,-8.565509795999958],[125.74564361600017,-8.564769744999978],[125.74836731000028,-8.565509795999958],[125.75390625000011,-8.564220427999942],[125.7569580080002,-8.568110465999894],[125.76097869900002,-8.566659926999876],[125.76637268100012,-8.571220397999923],[125.76777648900008,-8.576069831999973],[125.7678527830002,-8.579890250999881],[125.7686004640002,-8.580820083999981],[125.76882934600008,-8.582880019999891],[125.77004241900022,-8.584420203999969],[125.76972198500016,-8.58572006199995],[125.77065277100007,-8.587400435999939],[125.76925659200026,-8.589550017999954],[125.76957702600009,-8.591179847999967],[125.76793670700022,-8.595800399999916],[125.76631164600019,-8.59700965899998],[125.76206207300015,-8.598270415999934],[125.75978088400018,-8.600090026999965],[125.75869751000005,-8.605119704999879],[125.76094055200019,-8.606380462999937],[125.76145172100007,-8.609230041999979],[125.76299285900006,-8.610059737999904],[125.76452636700014,-8.612299918999895],[125.76528167700008,-8.61248969999997],[125.76635742200006,-8.61174011199995],[125.7678527830002,-8.615989684999931],[125.76705169700017,-8.61649990099994],[125.76743316700015,-8.617810248999831],[125.76966857900015,-8.619299888999876],[125.7702713010001,-8.620880126999964],[125.77229309100005,-8.62158012399982],[125.77339935300029,-8.62298011799993],[125.77722930900006,-8.623539924999875],[125.77462768600003,-8.62917995499987],[125.77406311000004,-8.636599540999953],[125.77696228000013,-8.637949943999956],[125.77784729000018,-8.639249801999938],[125.77845001200012,-8.644949912999948],[125.77864074700005,-8.64554977399996],[125.7801437380001,-8.644989966999901],[125.78077697800006,-8.64597034499991],[125.78077697800006,-8.64857959699998],[125.7849731450001,-8.650210380999908],[125.7877197270002,-8.649929999999927],[125.78901672400013,-8.649089812999932],[125.78674316400009,-8.652910232999943],[125.786827087,-8.655810355999904],[125.78785705600023,-8.658510207999939],[125.78752899200015,-8.662240027999871],[125.78842163100012,-8.664669990999926],[125.79046630900007,-8.666110038999875],[125.7917785640002,-8.66559982299998],[125.79215240500014,-8.66695022599987],[125.7913131710003,-8.66788005799998],[125.79370117200006,-8.669409751999979],[125.79650116000016,-8.674869536999893],[125.80536651600005,-8.678039550999927],[125.80718994100016,-8.676969527999915],[125.80890655500025,-8.677430152999932],[125.81027221700015,-8.678509711999936],[125.81040954600019,-8.68074035599983],[125.81353759800004,-8.681679725999913],[125.8137817380001,-8.693849563999947],[125.81233978300008,-8.699680327999829],[125.81294250500002,-8.705739974999915],[125.81239318800021,-8.709420203999969],[125.81022644000018,-8.713379859999918],[125.8122863770003,-8.716320037999935],[125.81433868400006,-8.723779677999858],[125.8177108760002,-8.72955036199994],[125.80757904100005,-8.736760138999955],[125.80668640100009,-8.738329886999907],[125.80700683600003,-8.740329741999915],[125.8053207400003,-8.741820334999943],[125.80587768600003,-8.744700431999945],[125.803146362,-8.74553012799987],[125.80281066900022,-8.747960090999925],[125.80043792700019,-8.749420165999936],[125.7987213130001,-8.749710082999968],[125.79334259000007,-8.748390197999981],[125.7926330570001,-8.745789527999932],[125.79125213600014,-8.74542045599992],[125.79031372100008,-8.743700026999875],[125.78855896000005,-8.742730140999925],[125.78531646700026,-8.744620322999822],[125.78410339400034,-8.742899894999937],[125.78154754600007,-8.742179870999962],[125.78131866500007,-8.741129874999956],[125.78002929700017,-8.739979743999982],[125.77825927700007,-8.73929977399996],[125.77660369900002,-8.73987007099987],[125.77545166000004,-8.739239692999945],[125.76933288600003,-8.739580153999952],[125.7687835690001,-8.74149990099994],[125.77130127000021,-8.744930266999972],[125.77139282200005,-8.747019767999916],[125.7681121830002,-8.754630088999875],[125.76740264900013,-8.755430221999916],[125.76374054000007,-8.75669956199988],[125.7636413570001,-8.75961017599991],[125.75955200200008,-8.758620261999909],[125.75959777800006,-8.76035976399993],[125.75781250000023,-8.763270377999902],[125.75691986100014,-8.763130187999934],[125.75594329800003,-8.761389731999884],[125.75390625000011,-8.761770247999948],[125.75401306200001,-8.766139983999835],[125.7528762820001,-8.770219802999975],[125.75354003900009,-8.77204990399997],[125.74874115000011,-8.77400016799993],[125.74527740500014,-8.780139922999922],[125.74104309100005,-8.780940055999963],[125.73930358900009,-8.784629821999886],[125.73706054700006,-8.786890029999938],[125.73451995800008,-8.786120414999857],[125.73194122300004,-8.784259795999901],[125.72662353500004,-8.78402996099993],[125.72367858900009,-8.783060073999934],[125.72296142600032,-8.781510352999874],[125.72453308100012,-8.779620170999976],[125.72528076200001,-8.777190207999922],[125.72341918900008,-8.775529860999939],[125.72207641600028,-8.772729873999936],[125.71977996800001,-8.773079871999926],[125.71867370600012,-8.772500037999976],[125.71827697800018,-8.770130156999926],[125.71495819100005,-8.769929885999886],[125.71404266400009,-8.767270087999975],[125.71041107200006,-8.766559600999926],[125.70697784400033,-8.762550353999927],[125.70265197800018,-8.761719703999916],[125.70133972200017,-8.763210296999887],[125.70097351100014,-8.76496028899993],[125.69844818100012,-8.763699531999976],[125.69644165000022,-8.764209746999825],[125.69579315200008,-8.762940406999974],[125.6943283080002,-8.76268958999998],[125.69364166300011,-8.76099967999994],[125.69143676800002,-8.761369704999936],[125.68932342500023,-8.75922965999996],[125.68744659400011,-8.758910178999827],[125.68576812700007,-8.760910033999892],[125.68434143100012,-8.760890006999944],[125.6845397950002,-8.759909629999925],[125.68670654300001,-8.7576799389999],[125.68625640900007,-8.755760192999958],[125.68354034400022,-8.756939887999977],[125.68147277800017,-8.755789756999945],[125.67864227300004,-8.757570266999892],[125.67738342300015,-8.756790160999913],[125.67597961400008,-8.759030341999903],[125.67443084700005,-8.758110045999956],[125.67357635500025,-8.76163005799998],[125.67237854000018,-8.76241016399996],[125.67298126200012,-8.763239860999931],[125.67199707000009,-8.763759612999877],[125.6708908080002,-8.763130187999934],[125.67166137700008,-8.75930023199993],[125.66980743400006,-8.761039733999894],[125.66636657700008,-8.761440276999906],[125.66567993200033,-8.760869979999882],[125.66433715800008,-8.761750220999886],[125.66471099900002,-8.762809752999885],[125.66107177700019,-8.764160155999889],[125.65895843500027,-8.762669562999918],[125.65795135500014,-8.762840270999845],[125.65563964800003,-8.764410018999968],[125.65268707300004,-8.764969825999913],[125.65203094500032,-8.766200065999897],[125.65094757100007,-8.765660285999957],[125.65003204300001,-8.766139983999835],[125.64662170400015,-8.770489692999945],[125.64682769800015,-8.773320197999908],[125.64565277100019,-8.773440360999928],[125.64498901400009,-8.774439811999912],[125.64527893100001,-8.775320052999916],[125.64613342300015,-8.775300025999968],[125.64665222200017,-8.777409553999973],[125.6457366940001,-8.780329703999882],[125.6459426880001,-8.783419608999964],[125.6442184450002,-8.784620284999903],[125.6449127200001,-8.78837013199984],[125.64398956300022,-8.788880347999964],[125.64315795900018,-8.787509917999898],[125.64238739000007,-8.790140151999935],[125.63839721700003,-8.787940024999955],[125.63530731200012,-8.78831005099994],[125.63488769500009,-8.787420272999952],[125.63551330600012,-8.786729812999909],[125.6341934200002,-8.78612995099985],[125.63307952900027,-8.78633022299988],[125.63318634000018,-8.78787994399994],[125.63110351600028,-8.787819861999935],[125.63050842300004,-8.785960196999838],[125.62915802000009,-8.78582000699987],[125.62847137500023,-8.788080214999923],[125.62729644800004,-8.788789748999932],[125.62412262000021,-8.785940169999947],[125.62068939200014,-8.78516960099995],[125.61823272700019,-8.785799979999979],[125.61322021500007,-8.789230346999943],[125.60875701900011,-8.78806018799986],[125.6070327760001,-8.788979529999892],[125.60534668000025,-8.79547023799995],[125.6080093380001,-8.798789977999888],[125.60903167700008,-8.803190230999917],[125.60749054000019,-8.803819655999973],[125.60829162600021,-8.806940078999958],[125.60738372800006,-8.808710097999949],[125.60829162600021,-8.809479712999917],[125.6075973510001,-8.810000419999938],[125.60791778600003,-8.811479567999925],[125.61035156200012,-8.81394004799995],[125.61068725600035,-8.822349547999977],[125.60843658400029,-8.82211971299995],[125.60806274400011,-8.820980071999884],[125.60585784900002,-8.823459624999941],[125.60428619400011,-8.824009894999847],[125.59317779500032,-8.823479651999946],[125.58717346200012,-8.824370383999906],[125.58542633100001,-8.823189734999914],[125.58360290500002,-8.822939872999939],[125.58273315400004,-8.823140143999979],[125.5823898320001,-8.82481956499987],[125.5808410640002,-8.82579994199989],[125.57996368400006,-8.824370383999906],[125.57943725600023,-8.826970099999812],[125.57781219500009,-8.828630446999966],[125.57669067400002,-8.828000068999927],[125.5765762330002,-8.830120086999955],[125.57554626500007,-8.831089972999962],[125.5737228390002,-8.832079886999907],[125.56968689000007,-8.832420348999904],[125.56867981000005,-8.833020209999916],[125.56819915800008,-8.834480285999916],[125.56942749000018,-8.836170196999944],[125.57031250000034,-8.839110373999972],[125.56968689000007,-8.840279578999969],[125.56833648700001,-8.839429854999935],[125.56684875500002,-8.839969634999818],[125.56670379600018,-8.842459678999944],[125.56536102300004,-8.84393978099996],[125.56286621100003,-8.843319892999887],[125.56140899700006,-8.841939925999952],[125.55783081100014,-8.842570304999981],[125.55531311000004,-8.840539931999842],[125.55316925000011,-8.837679862999892],[125.5520629880001,-8.836919784999964],[125.55016326900022,-8.836999892999927],[125.54836273200021,-8.835000037999919],[125.54515838600014,-8.836830138999915],[125.54286956800024,-8.83656978599987],[125.5433502200001,-8.840290069999924],[125.53877258300008,-8.840660094999919],[125.53762817400002,-8.84237956999982],[125.53816986100014,-8.844120025999928],[125.53774261500018,-8.845609664999927],[125.53441619900025,-8.844140052999819],[125.53262329100005,-8.844699859999935],[125.52693939200003,-8.849980353999968],[125.52426147500012,-8.85041999799995],[125.52182006800001,-8.848779677999914],[125.5185775760001,-8.848299979999922],[125.51506042500012,-8.846540450999896],[125.51181793200021,-8.843150138999874],[125.51006317100007,-8.842470168999853],[125.50837707500011,-8.844779967999898],[125.50869751000005,-8.846540450999896],[125.50808715800008,-8.848380088999875],[125.50554657000032,-8.850250243999938],[125.50418853800022,-8.850410460999854],[125.50219726600017,-8.849399566999978],[125.4989166260001,-8.850799560999974],[125.49748230000012,-8.850700377999942],[125.49707794200003,-8.845310210999912],[125.4958572390002,-8.842659949999927],[125.49469757100019,-8.835200309999891],[125.49378204300012,-8.83355998999997],[125.49442291300022,-8.83053016699995],[125.49311065700033,-8.827850341999977],[125.49413299600008,-8.826990127999977],[125.49403381300033,-8.825309752999942],[125.49478149400011,-8.824370383999906],[125.49157714800003,-8.817290305999961],[125.48956298800033,-8.81505012499997],[125.48677825900006,-8.813289641999972],[125.48631286600005,-8.810279845999958],[125.48370361300022,-8.80823993699994],[125.48387146000016,-8.806460380999965],[125.48294830300006,-8.804360389999943],[125.48016357400013,-8.804039954999894],[125.47992706300022,-8.80020999899989],[125.47808075000012,-8.799010276999923],[125.4778137210003,-8.797880172999953],[125.47650146500007,-8.798549651999906],[125.47712707500034,-8.799599647999912],[125.47310638400029,-8.798600196999928],[125.47202301000004,-8.800049781999974],[125.46993255600023,-8.800530433999938],[125.46803283700001,-8.798290252999948],[125.46630096400031,-8.799090384999886],[125.46399688700001,-8.802049636999868],[125.46272277800006,-8.79675006899987],[125.46183776900011,-8.797200202999932],[125.46092987100008,-8.796090125999967],[125.46102905300029,-8.792309760999842],[125.46015930200019,-8.792180060999954],[125.45987701400009,-8.790940284999863],[125.45970916700003,-8.786109923999959],[125.45497131300021,-8.782480239999927],[125.45422363300031,-8.780690192999884],[125.45555877700008,-8.780179976999932],[125.45552063000025,-8.778989791999948],[125.45649719200003,-8.778639792999968],[125.45771026600005,-8.776679992999902],[125.45902252200005,-8.776280402999873],[125.46051788300008,-8.773900031999915],[125.46185302700007,-8.773159980999878],[125.46250152600021,-8.770099639999898],[125.46382141100003,-8.769220351999877],[125.46440124500009,-8.767230033999965],[125.46515655500002,-8.766739844999904],[125.46439361600005,-8.765410422999935],[125.46836853000013,-8.764989852999975],[125.46930694600019,-8.763460158999976],[125.4713363650003,-8.76224994699993],[125.47216796900022,-8.75996971099994],[125.4713363650003,-8.756970405999823],[125.46988678000002,-8.755629538999813],[125.47104644800004,-8.75461959799992],[125.47035980200008,-8.753459929999963],[125.47218322800029,-8.752459525999882],[125.47646331800001,-8.745100020999814],[125.47608184800015,-8.74376010899988],[125.47393035900018,-8.742540358999918],[125.47474670400015,-8.740650176999964],[125.4760665890002,-8.739700316999972],[125.47653198200021,-8.737779616999944],[125.4742965700002,-8.735899924999956],[125.47128295900018,-8.734999656999946],[125.4700317380001,-8.733189582999955],[125.46518707300004,-8.72986984299996],[125.4632720950001,-8.730739593999829],[125.45903015100009,-8.729900359999931],[125.45406341600017,-8.724490165999953],[125.45446777300026,-8.723299979999979],[125.45545196500018,-8.722789763999913],[125.46022033700001,-8.722040175999894],[125.46275329600007,-8.720560073999934],[125.46656036400009,-8.72130012499997],[125.46880340600023,-8.720809936999899],[125.47144317600021,-8.722439765999923],[125.47601318400007,-8.72126960799983],[125.47660064700017,-8.722800254999981],[125.47836303700012,-8.723629950999907],[125.4809265140002,-8.723460196999895],[125.48190307600021,-8.722629546999883],[125.48375701900022,-8.723670005999907],[125.48651886000005,-8.706760405999887],[125.48813629200004,-8.703140258999952],[125.4891510010001,-8.70522022199998],[125.49183654800015,-8.70773029299994],[125.49559021000005,-8.708999633999952],[125.49709320100033,-8.710140227999943],[125.49873352100019,-8.709719657999926],[125.49942779500009,-8.708689689999972],[125.50315094000018,-8.71006011999998],[125.5054931640002,-8.709340095999892],[125.50592041000004,-8.707779883999933],[125.51020050000011,-8.707850455999903],[125.51241302500011,-8.704380034999929],[125.51555633500016,-8.70219039899996],[125.51605224600007,-8.701029777999906],[125.51796722400002,-8.699399947999893],[125.51905059800015,-8.699870109999893],[125.52052307100007,-8.698889731999941],[125.52160644500032,-8.697159766999903],[125.5262374880001,-8.69334983799996],[125.52803802500011,-8.690039634999891],[125.52861022900004,-8.686849593999852],[125.53092193600003,-8.686269759999902],[125.53205871600017,-8.684760093999955],[125.53241729700005,-8.682689666999977],[125.53434753400018,-8.680640220999976],[125.53542327900027,-8.677760123999974],[125.53492736800001,-8.670700072999978],[125.53269958500016,-8.670729636999965],[125.53035736100003,-8.668789863999962],[125.53012085000023,-8.665690421999898],[125.52906036400009,-8.66555023199993],[125.52818298300019,-8.663160323999932],[125.52720642100007,-8.66294956199988],[125.52777862500011,-8.661689757999909],[125.52664947500011,-8.66020965599995],[125.5266723630001,-8.659049987999879],[125.52429199200003,-8.656599997999876],[125.52501678500005,-8.65423965499997],[125.52456665000022,-8.653260230999933],[125.5226593020003,-8.652179717999957],[125.5216598510001,-8.64700984999996],[125.51651763900009,-8.644929885999886],[125.51383972200017,-8.64519977599997],[125.51119232200006,-8.644169806999969],[125.50965118400018,-8.643019675999938],[125.50891876200012,-8.641480445999946],[125.50585937500023,-8.639340400999913],[125.5040817260001,-8.639639853999881],[125.5033874510001,-8.638270377999902],[125.50402832000009,-8.636520385999972],[125.5036468510001,-8.635540008999953],[125.51138305700033,-8.634590148999962],[125.51374054000007,-8.635129928999959],[125.51437377900004,-8.631810187999918],[125.51239013700001,-8.62921047199984],[125.51400756800001,-8.62483978299997],[125.51734924300001,-8.621669768999936],[125.52094268800022,-8.620490073999974],[125.52810668900008,-8.613349914999901],[125.53500366200012,-8.61546039599989],[125.53764343300008,-8.617609977999962],[125.54255676300022,-8.620189666999977],[125.5444564820001,-8.623009681999974],[125.54840087900004,-8.621700286999896],[125.55042266800012,-8.62407970399994],[125.5531387330002,-8.623390197999925],[125.56281280500002,-8.62759017899998],[125.56578064000018,-8.627090453999926],[125.5665588380001,-8.626029967999955],[125.5651931760001,-8.625639914999908],[125.56569671600005,-8.624059676999877],[125.56697082500034,-8.624170302999971],[125.5676879880001,-8.623499869999932],[125.56870269800004,-8.62471961999995],[125.56997680700022,-8.624810218999926],[125.57280731200001,-8.623999595999976],[125.5736236570001,-8.623559951999937],[125.57380676300022,-8.622449874999916],[125.57586669900013,-8.621999740999968],[125.57585907000009,-8.620300292999957],[125.58003997800017,-8.619540214999972],[125.58361053500005,-8.614410399999883],[125.58969116200001,-8.609479903999954],[125.58912658700001,-8.606869697999912],[125.59075927700007,-8.604430198999978],[125.5944137570001,-8.603610038999932],[125.59542846700003,-8.602290153999888],[125.59902191200013,-8.602140426999938],[125.60050964400011,-8.600859641999932],[125.60328674300013,-8.601249694999979],[125.60807037400002,-8.599820136999881],[125.60854339600007,-8.59788989999987],[125.6066970830002,-8.596349715999906],[125.60276794400022,-8.58948993699994],[125.61847686800002,-8.582880019999891],[125.62288665800008,-8.585080146999871],[125.6256103520002,-8.58413028699988],[125.63577270500002,-8.591799735999928],[125.64250183100023,-8.593729972999938],[125.64388275100009,-8.59354972799997],[125.64691162100007,-8.592490195999972],[125.64914703400018,-8.590550422999968],[125.64972686800002,-8.588839530999962],[125.65072631800012,-8.588399886999923],[125.65361022900004,-8.584540366999875],[125.65487670900006,-8.581359862999875],[125.65461731000005,-8.580430030999878],[125.6564483640002,-8.578909873999976],[125.6570968630001,-8.576290130999894],[125.6592788700001,-8.5754098889999],[125.66002655000011,-8.574370383999963],[125.6595611570001,-8.571339606999913],[125.66171264600018,-8.570380210999929],[125.66439056400009,-8.5701799389999],[125.66383361800001,-8.574680327999943],[125.66433715800008,-8.577569961999927],[125.66855621300022,-8.58238029499995],[125.67626953100012,-8.587530135999884],[125.68595123300008,-8.588310241999977],[125.68778228800011,-8.585980414999938],[125.68845367400013,-8.582300185999884],[125.68670654300001,-8.579839705999973],[125.68612670900006,-8.57738971699996],[125.68625640900007,-8.571820258999821],[125.68820953400018,-8.569190024999955],[125.69059753400006,-8.56923961599989],[125.69129943800021,-8.568510055999923],[125.6929702760001,-8.564200400999937],[125.69479370100021,-8.56272983599996],[125.69455719000007,-8.56056022599995],[125.69506073000002,-8.560170173999893],[125.69719696000004,-8.560669898999947],[125.69801330600023,-8.559169768999936],[125.69983673100023,-8.560350417999928]]]}},{"type":"Feature","properties":{"id":"TL01","name":"Ainaro","_lon":125.50923,"_lat":-8.98963,"_bbox":[125.4242,-9.22218,125.72528,-8.75576]},"geometry":{"type":"Polygon","coordinates":[[[125.68682861300022,-8.756910323999932],[125.68644714400034,-8.758110045999956],[125.6845397950002,-8.759909629999925],[125.68457031200012,-8.761030196999911],[125.68576812700007,-8.760910033999892],[125.68744659400011,-8.758910178999827],[125.68932342500023,-8.75922965999996],[125.69143676800002,-8.761369704999936],[125.69364166300011,-8.76099967999994],[125.6943283080002,-8.76268958999998],[125.69579315200008,-8.762940406999974],[125.69644165000022,-8.764209746999825],[125.69844818100012,-8.763699531999976],[125.70097351100014,-8.76496028899993],[125.70133972200017,-8.763210296999887],[125.70265197800018,-8.761719703999916],[125.70662689200003,-8.76241016399996],[125.71041107200006,-8.766559600999926],[125.71404266400009,-8.767270087999975],[125.71495819100005,-8.769929885999886],[125.71827697800018,-8.770130156999926],[125.71867370600012,-8.772500037999976],[125.71977996800001,-8.773079871999926],[125.72207641600028,-8.772729873999936],[125.72341918900008,-8.775529860999939],[125.72528076200001,-8.777190207999922],[125.72453308100012,-8.779620170999976],[125.72296142600032,-8.781510352999874],[125.7233200070001,-8.782629966999878],[125.72032928500005,-8.783470153999929],[125.71983337400002,-8.783069610999917],[125.71824646000016,-8.785579680999945],[125.71315765400004,-8.78509044599997],[125.70842742900015,-8.786279677999971],[125.70771789600008,-8.787619590999896],[125.70387268100001,-8.789540290999923],[125.70182800300029,-8.793589591999933],[125.69983673100023,-8.794409751999979],[125.69840240500002,-8.796190261999925],[125.69537353500004,-8.796520232999967],[125.68914794900013,-8.79876995099994],[125.68874359100005,-8.802860259999875],[125.68402099600019,-8.8073701859999],[125.68238067600032,-8.810000419999938],[125.68505096400008,-8.81346988699994],[125.68299102800006,-8.81719970699993],[125.68018341100003,-8.818719863999945],[125.68154144300013,-8.82308959999989],[125.68435668900031,-8.825880050999956],[125.68543243400006,-8.828189849999944],[125.68533325200019,-8.82909965499988],[125.68369293200021,-8.829950332999942],[125.68343353300031,-8.832710265999935],[125.68419647200028,-8.8356704709999],[125.68334960900029,-8.837619780999887],[125.68527221700003,-8.838080405999904],[125.68556213400018,-8.839070319999905],[125.68888855000023,-8.840869903999874],[125.68856048600003,-8.84148979199989],[125.68625640900007,-8.842109679999965],[125.68560791000004,-8.84315967599997],[125.68289184600019,-8.844120025999928],[125.68270111100014,-8.846400260999872],[125.68733978300008,-8.847720145999915],[125.6893692020002,-8.847180366999908],[125.69001770000023,-8.849049567999941],[125.68570709200003,-8.85153961199984],[125.68575286900023,-8.854599952999934],[125.6849517820001,-8.855710029999955],[125.68586731000016,-8.857399939999937],[125.68472290000011,-8.858539580999945],[125.6852035520003,-8.860010146999912],[125.68398284900013,-8.861940383999922],[125.68569183300008,-8.863679885999886],[125.68395233200033,-8.86658000899996],[125.6844406130001,-8.868869780999944],[125.68686676000004,-8.868269919999875],[125.6902465820001,-8.869000434999919],[125.68959808300019,-8.87119007099983],[125.68659973100011,-8.874650001999953],[125.68572235100032,-8.879440307999971],[125.68762970000012,-8.882989882999937],[125.68666839600019,-8.886059760999956],[125.6873168950001,-8.889120101999936],[125.68524169900002,-8.891309737999904],[125.68383026100014,-8.895050048999963],[125.68250274700006,-8.8958902359999],[125.68209075900006,-8.898810386999969],[125.67897796600016,-8.900979995999876],[125.6784515380001,-8.902259826999966],[125.67675018300031,-8.902549743999884],[125.67565918000003,-8.901350020999928],[125.67433166500007,-8.901260375999868],[125.67362213100012,-8.89997005499987],[125.67208862300004,-8.899060248999945],[125.66929626500018,-8.899049758999922],[125.66880035400004,-8.897330283999963],[125.66665649400011,-8.89620017999988],[125.66046142600021,-8.896969794999961],[125.65532684300001,-8.904990195999858],[125.65567779500009,-8.907670020999888],[125.65397644000006,-8.911689757999966],[125.65429687500023,-8.912670134999871],[125.65170288100023,-8.916270255999962],[125.6508483890002,-8.919260024999971],[125.64959716800013,-8.920559882999953],[125.64729309100005,-8.92121982599997],[125.64202880900018,-8.92105960799995],[125.64070129400022,-8.91814994799995],[125.63854980500014,-8.917059897999934],[125.63616180400015,-8.916910171999973],[125.63379669200003,-8.915379523999889],[125.62764740000011,-8.914770125999894],[125.62603759800004,-8.913869857999941],[125.62359619100005,-8.9149599079999],[125.62267303500005,-8.914719581999975],[125.62126922600021,-8.918239593999942],[125.6218338010001,-8.92368984199993],[125.61871337900004,-8.92625045799997],[125.61269378700001,-8.928290366999931],[125.6146392820001,-8.93058967599984],[125.61527252200017,-8.933070182999927],[125.61786651600005,-8.934399604999953],[125.61522674600008,-8.93519973799988],[125.61296081500006,-8.938269614999967],[125.60769653300008,-8.939729690999968],[125.60640716600005,-8.943719863999888],[125.60807037400002,-8.946539878999886],[125.6025085450002,-8.951040267999929],[125.59982299800015,-8.952670096999952],[125.59745788600003,-8.953149795999877],[125.59661865200019,-8.95497989699993],[125.59680938700023,-8.956859588999976],[125.59381866500007,-8.96164035799984],[125.59438324000018,-8.96747016899991],[125.59304046600005,-8.969030379999936],[125.5921783450001,-8.97157001499994],[125.5944137570001,-8.97581005099994],[125.59439849900025,-8.980580329999839],[125.59217071500018,-8.984290122999937],[125.5926437380001,-8.988229751999938],[125.59213256800012,-8.990579604999937],[125.5910491940001,-8.991459845999941],[125.59031677200016,-8.99386024499995],[125.59126281700014,-8.995599746999972],[125.58979797400002,-8.99956035599996],[125.58941650400004,-9.005330085999958],[125.5877075200001,-9.00872039799998],[125.58602905300017,-9.01004028299991],[125.58705139200015,-9.010450362999848],[125.58751678500005,-9.0120496749999],[125.59326934800004,-9.015760421999914],[125.59322357200028,-9.01677989999996],[125.59227752700008,-9.01747035999989],[125.59320068400018,-9.018280028999925],[125.59227752700008,-9.0190000529999],[125.59307098400006,-9.022410392999973],[125.59232330300017,-9.02392005899992],[125.59346771200023,-9.027400016999934],[125.59452819800003,-9.028109549999897],[125.59470367400002,-9.029450416999907],[125.59599304200015,-9.030190467999944],[125.59622192400002,-9.03717040999993],[125.59535980200008,-9.038069724999957],[125.59633636500018,-9.039649962999874],[125.59580993700001,-9.039950370999975],[125.59581756600016,-9.041560172999937],[125.59670257600021,-9.042579650999926],[125.60121154800004,-9.04446983299988],[125.60505676300033,-9.047120093999979],[125.60875701900011,-9.051070212999946],[125.61192321800013,-9.050209998999946],[125.61605835000012,-9.051520347999826],[125.6218566890002,-9.05459022499997],[125.6278228760001,-9.056200026999932],[125.62893676800024,-9.057990073999918],[125.62928009000007,-9.060830115999977],[125.62814331100003,-9.064940452999963],[125.62893676800024,-9.065660476999938],[125.63188934300001,-9.064080237999974],[125.6332168580002,-9.064270019999924],[125.63410949700005,-9.065119742999968],[125.63349151600016,-9.067170142999885],[125.63436126700014,-9.068499564999968],[125.63723754900002,-9.068610190999948],[125.64125824000007,-9.067119597999977],[125.64349365200019,-9.067210196999952],[125.6456832890002,-9.069840430999932],[125.6523666380001,-9.075200080999934],[125.65379333500016,-9.075149535999856],[125.6568374630001,-9.073719977999872],[125.66134643600003,-9.074259757999926],[125.66634368900009,-9.071660041999962],[125.6700668330003,-9.072790145999932],[125.67323303200021,-9.075969695999959],[125.67386627200017,-9.079230308999968],[125.67839813200032,-9.079910277999943],[125.68386077900016,-9.083559989999912],[125.68489837600009,-9.084839820999946],[125.68559265100009,-9.089429854999935],[125.68665313700012,-9.091320037999935],[125.6902999880001,-9.092650413999877],[125.69117736800001,-9.093709945999876],[125.69200134300013,-9.098279952999917],[125.69148254400011,-9.101869582999825],[125.69184875500025,-9.107130050999956],[125.68929290800008,-9.116049766999879],[125.68781280500014,-9.117549895999957],[125.68554687500023,-9.118579864999901],[125.68087768600014,-9.119130134999978],[125.67608642600021,-9.118829726999877],[125.67239379900013,-9.120679854999935],[125.66993713400018,-9.123970031999932],[125.67069244400011,-9.129360198999962],[125.66722869900013,-9.135100364999971],[125.66954803500005,-9.14910983999988],[125.67408752400002,-9.160460471999954],[125.6753692630001,-9.165800094999895],[125.67529296900022,-9.169960021999941],[125.67756652800006,-9.172619819999909],[125.69152069100016,-9.179100036999898],[125.69695282000009,-9.185810088999972],[125.70069885300018,-9.194219588999886],[125.69843292200017,-9.195590018999951],[125.69127655000011,-9.196800231999816],[125.68569183300008,-9.200010299999917],[125.68267059300024,-9.200949668999954],[125.67253112800006,-9.201709746999938],[125.66445159900002,-9.201160430999892],[125.65692901600016,-9.200340270999959],[125.64026641800012,-9.193690299999957],[125.6296463010001,-9.18873977699991],[125.6242980960003,-9.187069892999943],[125.61264038100023,-9.185489654999913],[125.60169982900004,-9.186200141999905],[125.5924072270002,-9.188509940999893],[125.58120727500022,-9.193650245999947],[125.56968689000007,-9.201459884999963],[125.55906677200016,-9.209770202999948],[125.54904937700007,-9.216279983999868],[125.54461669900013,-9.220330237999974],[125.54418945300017,-9.219519614999967],[125.54228973400006,-9.218990325999869],[125.53730773900008,-9.21928977999994],[125.52744293200033,-9.22216033899997],[125.52549743700001,-9.222180366999964],[125.52919006300021,-9.218910216999916],[125.52989959700017,-9.21751975999996],[125.52863311800002,-9.216030120999903],[125.5294723510001,-9.213890075999927],[125.52745819100005,-9.212989806999872],[125.52728271500018,-9.212050437999949],[125.52809906000005,-9.209690093999882],[125.52728271500018,-9.20730018599994],[125.52958679200026,-9.204339980999976],[125.52835845900017,-9.196900367999945],[125.52825164800015,-9.19184970899994],[125.53154754600018,-9.187140464999914],[125.53295898400006,-9.180509566999888],[125.53582763700001,-9.175550460999943],[125.53787994400022,-9.16767978699994],[125.54023742700019,-9.161769866999975],[125.5308609010001,-9.15791988399991],[125.5284194950001,-9.157670020999944],[125.52747345000023,-9.155779838999933],[125.52498626700003,-9.155269622999924],[125.52475738500004,-9.147270202999891],[125.52308654800015,-9.146160125999927],[125.52052307100007,-9.14538955699993],[125.51892852800017,-9.145910262999905],[125.51618957500011,-9.143639564999887],[125.51512146000016,-9.144789695999918],[125.5140533450001,-9.144240378999939],[125.51293945300017,-9.144659995999973],[125.50950622600021,-9.144069671999944],[125.50438690200008,-9.141719817999956],[125.50277710000012,-9.14313030199986],[125.49643707300004,-9.14367961899984],[125.49461364700016,-9.141469954999877],[125.49587249800015,-9.139749526999822],[125.494552612,-9.138719558999867],[125.49485778800022,-9.138139724999917],[125.48861694300012,-9.135709762999966],[125.48677063000002,-9.134019851999938],[125.48609924300001,-9.131609916999935],[125.48200225800008,-9.131750106999903],[125.4742431640002,-9.127809524999975],[125.47448730500003,-9.1241102219999],[125.47791290300017,-9.116490363999958],[125.47839355500014,-9.11324024199996],[125.48071289100005,-9.109580039999969],[125.48124694800003,-9.106590270999959],[125.47998046900022,-9.098290442999883],[125.47592163100012,-9.09130954699998],[125.47511291500018,-9.088769912999965],[125.4756011960003,-9.080100059999836],[125.47490692100018,-9.076809882999896],[125.47297668500016,-9.07474994699993],[125.46897888200021,-9.073060035999958],[125.46762085000012,-9.070050239999887],[125.4629135130001,-9.066049575999898],[125.45011138900009,-9.064649581999902],[125.44434356700015,-9.061829566999961],[125.4454879760001,-9.054329871999926],[125.44782257100007,-9.05235004399998],[125.44877624500009,-9.050279616999944],[125.44686889600007,-9.047840117999954],[125.44788360600023,-9.044690131999914],[125.44779968300008,-9.042349814999909],[125.44905090300006,-9.042650222999896],[125.44925689700005,-9.042079925999872],[125.44599914600008,-9.040530204999811],[125.44521331800024,-9.03791999799995],[125.44750213600014,-9.031729697999936],[125.4495162960003,-9.030209540999863],[125.44995117200006,-9.028820037999822],[125.44918823200032,-9.027620315999854],[125.44978332500011,-9.02597045899995],[125.44856262200005,-9.024660109999957],[125.44806671100002,-9.021920203999912],[125.4459228520002,-9.021080016999974],[125.44355011000016,-9.018630027999848],[125.44344329800003,-9.015480041999979],[125.44270324700017,-9.013440131999971],[125.43759155300017,-9.006759643999942],[125.43650054900013,-9.006460189999927],[125.4344100950002,-9.00759983099988],[125.43199157700008,-9.007300376999979],[125.43031311000004,-9.007820128999981],[125.4287567140002,-9.006030082999928],[125.42859649700017,-9.004920005999963],[125.42710876500018,-9.004210471999954],[125.42635345500003,-9.002039908999961],[125.42529296900022,-9.001649856999904],[125.42488098100011,-8.998009681999974],[125.42420196500007,-8.997710227999903],[125.42476654100005,-8.995590209999818],[125.42453002900015,-8.9934101099999],[125.42575836200012,-8.992509841999947],[125.42552948000002,-8.99118995699996],[125.42648315400004,-8.988690375999909],[125.42746734600007,-8.988450049999926],[125.42843627900004,-8.986300467999968],[125.4299163820001,-8.985950469999977],[125.42931366000028,-8.985269546999973],[125.43112945600024,-8.985059737999904],[125.43164825400004,-8.984259604999977],[125.43253326400009,-8.98445987699995],[125.43537139900013,-8.981980323999949],[125.4365692140002,-8.982060431999912],[125.43821716300022,-8.980819701999906],[125.44257354700005,-8.97929954499989],[125.44534301800002,-8.977299689999825],[125.44645690900006,-8.977540015999978],[125.44789886500018,-8.976460456999916],[125.44953918500016,-8.976619719999974],[125.45073700000023,-8.975819587999922],[125.45157623300008,-8.973819732999914],[125.45117950400004,-8.970339774999957],[125.45305633500004,-8.969579696999915],[125.45683288600014,-8.964389800999868],[125.45230102500022,-8.954070090999892],[125.45469665500002,-8.953029632999971],[125.45658111600005,-8.948989867999956],[125.45997619600018,-8.944999694999922],[125.46022033700001,-8.943880080999918],[125.46273803700012,-8.94287967699995],[125.46734619100005,-8.938839911999878],[125.46917724600007,-8.938320159999876],[125.47078704800003,-8.939120292999917],[125.47318267800006,-8.939040183999964],[125.47297668500016,-8.936160087999951],[125.4751434330002,-8.935319900999957],[125.47650909400011,-8.932519912999851],[125.47855377200017,-8.932120322999936],[125.48087310800008,-8.929920196999944],[125.48114776600005,-8.927680015999954],[125.48018646200012,-8.92488956499983],[125.48100280800008,-8.92241001099984],[125.4862670900003,-8.919329642999969],[125.48667907700019,-8.917690276999963],[125.49192047100007,-8.916769980999902],[125.49211883500016,-8.913729667999974],[125.49456024200015,-8.911290168999926],[125.49447631800012,-8.90752983099992],[125.49317932100018,-8.90497970599995],[125.49382019000018,-8.901140212999962],[125.49253845200019,-8.899259566999888],[125.49244689900013,-8.896980285999973],[125.49565887500012,-8.894659995999916],[125.500053406,-8.89325046499988],[125.49944305400015,-8.89235973399991],[125.50060272200005,-8.892459868999936],[125.50090026900023,-8.890919684999972],[125.5033874510001,-8.890130042999829],[125.50277710000012,-8.889280318999965],[125.50330352800006,-8.888440131999971],[125.50296020500014,-8.88702011099997],[125.50356292700008,-8.885230063999927],[125.50509643600003,-8.884819983999932],[125.5036468510001,-8.884409903999938],[125.5046234130001,-8.883090018999951],[125.51077270500014,-8.881199836999883],[125.51157379200004,-8.879940032999912],[125.5147476200001,-8.879289626999935],[125.51648712200017,-8.87720012699998],[125.51815795900006,-8.876620292999974],[125.51854705800008,-8.87541961699992],[125.5208892820001,-8.875140189999968],[125.52188873300008,-8.87425041199998],[125.52281189000018,-8.871489524999902],[125.52104950000012,-8.86728954299997],[125.52101135300029,-8.865610122999897],[125.51828765900018,-8.86445045499994],[125.51625061000016,-8.862609862999818],[125.5159301760001,-8.859660148999922],[125.50981140100032,-8.8543796539999],[125.50917816200024,-8.852100371999938],[125.50792694100005,-8.850700377999942],[125.50869751000005,-8.846540450999896],[125.50817871100003,-8.845459937999976],[125.51006317100007,-8.842470168999853],[125.51181793200021,-8.843150138999874],[125.51506042500012,-8.846540450999896],[125.5185775760001,-8.848299979999922],[125.52182006800001,-8.848779677999914],[125.52426147500012,-8.85041999799995],[125.52654266400009,-8.85006046299992],[125.53262329100005,-8.844699859999935],[125.53441619900025,-8.844140052999819],[125.53774261500018,-8.845609664999927],[125.53816986100014,-8.844120025999928],[125.53762817400002,-8.84237956999982],[125.53877258300008,-8.840660094999919],[125.5433502200001,-8.840290069999924],[125.54286956800024,-8.83656978599987],[125.54515838600014,-8.836830138999915],[125.54836273200021,-8.835000037999919],[125.55016326900022,-8.836999892999927],[125.5520629880001,-8.836919784999964],[125.55316925000011,-8.837679862999892],[125.55531311000004,-8.840539931999842],[125.55783081100014,-8.842570304999981],[125.56140899700006,-8.841939925999952],[125.56286621100003,-8.843319892999887],[125.56536102300004,-8.84393978099996],[125.56670379600018,-8.842459678999944],[125.56684875500002,-8.839969634999818],[125.56833648700001,-8.839429854999935],[125.56968689000007,-8.840279578999969],[125.57031250000034,-8.839110373999972],[125.56942749000018,-8.836170196999944],[125.56819915800008,-8.834480285999916],[125.56867981000005,-8.833020209999916],[125.56968689000007,-8.832420348999904],[125.5737228390002,-8.832079886999907],[125.57554626500007,-8.831089972999962],[125.5765762330002,-8.830120086999955],[125.57669067400002,-8.828000068999927],[125.57781219500009,-8.828630446999966],[125.57943725600023,-8.826970099999812],[125.57996368400006,-8.824370383999906],[125.5808410640002,-8.82579994199989],[125.5823898320001,-8.82481956499987],[125.58273315400004,-8.823140143999979],[125.58360290500002,-8.822939872999939],[125.58542633100001,-8.823189734999914],[125.58717346200012,-8.824370383999906],[125.59317779500032,-8.823479651999946],[125.60428619400011,-8.824009894999847],[125.60585784900002,-8.823459624999941],[125.60806274400011,-8.820980071999884],[125.60843658400029,-8.82211971299995],[125.61068725600035,-8.822349547999977],[125.61035156200012,-8.81394004799995],[125.60791778600003,-8.811479567999925],[125.6075973510001,-8.810000419999938],[125.60829162600021,-8.809479712999917],[125.60738372800006,-8.808710097999949],[125.60829162600021,-8.806940078999958],[125.60749054000019,-8.803819655999973],[125.60903167700008,-8.803190230999917],[125.6080093380001,-8.798789977999888],[125.60534668000025,-8.79547023799995],[125.6070327760001,-8.788979529999892],[125.60875701900011,-8.78806018799986],[125.61322021500007,-8.789230346999943],[125.61823272700019,-8.785799979999979],[125.62068939200014,-8.78516960099995],[125.62412262000021,-8.785940169999947],[125.62729644800004,-8.788789748999932],[125.62847137500023,-8.788080214999923],[125.62915802000009,-8.78582000699987],[125.63050842300004,-8.785960196999838],[125.63110351600028,-8.787819861999935],[125.63318634000018,-8.78787994399994],[125.63307952900027,-8.78633022299988],[125.6341934200002,-8.78612995099985],[125.63551330600012,-8.786729812999909],[125.63488769500009,-8.787420272999952],[125.63530731200012,-8.78831005099994],[125.63839721700003,-8.787940024999955],[125.64238739000007,-8.790140151999935],[125.64315795900018,-8.787509917999898],[125.64398956300022,-8.788880347999964],[125.6449127200001,-8.78837013199984],[125.6442184450002,-8.784620284999903],[125.6459426880001,-8.783419608999964],[125.6457366940001,-8.780329703999882],[125.64665222200017,-8.776610373999915],[125.64498901400009,-8.774439811999912],[125.64565277100019,-8.773440360999928],[125.64682769800015,-8.773320197999908],[125.64662170400015,-8.770489692999945],[125.65003204300001,-8.766139983999835],[125.65094757100007,-8.765660285999957],[125.65203094500032,-8.766200065999897],[125.65268707300004,-8.764969825999913],[125.65563964800003,-8.764410018999968],[125.65836334200003,-8.762729644999922],[125.66107177700019,-8.764160155999889],[125.66471099900002,-8.762809752999885],[125.66433715800008,-8.761750220999886],[125.66567993200033,-8.760869979999882],[125.66636657700008,-8.761440276999906],[125.66980743400006,-8.761039733999894],[125.67166137700008,-8.75930023199993],[125.6708908080002,-8.763130187999934],[125.67199707000009,-8.763759612999877],[125.67298126200012,-8.763239860999931],[125.67237854000018,-8.76241016399996],[125.67357635500025,-8.76163005799998],[125.67443084700005,-8.758110045999956],[125.67597961400008,-8.759030341999903],[125.67711639400011,-8.756910323999932],[125.67864227300004,-8.757570266999892],[125.68147277800017,-8.755789756999945],[125.68354034400022,-8.756939887999977],[125.68625640900007,-8.755760192999958],[125.68682861300022,-8.756910323999932]]]}},{"type":"Feature","properties":{"id":"TL03","name":"Baucau","_lon":126.4753,"_lat":-8.55903,"_bbox":[126.15018,-8.70311,126.81182,-8.41498]},"geometry":{"type":"Polygon","coordinates":[[[126.41655731200012,-8.414979934999963],[126.42640686000004,-8.420459746999938],[126.4325637820001,-8.421159743999965],[126.43933868400018,-8.423299788999941],[126.44508361800001,-8.427789687999905],[126.44803619400022,-8.431380271999956],[126.4554595950001,-8.436820029999922],[126.46032714800003,-8.43745040899995],[126.46513366700003,-8.440609931999973],[126.46710968000002,-8.440580367999928],[126.47061157200005,-8.443120002999933],[126.47209930400004,-8.442740439999966],[126.47769928000014,-8.44443035099988],[126.48412323000002,-8.444740294999974],[126.49143219000007,-8.447520255999962],[126.49329376200012,-8.447079658999883],[126.49388885500002,-8.447799682999971],[126.49678802500011,-8.448260306999885],[126.50409698500005,-8.451239585999929],[126.50509643600003,-8.450920104999966],[126.5076293950001,-8.452340125999967],[126.50862121600017,-8.453599929999825],[126.51039886500007,-8.454230308999911],[126.51039123500016,-8.454739570999948],[126.51840210000012,-8.459170340999947],[126.52481079100005,-8.464929580999865],[126.5288772580002,-8.465729712999973],[126.52839660600034,-8.466679572999965],[126.52925109900013,-8.467550277999976],[126.53220367400002,-8.46603012099996],[126.53881835900017,-8.470000266999932],[126.54548645000023,-8.475099563999947],[126.54673767100007,-8.476710319999938],[126.55323028600003,-8.481140136999954],[126.554740906,-8.481679915999962],[126.55882263200021,-8.481530189999944],[126.5615463260001,-8.480719565999891],[126.5651168820001,-8.483039855999948],[126.56701660200008,-8.482740401999934],[126.56907653800022,-8.480770110999913],[126.57182312000009,-8.47959995299982],[126.57462310800008,-8.476969718999953],[126.57649993900009,-8.47416973099996],[126.58129882800006,-8.47062015499995],[126.58614349400011,-8.470310210999969],[126.58957672100007,-8.471420287999933],[126.59393310500013,-8.469619750999868],[126.59781646700003,-8.470379828999967],[126.60588836700003,-8.46269035299997],[126.61250305200008,-8.45851993599996],[126.61875152600021,-8.455730437999875],[126.623100281,-8.454930304999948],[126.62822723400018,-8.452759742999945],[126.63456726100003,-8.451899528999888],[126.63883209200003,-8.450409888999957],[126.65746307400025,-8.438269614999967],[126.66475677500023,-8.436209678999887],[126.67575836200001,-8.430800437999949],[126.68595123300008,-8.428770064999924],[126.6955871580002,-8.425160407999954],[126.69521331800001,-8.43060016599992],[126.6967468260001,-8.43276977499994],[126.69711303700024,-8.434989928999926],[126.69803619400011,-8.436289786999964],[126.6994171140002,-8.436530112999947],[126.70285797100007,-8.438790320999885],[126.7040481570001,-8.440609931999973],[126.70408630400016,-8.441800116999957],[126.70675659200015,-8.444910048999873],[126.70645141600028,-8.445929526999976],[126.70716095000023,-8.447219848999964],[126.70622253400018,-8.447810172999937],[126.70526123000002,-8.45022010799994],[126.70780181900022,-8.455419539999923],[126.70748138400006,-8.456870078999941],[126.70816803000002,-8.45783996599988],[126.70752716100003,-8.460370063999903],[126.71009063700001,-8.463310241999977],[126.71228027300003,-8.467570304999867],[126.7114410400003,-8.469969748999972],[126.7156906130001,-8.47821044899996],[126.71621704100016,-8.481719970999904],[126.72044372600021,-8.484419822999826],[126.72400665300006,-8.485500335999973],[126.72918701200012,-8.488479613999914],[126.7325973510001,-8.488059997999926],[126.73612213100023,-8.489170073999844],[126.74014282200028,-8.493760108999936],[126.74227142300015,-8.492819785999927],[126.74559021000016,-8.49314975699997],[126.74120330800008,-8.49732017499997],[126.7359619140002,-8.495929717999957],[126.73319244400022,-8.496580123999934],[126.73088836700026,-8.499930381999945],[126.73029327400013,-8.503350257999898],[126.72850799600008,-8.50286006899995],[126.72714233400006,-8.503720283999883],[126.72712707500011,-8.504949569999894],[126.72653961200024,-8.505129813999815],[126.72312164300001,-8.504949569999894],[126.72251892100019,-8.506219863999945],[126.7227020260002,-8.510899543999813],[126.72203826900022,-8.513250350999897],[126.72321319600019,-8.515609740999878],[126.7230377200001,-8.518090247999965],[126.72389984100005,-8.519619941999963],[126.72279357900004,-8.520489692999888],[126.7225723270002,-8.521739959999934],[126.72482299800015,-8.52081966399993],[126.72746276900011,-8.522800445999962],[126.72998809800015,-8.523030280999933],[126.73137664800004,-8.524370192999982],[126.73174285900006,-8.526949882999816],[126.7328796390002,-8.526760100999923],[126.73664856000005,-8.530079841999964],[126.74765014600007,-8.533080100999882],[126.74900817900004,-8.53662967699995],[126.75257873500027,-8.540249824999876],[126.75435638400006,-8.54489993999988],[126.75537872300015,-8.545740127999863],[126.75524902300003,-8.549759864999942],[126.75750732400013,-8.555109977999905],[126.76418304400022,-8.557559966999975],[126.76534271200023,-8.558989524999845],[126.7667770390002,-8.559080123999877],[126.7703475950002,-8.560999869999932],[126.77378845200008,-8.564000129999897],[126.78016662600021,-8.566289901999937],[126.78266143800022,-8.568409919999908],[126.78545379600018,-8.579199790999951],[126.78502655000011,-8.58366012599987],[126.79210662800028,-8.58611965199998],[126.79411315900018,-8.589369773999977],[126.7963562010001,-8.589389800999925],[126.79701995800008,-8.591159820999906],[126.80074310300017,-8.593819617999827],[126.80122375500014,-8.596349715999906],[126.80374145500014,-8.600449561999937],[126.80782318100012,-8.600130080999975],[126.80903625500014,-8.601670264999939],[126.80834960900017,-8.602709769999876],[126.81001281700014,-8.6062297819999],[126.80877685500002,-8.608739852999918],[126.81020355200019,-8.609950065999953],[126.81027221700003,-8.612380027999961],[126.81182098400006,-8.615090369999848],[126.80953979500009,-8.616060256999958],[126.80805969200003,-8.617819785999927],[126.80803680400015,-8.618610381999929],[126.80986785900006,-8.619090079999921],[126.81004333500016,-8.623009681999974],[126.80741119400022,-8.623220443999912],[126.80612945600001,-8.621740340999906],[126.80518341100003,-8.621600150999882],[126.80256652800017,-8.622150420999844],[126.80119323700012,-8.62343978899986],[126.79898071300022,-8.623299598999893],[126.79675293000014,-8.624600409999971],[126.79205322300004,-8.623920440999939],[126.78851318400018,-8.625180243999978],[126.78633117700019,-8.625160216999916],[126.78096008300008,-8.628809928999829],[126.77841949500032,-8.634869575999915],[126.77644348100011,-8.63689994799995],[126.77413177500011,-8.641139983999949],[126.77143859900002,-8.644009589999882],[126.76732635500014,-8.64608001699986],[126.76541137700019,-8.64818954499998],[126.76500701900011,-8.649680137999951],[126.76550293000003,-8.652159690999895],[126.76316070600001,-8.654890059999957],[126.76435089100016,-8.657540320999942],[126.76309204100005,-8.658470153999872],[126.75897979700005,-8.659529685999871],[126.75588989300002,-8.658450126999924],[126.75415802000009,-8.658639907999884],[126.75257110600012,-8.66187000299982],[126.74680328400018,-8.66740989699997],[126.74585723900032,-8.669239997999966],[126.74481964100005,-8.67521953599993],[126.74049377400002,-8.679349898999874],[126.74082946800024,-8.681779860999939],[126.73815155000023,-8.683360099999959],[126.7364273070001,-8.68560028099995],[126.73555755600012,-8.688130378999972],[126.73314666700003,-8.687190055999963],[126.73107147200005,-8.688730239999927],[126.72965240500014,-8.688960074999954],[126.72914123500016,-8.688949584999875],[126.72946167000009,-8.688159942999903],[126.73188018800022,-8.684900283999923],[126.73219299300001,-8.682749747999821],[126.73365783700012,-8.681320189999951],[126.73401641800001,-8.678919791999931],[126.73251342800017,-8.677269935999902],[126.73181915300017,-8.674180030999878],[126.7291030880001,-8.673509597999896],[126.72937774700017,-8.671930312999905],[126.72756958000002,-8.667460441999879],[126.72869110100021,-8.66598987599997],[126.72860717800006,-8.664549827999963],[126.72712707500011,-8.663290023999878],[126.7216262820001,-8.660880088999875],[126.71534729000007,-8.65458965299996],[126.71089172400013,-8.648799895999844],[126.70910644500009,-8.648280143999898],[126.70525360100021,-8.650589942999886],[126.69346618700013,-8.649900435999939],[126.68943786600016,-8.64910983999988],[126.68488311800002,-8.65023040799997],[126.68224334700005,-8.647669791999931],[126.67858123800022,-8.646559714999853],[126.67579650900007,-8.647080420999941],[126.67283630400004,-8.643589972999962],[126.6703033450001,-8.644370078999941],[126.66824340800031,-8.64190959899986],[126.66696929900002,-8.641799926999909],[126.6661682130001,-8.64068984999983],[126.66391754200015,-8.64035987899996],[126.66034698500005,-8.638090133999924],[126.65731048600003,-8.637169837999977],[126.65474700900018,-8.637949943999956],[126.65339660600023,-8.63772010799994],[126.65144348100023,-8.63961029099994],[126.64984130900018,-8.642689704999896],[126.64691162100007,-8.64566039999994],[126.64675140400004,-8.648019790999967],[126.64514923100023,-8.649060248999888],[126.64134979200003,-8.64888954199995],[126.63842010500002,-8.65104961399993],[126.6322708130001,-8.651829719999967],[126.63081359900002,-8.652890204999949],[126.62709045400004,-8.652879714999813],[126.62644958500005,-8.65349006699995],[126.62322235100021,-8.659770011999967],[126.62033081100003,-8.662969588999943],[126.62053680400015,-8.664429664999943],[126.6219635010001,-8.664850234999847],[126.62071991000016,-8.67039966599998],[126.62177276600005,-8.676340102999973],[126.61801147500012,-8.679539679999948],[126.61795806900022,-8.681989669999894],[126.61705780000023,-8.684550284999943],[126.61221313500005,-8.68638038599994],[126.61216735800008,-8.689129828999967],[126.60813903800022,-8.684700011999894],[126.60611724900014,-8.681369780999944],[126.60365295400004,-8.679530143999955],[126.60032653800022,-8.675609588999862],[126.59700775100009,-8.673159598999916],[126.5935363770003,-8.667019843999924],[126.58757782000032,-8.66139984099982],[126.58669281000027,-8.659489631999975],[126.58661651600005,-8.657469748999972],[126.58805847200017,-8.654120444999876],[126.58695983900009,-8.653280257999825],[126.58444976800001,-8.652819632999979],[126.58122253400006,-8.65353012099996],[126.57866668700012,-8.656109809999975],[126.57585907000009,-8.656399726999894],[126.57433319100005,-8.658379554999954],[126.57266998300008,-8.657770156999959],[126.57016754200004,-8.658720015999961],[126.56643676800013,-8.658280372999911],[126.56458282500012,-8.659629821999829],[126.5620880130001,-8.663330077999944],[126.55761718700023,-8.665639876999876],[126.55251312300015,-8.666740416999914],[126.55139160200031,-8.66849994699993],[126.54540252700008,-8.669639586999892],[126.54258728000013,-8.672400474999904],[126.54197692900004,-8.67385005999995],[126.54000091600005,-8.67469978299988],[126.53755188000002,-8.677330016999917],[126.53518676800013,-8.677630423999972],[126.53305053700001,-8.682000159999973],[126.53073883100012,-8.682970046999912],[126.52279663100023,-8.682840346999967],[126.5188827510002,-8.680939673999887],[126.51743316700015,-8.681019782999954],[126.5141830440001,-8.67870044699987],[126.51157379200004,-8.678959845999941],[126.51024627700008,-8.677869796999971],[126.5053405760001,-8.67063045499998],[126.50199127200017,-8.664429664999943],[126.50102996800001,-8.660880088999875],[126.49877166700014,-8.658379554999954],[126.49741363500004,-8.657839774999957],[126.4971694950001,-8.656609534999973],[126.4914398190001,-8.650670051999953],[126.4891967770003,-8.6492300029999],[126.48729705800008,-8.64558982799997],[126.48769378700013,-8.638549804999968],[126.48718261700014,-8.637980460999927],[126.48632049600008,-8.638230323999892],[126.48657989500032,-8.636449813999945],[126.48544311500007,-8.635580062999907],[126.4847564700002,-8.633669852999958],[126.48474121100003,-8.632410048999873],[126.4859390260001,-8.630049705999909],[126.48458862300004,-8.627099990999909],[126.48454284700017,-8.62349033399994],[126.48586273200021,-8.62316989899989],[126.48766326900011,-8.618670463999933],[126.4850921630001,-8.61553955099987],[126.48309326200001,-8.614230155999905],[126.48211669900002,-8.61244010899992],[126.4802322390002,-8.613490104999869],[126.47762298600003,-8.612979888999917],[126.47741699200003,-8.60949993099996],[126.47550964400034,-8.608260154999925],[126.4779663090003,-8.604840278999973],[126.47630310100021,-8.60021972699991],[126.47651672400002,-8.598230361999981],[126.47595214800003,-8.596599578999871],[126.4735031130001,-8.594619750999925],[126.46415710400004,-8.59300041199998],[126.46086120600012,-8.595939635999912],[126.46289062500011,-8.597640037999895],[126.46505737300015,-8.598420142999885],[126.46452331500006,-8.600370406999957],[126.46289825400015,-8.601490020999961],[126.46219635000011,-8.605070113999886],[126.46308136000005,-8.606140136999954],[126.46587371800013,-8.606209754999952],[126.46600341800001,-8.608659743999965],[126.464897156,-8.610859870999946],[126.46230316200013,-8.610730170999943],[126.46098327600009,-8.609780311999941],[126.45890045200008,-8.611579894999977],[126.45938873300008,-8.613690375999909],[126.46140289300013,-8.61293029799998],[126.46192932100018,-8.61371040299997],[126.46121978800034,-8.616020202999948],[126.46218109100005,-8.61767959599996],[126.46022033700001,-8.62065029099989],[126.46016693100034,-8.621800422999911],[126.46185302700007,-8.623410224999873],[126.46726989700005,-8.624059676999877],[126.4690780640002,-8.6261596679999],[126.46936035200008,-8.627579688999901],[126.46782684300001,-8.630100249999941],[126.46317291300022,-8.632450103999929],[126.46087646500007,-8.63786983499989],[126.45863342300015,-8.64039039599993],[126.45883178700001,-8.641670226999963],[126.45749664300001,-8.64286994899993],[126.4541473390002,-8.6435699459999],[126.45482635500025,-8.646759986999882],[126.45452117900004,-8.647970199999918],[126.45046234100016,-8.652709960999971],[126.44831085200019,-8.653750419999824],[126.4489593510001,-8.656209945999933],[126.4468536380001,-8.657239913999888],[126.44609069800003,-8.66047000899988],[126.44468689000018,-8.662039756999832],[126.44521331800001,-8.663009643999942],[126.44766235400004,-8.66300010699996],[126.44835662800006,-8.665060042999869],[126.44785308800033,-8.6666803359999],[126.45007324200003,-8.667160033999892],[126.45031738300008,-8.669449805999932],[126.45480346700015,-8.671640395999873],[126.45126342800006,-8.673020362999921],[126.45088958700012,-8.673789977999945],[126.45292663600003,-8.677160262999905],[126.45285797100007,-8.679759978999869],[126.45334625200007,-8.680219649999913],[126.45471954300012,-8.679679870999905],[126.45482635500025,-8.682880401999967],[126.45616149900002,-8.683699607999813],[126.45539856000005,-8.685959815999922],[126.45130157500012,-8.685680388999913],[126.45012664800015,-8.686180114999956],[126.45008087200006,-8.689740180999934],[126.45278167700019,-8.692500113999927],[126.44853973400029,-8.695119857999885],[126.44863128700001,-8.697879790999878],[126.4475173950002,-8.700860022999905],[126.44410705600001,-8.701740264999898],[126.4434280400003,-8.702930449999883],[126.44229126000005,-8.703109740999878],[126.42646026600005,-8.699460029999898],[126.3995132450001,-8.690219878999926],[126.39787292500023,-8.68861007699985],[126.3946762080003,-8.681389808999938],[126.3948593140002,-8.677510261999828],[126.39240264900002,-8.676699637999889],[126.39189147900004,-8.67525958999994],[126.39026641800012,-8.674220084999888],[126.38955688500016,-8.668519973999878],[126.39002227800017,-8.665450095999915],[126.3928527830002,-8.663339614999927],[126.39437866200001,-8.660659789999954],[126.39716339100016,-8.66012954699994],[126.39710998500016,-8.659580230999893],[126.39452362100008,-8.657340049999902],[126.39315795900006,-8.65876007099996],[126.39131927500011,-8.6572103499999],[126.38851928700012,-8.657250403999967],[126.3874816890002,-8.656249999999943],[126.38593292200005,-8.658379554999954],[126.38368988000013,-8.658419608999964],[126.38371276900011,-8.659210204999908],[126.38474273700024,-8.659859656999913],[126.38456726100014,-8.660799979999922],[126.3804168700002,-8.660180091999962],[126.37991333000025,-8.662859916999935],[126.37789154100005,-8.663129806999962],[126.37741851800024,-8.664489745999958],[126.37558746300022,-8.66617011999989],[126.37400817900004,-8.666749953999897],[126.37155914300013,-8.666319846999954],[126.36932373000002,-8.666870116999974],[126.36678314200014,-8.666190146999952],[126.36373138400006,-8.669520377999902],[126.36177063000014,-8.669199943999956],[126.36103057900027,-8.670510291999904],[126.36000824000018,-8.67028999299987],[126.35875701900011,-8.672809600999926],[126.35655212400002,-8.672060012999964],[126.35640716600005,-8.673560142999918],[126.35804748500004,-8.67529964399995],[126.35726165800008,-8.676210402999914],[126.3576736450002,-8.677740096999912],[126.3541030880001,-8.67735004399998],[126.35366821300022,-8.678750037999976],[126.35137939500021,-8.68103027299992],[126.34860229500009,-8.68171024299994],[126.34546661400009,-8.683810233999907],[126.34249877900015,-8.684339522999892],[126.33927917500023,-8.682629584999916],[126.33569335900017,-8.67765998799996],[126.33467865000011,-8.674260138999955],[126.33191680900018,-8.673009871999966],[126.3283996580002,-8.675149917999931],[126.32363128700013,-8.676159858999824],[126.32238769500009,-8.67897033699984],[126.31967926000004,-8.679840087999935],[126.3169937130001,-8.681590079999978],[126.31392669700006,-8.681260108999936],[126.31186676000004,-8.68237972299994],[126.30758667000009,-8.681980132999911],[126.29728698700012,-8.673870086999898],[126.29078674300001,-8.66981029499982],[126.28633117700008,-8.668569564999927],[126.28253936800002,-8.669300078999981],[126.28000640900007,-8.670559882999953],[126.2815780640002,-8.670849799999928],[126.28186798100012,-8.671460151999895],[126.27835083000002,-8.674059867999972],[126.27912902800006,-8.675450324999929],[126.27895355200008,-8.676529883999876],[126.27764892600021,-8.67825984999996],[126.27365112300004,-8.679300307999938],[126.27391815200008,-8.681139945999917],[126.27271270800031,-8.684519767999973],[126.27281189000018,-8.686610221999956],[126.27210235600012,-8.687040328999899],[126.27028656000016,-8.685799598999836],[126.26837921100014,-8.686759948999963],[126.26686096200001,-8.689060210999969],[126.26740264900002,-8.689729690999854],[126.2642593380001,-8.691479682999955],[126.26435852100019,-8.693550109999933],[126.26187896700003,-8.694499968999935],[126.26027679400022,-8.692170142999885],[126.25826263400006,-8.693550109999933],[126.25299835200019,-8.693989753999972],[126.25285339400011,-8.69322013899989],[126.25496673600003,-8.690679549999913],[126.25640106200001,-8.690070151999976],[126.25489044200003,-8.689200400999937],[126.25425720200008,-8.68760967299994],[126.2515106200002,-8.685210227999903],[126.25051879900013,-8.68533039099998],[126.24693298300008,-8.688730239999927],[126.2454986570001,-8.68873977699991],[126.2450866700002,-8.688440322999838],[126.24565124500009,-8.686349868999969],[126.23930358900009,-8.686579703999882],[126.23870086700003,-8.685810088999972],[126.24025726300022,-8.684769629999948],[126.23773956300022,-8.683239936999883],[126.23399353000002,-8.685870170999976],[126.23291778600014,-8.685070037999935],[126.23310089100028,-8.683970450999936],[126.23232269300001,-8.683429717999957],[126.23145294200026,-8.684240340999963],[126.23013305700022,-8.688019752999935],[126.22769165000011,-8.691329955999834],[126.22792053200021,-8.694359778999967],[126.22901153600003,-8.695969581999918],[126.2264785770002,-8.697999953999954],[126.2185134890002,-8.697640418999981],[126.21762085000012,-8.696470260999945],[126.21729278600003,-8.693440436999936],[126.21631622300026,-8.692290305999961],[126.21465301500018,-8.691780089999952],[126.21346283000003,-8.692239760999882],[126.21425628700001,-8.694840430999932],[126.21391296400009,-8.695690154999909],[126.21228790300006,-8.696359633999975],[126.21109771700014,-8.692210196999895],[126.20889282200005,-8.690139770999963],[126.20829772900015,-8.687210082999911],[126.20781707800006,-8.68706035599996],[126.20214080800008,-8.688380240999948],[126.20056152300003,-8.68622016899991],[126.19905090300006,-8.688220023999975],[126.19989776600005,-8.689470290999964],[126.19819641100014,-8.692420005999963],[126.19745636000005,-8.692060470999877],[126.1970062260001,-8.690070151999976],[126.19563293500005,-8.689060210999969],[126.19339752200017,-8.692729949999944],[126.1919937130001,-8.690380095999842],[126.18805694600007,-8.692629813999929],[126.187911987,-8.68935966499987],[126.1872406010001,-8.688509940999893],[126.18319702100018,-8.689709662999974],[126.17849731400008,-8.688179969999965],[126.17355346700003,-8.681209563999914],[126.16964721700015,-8.678879737999978],[126.16821289100028,-8.67718982699995],[126.16481018100012,-8.676690101999895],[126.16342163100012,-8.678219794999904],[126.16050720200019,-8.679789542999856],[126.15615844700017,-8.676380156999926],[126.15502929700017,-8.673769950999883],[126.15017700200008,-8.673259734999931],[126.15059661900023,-8.670749663999914],[126.15273284900002,-8.667579650999926],[126.15548706100003,-8.665379523999945],[126.15527343700012,-8.663479804999952],[126.15944671600016,-8.661069869999949],[126.16029357900015,-8.659740447999923],[126.16197204600007,-8.659990310999888],[126.16165924100005,-8.658559798999931],[126.16264343300008,-8.658559798999931],[126.16336822500023,-8.657509803999915],[126.16549682600021,-8.657270431999905],[126.1649322510001,-8.656470298999977],[126.16580963100023,-8.65604972799997],[126.16796875000011,-8.65569972999998],[126.1687088010001,-8.653889655999876],[126.17149353000002,-8.653499602999943],[126.17533874500009,-8.651789664999967],[126.17603302000009,-8.65081977799997],[126.17694091800013,-8.650919913999928],[126.17791748000025,-8.650019645999976],[126.17764282200005,-8.64844989799991],[126.1785812380001,-8.647850036999955],[126.18018341100003,-8.647959708999963],[126.18090820300017,-8.645099639999898],[126.1806335450002,-8.643320083999924],[126.18286132800006,-8.642769813999962],[126.1857223510001,-8.63941955599995],[126.18810272200005,-8.638689994999936],[126.18882751500007,-8.63768005399993],[126.1886215210003,-8.636210441999935],[126.1896286010001,-8.633419990999869],[126.19140625000023,-8.631219863999831],[126.19416809100005,-8.630149840999934],[126.19600677500011,-8.626420020999888],[126.19483184800015,-8.621950149999975],[126.19560241700003,-8.62010955799991],[126.19438171400009,-8.61822032899994],[126.19116973900009,-8.615819930999976],[126.19140625000023,-8.613100051999936],[126.19088745100021,-8.61170959499998],[126.1928405760001,-8.608819961999927],[126.19657135000023,-8.60620021799997],[126.19510650600012,-8.603409766999903],[126.19262695300006,-8.601249694999979],[126.1917572020003,-8.599610328999972],[126.19210815400004,-8.594730376999962],[126.19277191200024,-8.593230246999894],[126.19436645500014,-8.592329978999942],[126.19406127900004,-8.588419913999871],[126.19493866000016,-8.587550162999946],[126.19508361800001,-8.585559844999864],[126.19595336900011,-8.584830283999963],[126.19573974600019,-8.58207035099997],[126.19674682600032,-8.581029891999947],[126.1968536380001,-8.579110145999891],[126.19493103000002,-8.576530456999876],[126.19412994400034,-8.576359748999892],[126.19245147700008,-8.571619986999963],[126.1910934450002,-8.572489737999945],[126.19061279300001,-8.573599814999966],[126.19014740000034,-8.572560309999858],[126.18937683100012,-8.57349967999994],[126.18927764900002,-8.570540427999958],[126.1878814700001,-8.570500373999948],[126.18620300300006,-8.568369864999966],[126.18491363500016,-8.563989638999942],[126.1850814820001,-8.562100409999914],[126.18421173100012,-8.561059951999823],[126.18530273400006,-8.55955982199987],[126.1841812130001,-8.558790206999959],[126.18466949500021,-8.554639815999906],[126.18414306600005,-8.553110122999897],[126.18470001200012,-8.552550315999952],[126.18222045900006,-8.550419806999969],[126.18254089400034,-8.549269675999938],[126.18118286100002,-8.548709868999822],[126.18228912400014,-8.547570228999916],[126.18148803700001,-8.546239852999975],[126.1815338130001,-8.54415035199986],[126.1805801390002,-8.542929648999916],[126.18093109100028,-8.542300223999973],[126.18225860600012,-8.542550086999881],[126.18277740500014,-8.541330337999966],[126.18218994100016,-8.54063034099994],[126.17952728300008,-8.5403499599999],[126.18013000500025,-8.539340018999951],[126.18302154500009,-8.538220405999937],[126.18253326400009,-8.536310195999874],[126.18316650400004,-8.534210204999965],[126.1823577880001,-8.530830382999966],[126.183647156,-8.530489921999958],[126.1859207150003,-8.527939795999941],[126.18274688700023,-8.523759841999947],[126.17989349400011,-8.522640227999943],[126.17912292500012,-8.51996040299997],[126.16937255900018,-8.514160155999946],[126.16546630900007,-8.509599685999888],[126.16258239700005,-8.50378990199988],[126.16103363000002,-8.495499610999957],[126.16821289100028,-8.495929717999957],[126.17623901400009,-8.500229835999846],[126.18563842800017,-8.502630233999923],[126.1903228760001,-8.502380370999958],[126.1959762570001,-8.499199866999959],[126.20662689200014,-8.494859694999946],[126.21750640900018,-8.497460364999938],[126.22556304900013,-8.498499869999876],[126.22807312000009,-8.5005302429999],[126.23140716600005,-8.501939773999936],[126.23490905800008,-8.502570151999862],[126.23734283400017,-8.502220153999929],[126.2412033080002,-8.500080108999953],[126.24964141800012,-8.492980002999957],[126.25479126000005,-8.486289977999945],[126.26062011700014,-8.486709594999923],[126.26435089100005,-8.485170363999941],[126.26767730700033,-8.484889983999892],[126.2753295900003,-8.480839728999968],[126.27571106000005,-8.48151016199995],[126.27707672100018,-8.481519698999932],[126.28019714400034,-8.480310439999812],[126.290733337,-8.472379683999975],[126.29966735800019,-8.461669921999885],[126.30853271500018,-8.456049918999952],[126.31440734900002,-8.453579902999934],[126.32362365700021,-8.451620101999879],[126.32511901900011,-8.452210425999965],[126.33007812500023,-8.451250075999894],[126.33693695100021,-8.45129013099995],[126.34005737300026,-8.44987010999995],[126.34332275400004,-8.446009635999928],[126.34680175800008,-8.43854045899991],[126.36074066200001,-8.42628955799995],[126.36810302700019,-8.42555999799987],[126.36984252900004,-8.424799918999952],[126.37056732200006,-8.423199653999973],[126.37265014600007,-8.42267990099998],[126.37567138700001,-8.425200461999964],[126.37722015400004,-8.42749023399989],[126.3807525630001,-8.428350448999936],[126.38295745800008,-8.426989554999977],[126.38446044900002,-8.424850463999974],[126.38880157500034,-8.424079894999977],[126.39153289800015,-8.422510146999969],[126.3955307010001,-8.421669959999974],[126.40701293900008,-8.416970252999874],[126.4081726070001,-8.417570113999943],[126.41188812300004,-8.41728973399995],[126.41445922900016,-8.415369986999906],[126.41655731200012,-8.414979934999963]]]}},{"type":"Feature","properties":{"id":"TL04","name":"Bobonaro","_lon":125.23066,"_lat":-8.97489,"_bbox":[124.93186,-9.21349,125.43442,-8.73481]},"geometry":{"type":"Polygon","coordinates":[[[125.10262298600003,-8.738089560999924],[125.10978698700012,-8.737999915999978],[125.11473083500005,-8.736889838999957],[125.12050628700013,-8.7373199459999],[125.12139129600007,-8.737620353999887],[125.12525177000009,-8.742030143999898],[125.13230896000016,-8.743029593999836],[125.1369705200002,-8.744500159999916],[125.14431762700008,-8.750309943999923],[125.14646148700001,-8.751299857999868],[125.15204620400004,-8.74991989099982],[125.15677642800006,-8.751420020999944],[125.16065216100003,-8.750410079999938],[125.17073059100005,-8.75298023199997],[125.18018341100026,-8.747940062999874],[125.18229675300017,-8.748350142999868],[125.18386840800008,-8.749270438999815],[125.18567657500023,-8.752349853999874],[125.18955993700001,-8.753170012999874],[125.19069671600016,-8.753990172999977],[125.19434356700003,-8.759010314999955],[125.19592285200008,-8.763139724999917],[125.1993713380001,-8.766099929999882],[125.20060730000023,-8.766670226999906],[125.20926666300022,-8.765040397999883],[125.21714782700019,-8.765080451999836],[125.2209777830002,-8.765870093999979],[125.23232269300001,-8.77116012599987],[125.23824310300017,-8.77511024499995],[125.24237060500025,-8.776800155999979],[125.25356292700008,-8.7860202789999],[125.25849151600016,-8.791760444999966],[125.26183319100016,-8.796560286999977],[125.26242828400007,-8.798509597999896],[125.26767730700021,-8.802969932999929],[125.27055358900009,-8.811479567999925],[125.27868652300003,-8.821869849999871],[125.28031158400006,-8.825280189999944],[125.28166961700003,-8.83071994799991],[125.28246307400013,-8.837659835999943],[125.28156280500014,-8.844149589999972],[125.28196716300022,-8.84792995499987],[125.28459930400027,-8.85266017899994],[125.29113006600005,-8.859749793999981],[125.2943496700002,-8.866749762999973],[125.29485321000016,-8.86921977999998],[125.29463195800008,-8.873590468999907],[125.29357147200028,-8.875709533999952],[125.29315185500013,-8.879090308999878],[125.2940673830002,-8.886139869999965],[125.2951965330002,-8.88712978399991],[125.29830169700006,-8.892769813999905],[125.30239868200022,-8.89461040499998],[125.30507659900002,-8.897210120999944],[125.3095169070001,-8.897990226999923],[125.31178283700012,-8.897709845999941],[125.31376647900015,-8.89869022399995],[125.31461334200014,-8.90608978299997],[125.31384277300003,-8.909480094999935],[125.31426239000007,-8.910960196999895],[125.31786346400008,-8.912650107999923],[125.3208236690001,-8.914979934999963],[125.32456970200008,-8.920829772999923],[125.32823944100005,-8.925129889999823],[125.3284530640002,-8.926750182999967],[125.3275299070001,-8.928799628999968],[125.32604980500003,-8.930000304999908],[125.32350921600005,-8.930000304999908],[125.32042694100005,-8.934490203999871],[125.31745147700019,-8.940239905999931],[125.31780242900015,-8.942410468999924],[125.31542205800008,-8.946000098999832],[125.31581115700021,-8.946900367999888],[125.3170166020002,-8.947250365999878],[125.31979370100021,-8.945520400999953],[125.3211288450002,-8.946519851999938],[125.32221221900011,-8.948240279999823],[125.32129669200015,-8.950360297999907],[125.32269287100007,-8.95005989099991],[125.32334137000021,-8.950579642999912],[125.32234191900022,-8.95355987499994],[125.32026672400002,-8.953949927999929],[125.32073974600007,-8.95541953999998],[125.32324981700003,-8.9560699459999],[125.32507324200014,-8.954429625999978],[125.32718658400006,-8.955380439999942],[125.32803344700005,-8.960570334999943],[125.32720947300004,-8.96255016299989],[125.3293304440001,-8.96358966799994],[125.32984924300001,-8.964980124999954],[125.33197021500018,-8.966099738999958],[125.33374023400017,-8.96796035799997],[125.33833313000002,-8.970250129999897],[125.33953857400013,-8.972979545999863],[125.34010314900002,-8.976819991999832],[125.3418426510002,-8.977210044999936],[125.34108734100005,-8.979370116999974],[125.34214782700008,-8.980239867999899],[125.34197998000013,-8.981650351999974],[125.3435897830002,-8.982600211999966],[125.34426879900002,-8.98787021599992],[125.34252929700006,-8.990400313999942],[125.34391784700017,-8.991370200999881],[125.34432983400006,-8.993570327999919],[125.34590148900031,-8.99295043899997],[125.34821319600019,-8.993709563999914],[125.34935760500014,-8.995639800999925],[125.35336303700001,-8.99495983099996],[125.35508728000002,-8.99512004899998],[125.35569763200021,-8.996069907999981],[125.3576507570001,-8.995770453999967],[125.35890197800018,-8.993820189999894],[125.36151123000002,-8.994279860999939],[125.36376953100012,-8.992839812999875],[125.36583709700005,-8.992919921999942],[125.3663330080002,-8.991100310999911],[125.36891174300013,-8.989159583999935],[125.37277221700015,-8.987830161999966],[125.37339782700008,-8.985950469999977],[125.37473297100018,-8.986359595999886],[125.37734222400002,-8.985079764999966],[125.37921905500014,-8.98591995199996],[125.38110351600017,-8.985320090999949],[125.38446807900027,-8.985380172999953],[125.38726806600005,-8.983699798999908],[125.39395141600005,-8.983489989999953],[125.39650726300022,-8.982460021999941],[125.39691162100007,-8.981570243999954],[125.39996337900004,-8.982540130999894],[125.4026718140002,-8.98104000099994],[125.40424346900011,-8.980910300999938],[125.40547180200008,-8.979740142999958],[125.4089202880001,-8.979769706999889],[125.41275787400002,-8.978159903999938],[125.41477203400007,-8.978059768999913],[125.41564178500016,-8.97883987399996],[125.41754150400004,-8.979060172999823],[125.42151641800012,-8.981120109999893],[125.42180633500004,-8.981989860999931],[125.42366027800006,-8.982540130999894],[125.42407226600005,-8.983409881999933],[125.43002319300012,-8.98565006299998],[125.42843627900004,-8.986300467999968],[125.42746734600007,-8.988450049999926],[125.42648315400004,-8.988690375999909],[125.42552948000002,-8.99118995699996],[125.42575836200012,-8.992509841999947],[125.42453002900015,-8.9934101099999],[125.42471313500005,-8.996250152999892],[125.4240570070001,-8.996729850999941],[125.42420196500007,-8.997710227999903],[125.42488098100011,-8.998009681999974],[125.42529296900022,-9.001649856999904],[125.42635345500003,-9.002039908999961],[125.42710876500018,-9.004210471999954],[125.42859649700017,-9.004920005999963],[125.4287567140002,-9.006030082999928],[125.43006134000018,-9.007160186999954],[125.43254852300015,-9.011489867999956],[125.43441772500012,-9.022069930999976],[125.43315887500023,-9.026229857999908],[125.42717742900004,-9.031880378999972],[125.42415618900031,-9.036109923999902],[125.42360687300015,-9.03810977899991],[125.42162323000025,-9.039999961999968],[125.4203262330002,-9.039979934999849],[125.41954803500005,-9.03822994199993],[125.4155502320001,-9.034529685999928],[125.41272735600012,-9.030879973999902],[125.41118621800001,-9.022150039999929],[125.4089202880001,-9.019579886999907],[125.40724945100033,-9.019579886999907],[125.40048217800006,-9.031220435999899],[125.39895629900002,-9.032449721999853],[125.3958129880001,-9.033289908999905],[125.39615631100014,-9.037389754999936],[125.39507293700001,-9.040289878999886],[125.39153289800015,-9.043049811999936],[125.38719177200016,-9.048279761999936],[125.38034820600001,-9.04967021899995],[125.37876892100019,-9.050510405999944],[125.37544250500014,-9.054570197999908],[125.37122345000012,-9.061880111999812],[125.36840820300006,-9.063309668999977],[125.36765289300001,-9.06583023099995],[125.36860656700026,-9.067339896999897],[125.36859130900007,-9.06892967199991],[125.37026214600007,-9.070770263999975],[125.37069702100007,-9.07256984699984],[125.37270355200008,-9.07380962399992],[125.37206268300008,-9.075730323999949],[125.37242889400011,-9.07796001399987],[125.37024688700012,-9.081870078999827],[125.36794281000016,-9.081720351999934],[125.36794281000016,-9.082940101999895],[125.36576080300017,-9.087710380999965],[125.36791992200006,-9.090209960999914],[125.36901855500003,-9.093290328999899],[125.36927032500012,-9.096320151999919],[125.37230682400013,-9.097570418999908],[125.37374115000011,-9.100449561999937],[125.3739395140002,-9.102529525999898],[125.37136840800008,-9.10832023599994],[125.37142944300024,-9.112310409999964],[125.36984252900004,-9.11503982499994],[125.36869049100028,-9.115570067999897],[125.36747741700015,-9.117580413999974],[125.3654632570001,-9.119239806999872],[125.36344909700006,-9.126890181999954],[125.3616561890002,-9.12808990499991],[125.36045837400013,-9.130160331999889],[125.35796356200012,-9.128919600999836],[125.35711669900013,-9.127619742999912],[125.35428619400011,-9.128109931999973],[125.35014343300008,-9.126110076999964],[125.34754180900018,-9.12613010399997],[125.34565734900002,-9.1251001359999],[125.34130096400008,-9.125289916999975],[125.33844757100019,-9.128190040999868],[125.33689117400024,-9.128379821999943],[125.3360366820001,-9.127750396999886],[125.33315277100007,-9.12856006599992],[125.3313598630001,-9.12808990499991],[125.32898712200017,-9.129799842999944],[125.32615661600005,-9.13681030299989],[125.32012176500018,-9.14035987899996],[125.31745147700019,-9.143639564999887],[125.31717681900022,-9.148050307999881],[125.31617736800001,-9.15132999399998],[125.31687164300001,-9.155940055999963],[125.32111358600002,-9.157010077999928],[125.32424926800002,-9.160579680999888],[125.32740020800009,-9.161459922999882],[125.32917022700008,-9.163160323999875],[125.33051300000011,-9.162980079999897],[125.33101654100005,-9.163829802999942],[125.33306121800013,-9.163370131999955],[125.33881378200033,-9.165510177999977],[125.34052276600016,-9.165490149999926],[125.34368133500016,-9.168279647999896],[125.34636688200021,-9.16899967199987],[125.34935760500014,-9.17105960799995],[125.35143280000011,-9.17136955299992],[125.35249328600014,-9.172690391999879],[125.34760284400011,-9.17957973499989],[125.34503173800022,-9.181369780999944],[125.34459686300022,-9.18402004199993],[125.34580993700001,-9.187689780999904],[125.34147644000006,-9.191760062999947],[125.33920288100012,-9.195179938999956],[125.33560943600003,-9.197910308999894],[125.32692718500016,-9.194809913999961],[125.32373046900011,-9.195650100999956],[125.32219696000004,-9.198249816999919],[125.32145690900018,-9.198349952999877],[125.31964111300022,-9.195159911999895],[125.31610870400004,-9.197380065999937],[125.31127166700014,-9.19917011299998],[125.30348205600001,-9.205269813999905],[125.3003616330002,-9.203209876999892],[125.29695129400034,-9.20221996299989],[125.28591918900031,-9.200810431999969],[125.28064727800017,-9.204950332999942],[125.27986145000011,-9.208539962999964],[125.27852630600012,-9.210740088999898],[125.26725006100003,-9.203900336999936],[125.26374054000019,-9.20600032799996],[125.2588119510001,-9.207670211999925],[125.25608825700021,-9.209879874999956],[125.25460815400004,-9.212160109999957],[125.25108337400002,-9.213489531999926],[125.24836731000005,-9.211279868999895],[125.24726104700005,-9.208419799999945],[125.24600982700008,-9.207429885999943],[125.24392700200019,-9.208769797999935],[125.24201202400002,-9.208800315999895],[125.24252319300012,-9.210350036999955],[125.24195861800001,-9.211400031999972],[125.24099731400008,-9.21170043899997],[125.23922729500009,-9.210430144999918],[125.24025726300022,-9.209739684999931],[125.23827362100019,-9.208290099999942],[125.2347335820001,-9.208760261999942],[125.2313919070001,-9.206780433999938],[125.22705078100012,-9.205300330999933],[125.2261505130001,-9.20429038999987],[125.22556304900013,-9.199850081999898],[125.22820282000009,-9.194000243999938],[125.22850036600005,-9.192379950999907],[125.22798919700017,-9.191040038999972],[125.23164367700019,-9.187660216999916],[125.23194885300006,-9.185830115999863],[125.2309799190001,-9.184229850999884],[125.22982788100023,-9.179260253999928],[125.22530365000011,-9.175459861999968],[125.22120666500007,-9.17467021899995],[125.21486663800022,-9.172160148999978],[125.21177673300008,-9.170180320999975],[125.20704650900018,-9.17047023799995],[125.2028884890002,-9.169019698999932],[125.20062255900018,-9.16946983299988],[125.19925689700028,-9.168120383999963],[125.19515228300031,-9.16788005799998],[125.18437957800006,-9.162240027999871],[125.18357849100016,-9.162280082999814],[125.17920684800004,-9.166239737999945],[125.17783355700021,-9.160260200999915],[125.17642211900011,-9.158069610999974],[125.17887878400006,-9.153610228999923],[125.17845153800022,-9.151809691999972],[125.17900085400004,-9.151280402999873],[125.17870330800008,-9.148810386999969],[125.1792907710003,-9.146840095999949],[125.17783355700021,-9.144860267999888],[125.17620086700003,-9.144020080999951],[125.17629241900022,-9.14278984099991],[125.17563629200004,-9.142000197999948],[125.17574310300006,-9.136770247999948],[125.17314147900004,-9.13411045099997],[125.17201232900004,-9.130020141999921],[125.1726379390002,-9.127189635999969],[125.1712036130001,-9.125789641999916],[125.17185211200024,-9.12360954299993],[125.17062377900015,-9.123410224999873],[125.17125701900011,-9.120409965999954],[125.17286682100007,-9.118849753999939],[125.17469024700017,-9.118169784999964],[125.17833709700005,-9.118929862999892],[125.17923736600005,-9.118499755999949],[125.17907714800015,-9.117030143999841],[125.17772674600008,-9.114899634999972],[125.17806243900009,-9.112509726999917],[125.17463684100017,-9.109000205999962],[125.17320251500018,-9.106019973999935],[125.17604064900002,-9.104459762999909],[125.17799377400002,-9.10041999799995],[125.1780929570001,-9.098649978999958],[125.17733001700003,-9.096750258999975],[125.17878723100023,-9.093500136999921],[125.17904663100035,-9.088219642999832],[125.1801986690001,-9.083900451999966],[125.18187713600003,-9.081890105999946],[125.18425750700021,-9.08076953899996],[125.18456268300008,-9.075400351999974],[125.18685913100012,-9.07448005699996],[125.1872406010001,-9.073719977999872],[125.18483734100005,-9.068079947999934],[125.18403625500002,-9.063309668999977],[125.18476867700008,-9.059350013999904],[125.1869277950002,-9.058759688999885],[125.18852996800013,-9.057109832999913],[125.18881225600023,-9.0523395539999],[125.18789672900004,-9.049209594999923],[125.1888809200002,-9.047599791999971],[125.1889114380001,-9.045760154999925],[125.18688201900011,-9.041199683999935],[125.18505859400011,-9.040189742999871],[125.18427276600016,-9.037079810999955],[125.18509674100005,-9.030879973999902],[125.18536377000021,-9.030150413999934],[125.18649292000032,-9.02997970599995],[125.18649292000032,-9.029259681999974],[125.18408203100012,-9.02593994099982],[125.17944335900017,-9.023130416999948],[125.1756973270002,-9.019829749999815],[125.17144012500034,-9.01756000499995],[125.16291809100005,-9.010640143999922],[125.16142272900004,-9.007889747999968],[125.15804290800008,-9.005519866999919],[125.15487670900018,-9.001600265999969],[125.15161132800006,-9.000040053999953],[125.14859771700003,-8.995710372999895],[125.14132690400004,-8.9963598249999],[125.13835907000009,-8.99612045299989],[125.13513183600014,-8.994660377999878],[125.13329315200019,-8.991990088999842],[125.12992095900017,-8.989720344999967],[125.13012695300017,-8.98672962199987],[125.12888336200001,-8.98301029199996],[125.1246337890002,-8.978960036999979],[125.12174987800006,-8.978139876999876],[125.12122345000023,-8.971349715999906],[125.12037658700001,-8.969969748999972],[125.11624145500002,-8.96994972199991],[125.11396789600008,-8.96774959599992],[125.11186218300008,-8.966730117999873],[125.11018371600005,-8.967679976999932],[125.10856628400029,-8.96998977699991],[125.10426330600023,-8.972649573999831],[125.10146331800001,-8.981940268999892],[125.10204315200008,-8.987449645999959],[125.10006713900009,-8.991250037999976],[125.09841918900031,-8.998840331999872],[125.09458160400015,-9.003780364999955],[125.0926132200002,-9.005370139999968],[125.08831024200015,-9.01169967699991],[125.08202362100019,-9.014369964999958],[125.08058166500007,-9.01725006099997],[125.07660675000022,-9.021769523999978],[125.07247161900011,-9.023079871999869],[125.07074737500011,-9.025799750999965],[125.06765747100008,-9.027939795999885],[125.06266021700014,-9.028550147999965],[125.05782318100012,-9.027150153999855],[125.05476379400022,-9.028770446999886],[125.05251312300004,-9.03182029699991],[125.04273986800013,-9.031999587999906],[125.04002380400004,-9.03441047699988],[125.03771972700031,-9.033140181999954],[125.03616333000002,-9.036410331999889],[125.0314788820001,-9.038189887999977],[125.03109741200012,-9.039279937999936],[125.03156280500002,-9.041799544999947],[125.03044891400009,-9.043540000999883],[125.0261535640002,-9.044039725999937],[125.02335357700008,-9.042320250999865],[125.02176666300022,-9.042920112999923],[125.02088928200033,-9.04393958999998],[125.02159881600005,-9.046110152999915],[125.02113342300004,-9.04938030199986],[125.0196533200002,-9.050279616999944],[125.01640319800003,-9.050370215999976],[125.01161956800001,-9.049429892999967],[125.01053619400011,-9.049940108999976],[125.00789642300003,-9.055500030999951],[125.00697326700003,-9.059630393999896],[125.00441741900022,-9.06272983599996],[124.99636840800008,-9.064909934999946],[124.99443817100018,-9.064020156999959],[124.9919281010001,-9.064259528999969],[124.990646362,-9.063599585999953],[124.988693237,-9.060110091999888],[124.98792266800012,-9.060509681999918],[124.98677825900018,-9.064140319999865],[124.98515319800003,-9.064769744999978],[124.98417663600014,-9.065959929999963],[124.97463989300002,-9.063070296999967],[124.9722671510001,-9.058600425999941],[124.9681777950002,-9.055890082999952],[124.9663772580002,-9.056139945999973],[124.96479797400002,-9.058429717999957],[124.96150207500011,-9.05753993999997],[124.95633697500011,-9.058369636999942],[124.95400238000013,-9.056650161999869],[124.95355987500022,-9.055540084999961],[124.95359039300024,-9.050999640999976],[124.95276641800001,-9.048620223999933],[124.95049285900006,-9.048780440999963],[124.94982147200005,-9.049860000999956],[124.95068359400034,-9.051139831999933],[124.9502868650003,-9.05206012699989],[124.94802856400008,-9.052650451999966],[124.94738006600005,-9.052249907999965],[124.94669342000009,-9.049119948999873],[124.94228363000002,-9.04889011399996],[124.94264984100005,-9.047400474999904],[124.94022369400011,-9.04699039499991],[124.93984985400016,-9.046279906999928],[124.94068908700001,-9.045410155999889],[124.9402999880001,-9.044019698999875],[124.94078826900011,-9.043390273999933],[124.94011688200021,-9.04236984299996],[124.94085693400018,-9.041769980999959],[124.94068908700001,-9.040220260999945],[124.94197845500014,-9.037030219999963],[124.93908691400009,-9.036279677999914],[124.93615722700008,-9.032400130999918],[124.93488311800002,-9.031720160999953],[124.93193054200003,-9.028280257999938],[124.93186187700007,-9.018159865999849],[124.93768310500002,-9.018659591999892],[124.93701934800004,-9.016510009999934],[124.93743133500016,-9.009449958999937],[124.93657684300013,-9.007080077999944],[124.93807983400006,-9.003780364999955],[124.93673706100003,-9.000849723999977],[124.93283081100014,-8.999979972999938],[124.93424224900002,-8.994729995999876],[124.93547058100012,-8.992879867999932],[124.93639373800033,-8.99263954199995],[124.93837738000002,-8.987350463999917],[124.94104003900009,-8.984210013999927],[124.94116210900006,-8.978719710999883],[124.9454116820001,-8.976409911999895],[124.94592285200008,-8.973369597999977],[124.94776153600003,-8.971420287999877],[124.94821929900013,-8.969909667999957],[124.9502868650003,-8.968910216999973],[124.95169067400002,-8.960969924999972],[124.95041656500018,-8.960080146999871],[124.95004272500034,-8.95804023699992],[124.95427703900009,-8.95427989999996],[124.95691680900018,-8.95022010799994],[124.95897674600019,-8.94909000399997],[124.96150207500011,-8.94867038699988],[124.9645767210003,-8.94661045099997],[124.97093963600003,-8.945929526999919],[124.97583770800009,-8.942049979999922],[124.97717285200008,-8.94009017899998],[124.98047637900027,-8.931119918999912],[124.98040008500004,-8.930000304999908],[124.98415374800015,-8.927590369999905],[124.98696899400022,-8.923939704999952],[124.98943328900009,-8.91862010999995],[124.99037170400004,-8.91217040999993],[124.99260711700015,-8.90577983899982],[124.99752044700006,-8.89896964999997],[125.00034332300004,-8.893540381999912],[125.00100708000002,-8.88681983899994],[125.00404357900015,-8.879130362999888],[125.00389862100008,-8.873970031999875],[125.00512695300006,-8.864480018999927],[125.00682067900004,-8.862250327999902],[125.0084228520002,-8.861499785999968],[125.00940704300001,-8.858960151999895],[125.01042175300017,-8.85871028899993],[125.0120773320001,-8.85614967299989],[125.01309204100005,-8.855750083999965],[125.0134887700001,-8.853810309999972],[125.01535034200015,-8.853890418999924],[125.0165176390002,-8.852910041999962],[125.01835632300026,-8.850270270999886],[125.01799011200012,-8.849220275999869],[125.02059173600003,-8.848340033999875],[125.02253723100034,-8.844779967999898],[125.02485656700003,-8.8438501359999],[125.02686309800004,-8.840620040999966],[125.02805328400018,-8.839859961999878],[125.02789306600005,-8.83847045899995],[125.03069305400004,-8.83917999299996],[125.03368377700019,-8.837059974999931],[125.0357437130001,-8.833649634999858],[125.03579711900022,-8.8315000529999],[125.0383377080002,-8.831580161999966],[125.03885650600012,-8.83045959499998],[125.03999328600003,-8.830080031999898],[125.03997039800015,-8.82927989999996],[125.0416793820001,-8.828720092999902],[125.04360199000007,-8.829429625999921],[125.0452270510001,-8.828780173999917],[125.0475387570001,-8.829179763999946],[125.0510864260001,-8.828700065999953],[125.05200958300031,-8.829739570999891],[125.05354309100005,-8.829270362999978],[125.05522155800008,-8.830309867999915],[125.05787658700012,-8.827520369999945],[125.05895233200022,-8.827960013999927],[125.06873321500007,-8.825229644999979],[125.07308197000009,-8.819849967999971],[125.07607269300001,-8.81764030499994],[125.07980346700015,-8.816029548999893],[125.08355712900004,-8.811160087999951],[125.08614349400011,-8.809189795999941],[125.08734893800033,-8.80671024299994],[125.09377288800022,-8.802120208999952],[125.09435272200005,-8.799639701999979],[125.09602356000005,-8.797989844999961],[125.09722900400016,-8.794409751999979],[125.09738922100018,-8.786450385999956],[125.09432220500025,-8.765660285999957],[125.09307861300022,-8.749199866999902],[125.09052276600005,-8.736169814999869],[125.09087371800013,-8.734809874999883],[125.10262298600003,-8.738089560999924]]]}},{"type":"Feature","properties":{"id":"TL05","name":"Covalima","_lon":125.23241,"_lat":-9.23415,"_bbox":[124.97682,-9.4603,125.54024,-9.00646]},"geometry":{"type":"Polygon","coordinates":[[[125.43650054900013,-9.006460189999927],[125.44071960400004,-9.010210036999922],[125.44091033900008,-9.011619567999958],[125.44270324700017,-9.013440131999971],[125.44344329800003,-9.015480041999979],[125.44355011000016,-9.018630027999848],[125.4459228520002,-9.021080016999974],[125.44806671100002,-9.021920203999912],[125.44856262200005,-9.024660109999957],[125.44978332500011,-9.02597045899995],[125.44918823200032,-9.027620315999854],[125.44995117200006,-9.028820037999822],[125.4495162960003,-9.030209540999863],[125.44750213600014,-9.031729697999936],[125.44521331800024,-9.03791999799995],[125.44599914600008,-9.040530204999811],[125.44925689700005,-9.042079925999872],[125.44905090300006,-9.042650222999896],[125.44779968300008,-9.042349814999909],[125.44788360600023,-9.044690131999914],[125.44686889600007,-9.047840117999954],[125.44877624500009,-9.050279616999944],[125.44782257100007,-9.05235004399998],[125.4454879760001,-9.054329871999926],[125.44434356700015,-9.061829566999961],[125.45011138900009,-9.064649581999902],[125.4629135130001,-9.066049575999898],[125.46762085000012,-9.070050239999887],[125.46897888200021,-9.073060035999958],[125.47297668500016,-9.07474994699993],[125.47522735600012,-9.07773971599994],[125.47511291500018,-9.088769912999965],[125.47592163100012,-9.09130954699998],[125.47998046900022,-9.098290442999883],[125.48124694800003,-9.106590270999959],[125.48071289100005,-9.109580039999969],[125.47839355500014,-9.11324024199996],[125.47791290300017,-9.116490363999958],[125.47448730500003,-9.1241102219999],[125.4742431640002,-9.127809524999975],[125.48200225800008,-9.131750106999903],[125.48609924300001,-9.131609916999935],[125.48677063000002,-9.134019851999938],[125.48861694300012,-9.135709762999966],[125.49485778800022,-9.138139724999917],[125.494552612,-9.138719558999867],[125.49587249800015,-9.139749526999822],[125.49461364700016,-9.141469954999877],[125.49643707300004,-9.14367961899984],[125.50277710000012,-9.14313030199986],[125.50438690200008,-9.141719817999956],[125.50950622600021,-9.144069671999944],[125.51293945300017,-9.144659995999973],[125.5140533450001,-9.144240378999939],[125.51512146000016,-9.144789695999918],[125.51618957500011,-9.143639564999887],[125.51892852800017,-9.145910262999905],[125.52052307100007,-9.14538955699993],[125.52308654800015,-9.146160125999927],[125.52475738500004,-9.147270202999891],[125.52498626700003,-9.155269622999924],[125.52747345000023,-9.155779838999933],[125.5284194950001,-9.157670020999944],[125.5308609010001,-9.15791988399991],[125.54023742700019,-9.161769866999975],[125.53787994400022,-9.16767978699994],[125.53582763700001,-9.175550460999943],[125.53295898400006,-9.180509566999888],[125.53154754600018,-9.187140464999914],[125.52825164800015,-9.19184970899994],[125.52835845900017,-9.196900367999945],[125.52958679200026,-9.204339980999976],[125.52728271500018,-9.20730018599994],[125.52809906000005,-9.209690093999882],[125.52728271500018,-9.212050437999949],[125.52745819100005,-9.212989806999872],[125.5294723510001,-9.213890075999927],[125.52863311800002,-9.216030120999903],[125.52984619100016,-9.217129706999856],[125.52958679200026,-9.218440055999906],[125.52549743700001,-9.222180366999964],[125.52292633100012,-9.222820281999873],[125.51795196500007,-9.222760200999971],[125.50810241700015,-9.224510192999958],[125.49276733400006,-9.230010032999928],[125.48179626500018,-9.236060142999861],[125.4566421510001,-9.251770019999924],[125.45387268100023,-9.25228977199987],[125.45253753700013,-9.25360012099992],[125.44850921600028,-9.255270003999897],[125.43283081100003,-9.260809897999877],[125.42622375500014,-9.262419700999942],[125.4228210450002,-9.261280059999876],[125.41565704300001,-9.26146984099995],[125.41478729200003,-9.260890006999944],[125.39874267600021,-9.262570380999875],[125.38569641100014,-9.266369819999909],[125.37600708000002,-9.270950316999915],[125.36287689200003,-9.279649733999918],[125.35489654500009,-9.28651046799996],[125.3484497070001,-9.293190001999903],[125.34764099100005,-9.293239593999942],[125.3454132080002,-9.295169829999963],[125.34411621100003,-9.295370101999936],[125.34394073500005,-9.296079635999888],[125.3387374880001,-9.299579619999975],[125.33782196000016,-9.301110267999945],[125.33730316200001,-9.300600051999936],[125.33476257300003,-9.300800322999976],[125.33083343500005,-9.302709578999952],[125.32334899900002,-9.307660102999932],[125.32080841100014,-9.31017017399995],[125.3142166140002,-9.312479972999938],[125.30757141100003,-9.317449569999951],[125.29464721700003,-9.329150199999958],[125.28991699200003,-9.335120200999938],[125.28552246100003,-9.34428977999994],[125.28122711200001,-9.349800109999876],[125.2784194950001,-9.352120398999944],[125.27599334700005,-9.353070258999821],[125.27203369100005,-9.351340293999954],[125.26941680900006,-9.351039885999967],[125.26506805400004,-9.35219001799993],[125.26187896700003,-9.354209899999944],[125.25630188000002,-9.360890387999916],[125.25211334200003,-9.372209548999876],[125.2427978520002,-9.378350257999841],[125.23426055900018,-9.385620116999974],[125.20905304000019,-9.410690307999914],[125.20744323700012,-9.41131973299997],[125.20619201700003,-9.410650252999915],[125.1943588260001,-9.408780097999966],[125.18943023700012,-9.409179687999938],[125.17495727500022,-9.411890029999881],[125.15708160400004,-9.414270400999953],[125.14687347400013,-9.41697978999997],[125.13980102500011,-9.419569968999951],[125.12654113800022,-9.426070212999889],[125.11461639400011,-9.434140204999949],[125.10179138200021,-9.446000098999889],[125.08965301500007,-9.460300445999962],[125.08853912400002,-9.460009574999901],[125.08772277800017,-9.457059859999902],[125.08553314200003,-9.454460143999938],[125.08669281000005,-9.451849936999963],[125.08796691900022,-9.45153999299987],[125.08778381300021,-9.450869559999944],[125.08435821500007,-9.449569701999962],[125.08360290500013,-9.446829795999975],[125.08174896200012,-9.44598007199994],[125.0814590450002,-9.443360328999972],[125.07972717300004,-9.442939757999909],[125.07949829100016,-9.442130088999875],[125.08144378700001,-9.438300132999814],[125.07933807400013,-9.434490203999871],[125.08149719200003,-9.43284988399995],[125.08184814500021,-9.430979728999944],[125.07998657200028,-9.42982006099993],[125.0811767580002,-9.426950454999883],[125.07919311500007,-9.42667961099994],[125.07898712200006,-9.426110267999945],[125.08164978000002,-9.42152023299991],[125.08144378700001,-9.420889853999881],[125.07920837400002,-9.420399665999923],[125.07878875700021,-9.41742038699988],[125.07945251500007,-9.41590976699996],[125.08180236800024,-9.413940429999911],[125.08084106400008,-9.410409926999932],[125.07742309600008,-9.40559959399991],[125.07723999000007,-9.402159690999952],[125.07826232900004,-9.396430015999897],[125.08020019500009,-9.391779899999904],[125.08003997800006,-9.390419959999974],[125.07660675000022,-9.386309623999978],[125.07544708300009,-9.38383006999993],[125.07399749800004,-9.382969855999875],[125.07093811000016,-9.382479667999917],[125.06948089600007,-9.38008022299988],[125.06796264600018,-9.378970145999972],[125.06758880600012,-9.375519752999935],[125.06645202600009,-9.373000144999935],[125.06020355200019,-9.371339797999951],[125.05873870800008,-9.366900443999896],[125.05560302700007,-9.364899634999972],[125.05529022200005,-9.36336040499998],[125.05293273900031,-9.363349914999844],[125.05259704600019,-9.361069678999911],[125.05078887900004,-9.35949993099996],[125.05081939700005,-9.357110022999962],[125.05190277100019,-9.354789733999894],[125.05148315400004,-9.353859900999964],[125.04958343500016,-9.354129790999934],[125.04955291700026,-9.353529929999922],[125.0499801640002,-9.349040030999959],[125.05149078400007,-9.344530105999922],[125.05110168500016,-9.343070029999978],[125.05177307100007,-9.342149733999975],[125.0516510010001,-9.33568954499998],[125.05095672600032,-9.333720206999885],[125.05240631100014,-9.331080436999969],[125.05166626000005,-9.329250335999973],[125.05032348600002,-9.327960013999927],[125.04959869400022,-9.324720382999885],[125.04495239300013,-9.32192039499995],[125.03752899200003,-9.318679809999878],[125.02961731000005,-9.316749572999981],[125.02583313000014,-9.312990188999947],[125.0236129760001,-9.311679839999954],[125.02266693100023,-9.310440062999874],[125.02216339100016,-9.307979583999952],[125.01883697500011,-9.303629874999956],[125.01493835400004,-9.300930022999978],[125.01049804700006,-9.299340247999965],[125.00971221900022,-9.297459601999947],[125.00627899200015,-9.293999671999927],[125.00116729700005,-9.293470382999942],[125.000411987,-9.294230460999927],[124.9969406130001,-9.294070243999897],[124.99452209500032,-9.290229796999938],[124.99433136000005,-9.289520263999975],[124.99545288100012,-9.288700103999929],[124.99568939200003,-9.28547954599992],[124.99803924600008,-9.281040191999978],[124.99788665800008,-9.278340339999943],[124.99452972400002,-9.273249625999938],[124.98941040000011,-9.267959594999923],[124.98854064900013,-9.265449523999962],[124.98887634300002,-9.263890265999919],[124.98738098100011,-9.260789870999929],[124.98813629200004,-9.256890296999927],[124.98782348600002,-9.254340171999957],[124.98667144800015,-9.254269599999816],[124.98628997800017,-9.25251007099996],[124.9848327640002,-9.251660346999927],[124.98439025900007,-9.249850272999822],[124.98577880900007,-9.245690345999947],[124.98452758800022,-9.24534988399995],[124.98322296100002,-9.243849753999825],[124.98339080800008,-9.243029593999893],[124.98142242400013,-9.241970061999893],[124.98300170900018,-9.240940093999939],[124.98235321000004,-9.240389823999976],[124.98306274400011,-9.239480018999927],[124.98219299300001,-9.238889693999965],[124.98256683300008,-9.235639571999968],[124.98097991900022,-9.235349654999936],[124.9781494140002,-9.232950210999945],[124.97770690900006,-9.2310304639999],[124.97682189900002,-9.230569838999884],[124.97734832800018,-9.229840278999916],[124.97869873000002,-9.229990004999877],[124.98040771500007,-9.229080199999942],[124.9808731080002,-9.227259635999928],[124.9817504880001,-9.226619719999974],[124.9806671140002,-9.224550246999911],[124.98153686500007,-9.220720290999907],[124.98081970200019,-9.218059539999956],[124.98164367700008,-9.214099883999893],[124.98148345900029,-9.210300445999962],[124.98284149200015,-9.20588016499994],[124.9833679200002,-9.200260161999836],[124.98600769000006,-9.195520400999953],[124.98840332000009,-9.193579673999977],[124.98876953100012,-9.191229819999876],[124.98809051500007,-9.185689925999895],[124.99040222200006,-9.178680419999978],[124.99327850300028,-9.176420211999925],[124.99433136000005,-9.172410010999954],[124.99954223600014,-9.17418956799986],[125.00301361100003,-9.172389983999892],[125.0055236820001,-9.174590110999873],[125.00895690900006,-9.174799918999895],[125.01171112100008,-9.173899650999942],[125.0137710570001,-9.169719695999959],[125.02031707800006,-9.170140265999919],[125.0243835450002,-9.171589850999965],[125.02604675300029,-9.171500205999905],[125.02677154500009,-9.170200347999923],[125.02832031200023,-9.169540404999964],[125.03305053700001,-9.170240401999934],[125.03344726600005,-9.172410010999954],[125.0349731450001,-9.172499656999946],[125.0356903080002,-9.174449920999905],[125.03981018100012,-9.173399924999899],[125.04193115200019,-9.174309730999937],[125.04360961900022,-9.172389983999892],[125.04824829100016,-9.171569823999903],[125.04946136500018,-9.170009612999934],[125.0510787960003,-9.170060157999956],[125.0521926880001,-9.169079780999937],[125.05593872100019,-9.169770240999867],[125.05621337900016,-9.171509742999888],[125.0601577760001,-9.172889708999946],[125.06526947000009,-9.173270225999886],[125.06552124000018,-9.17407989499992],[125.06713867200006,-9.174369811999952],[125.06800079300001,-9.175800322999976],[125.07102966300022,-9.174969672999907],[125.07398986800024,-9.175760268999966],[125.07646179200015,-9.18288993799996],[125.07894134500009,-9.185709952999957],[125.07917022700019,-9.188750266999875],[125.08215332000032,-9.19009017899998],[125.08641052200016,-9.193630218999886],[125.09036254900002,-9.19544029199983],[125.0992431640002,-9.205010413999958],[125.10045623800022,-9.202839850999851],[125.1010665890002,-9.198889731999941],[125.10275268600014,-9.195560454999907],[125.10568237300015,-9.196260451999933],[125.10791778600014,-9.192420005999963],[125.11334228500016,-9.189220427999885],[125.1163864140002,-9.186479567999868],[125.12093353300008,-9.185429572999851],[125.12332916300011,-9.183320044999903],[125.12756347700031,-9.18187046099996],[125.12954711900011,-9.179809569999975],[125.13214874300013,-9.17947006199995],[125.13307952900004,-9.178389548999917],[125.1335525510001,-9.175069808999865],[125.13716888400006,-9.175029754999912],[125.13973236100003,-9.173850059999836],[125.14086914100005,-9.17422962199987],[125.14415741000005,-9.172120093999979],[125.14891052200005,-9.171449660999826],[125.15293884300002,-9.172519683999894],[125.15458679200003,-9.173589705999973],[125.15532684300013,-9.173600196999928],[125.1558303830002,-9.172739982999929],[125.15857696500007,-9.173740386999896],[125.16163635300006,-9.173250197999948],[125.16697692900004,-9.173950194999861],[125.17149353000002,-9.172989844999961],[125.17363739000018,-9.174030303999928],[125.1741333010001,-9.175379752999902],[125.17471313500005,-9.175450324999815],[125.17468261700003,-9.173660277999943],[125.17722320600001,-9.169719695999959],[125.17864990200007,-9.168919562999918],[125.17920684800004,-9.166239737999945],[125.18390655500014,-9.162199973999918],[125.19640350300006,-9.168270110999913],[125.19925689700028,-9.168120383999963],[125.20062255900018,-9.16946983299988],[125.2028884890002,-9.169019698999932],[125.20704650900018,-9.17047023799995],[125.21095275900007,-9.16998004899989],[125.21243286100014,-9.170350074999874],[125.21486663800022,-9.172160148999978],[125.22120666500007,-9.17467021899995],[125.22456359900002,-9.17502021799993],[125.22982788100023,-9.179260253999928],[125.23187255900007,-9.187009810999939],[125.22978973400018,-9.189900397999907],[125.22798919700017,-9.191040038999972],[125.22850036600005,-9.192379950999907],[125.22820282000009,-9.194000243999938],[125.22556304900013,-9.199850081999898],[125.22580719000018,-9.203330039999969],[125.22705078100012,-9.205300330999933],[125.2313919070001,-9.206780433999938],[125.2347335820001,-9.208760261999942],[125.23827362100019,-9.208290099999942],[125.24025726300022,-9.209739684999931],[125.23922729500009,-9.210430144999918],[125.24099731400008,-9.21170043899997],[125.24195861800001,-9.211400031999972],[125.24252319300012,-9.210350036999955],[125.24201202400002,-9.208800315999895],[125.24392700200019,-9.208769797999935],[125.24600982700008,-9.207429885999943],[125.24726104700005,-9.208419799999945],[125.24836731000005,-9.211279868999895],[125.25108337400002,-9.213489531999926],[125.25460815400004,-9.212160109999957],[125.25608825700021,-9.209879874999956],[125.2588119510001,-9.207670211999925],[125.26374054000019,-9.20600032799996],[125.26725006100003,-9.203900336999936],[125.27852630600012,-9.210740088999898],[125.27986145000011,-9.208539962999964],[125.28064727800017,-9.204950332999942],[125.28591918900031,-9.200810431999969],[125.29695129400034,-9.20221996299989],[125.3003616330002,-9.203209876999892],[125.30348205600001,-9.205269813999905],[125.31127166700014,-9.19917011299998],[125.31610870400004,-9.197380065999937],[125.31964111300022,-9.195159911999895],[125.32145690900018,-9.198349952999877],[125.32219696000004,-9.198249816999919],[125.32373046900011,-9.195650100999956],[125.32692718500016,-9.194809913999961],[125.33560943600003,-9.197910308999894],[125.33920288100012,-9.195179938999956],[125.34147644000006,-9.191760062999947],[125.34580993700001,-9.187689780999904],[125.34459686300022,-9.18402004199993],[125.34503173800022,-9.181369780999944],[125.34760284400011,-9.17957973499989],[125.35249328600014,-9.172690391999879],[125.35143280000011,-9.17136955299992],[125.34935760500014,-9.17105960799995],[125.34636688200021,-9.16899967199987],[125.34368133500016,-9.168279647999896],[125.34052276600016,-9.165490149999926],[125.33881378200033,-9.165510177999977],[125.33306121800013,-9.163370131999955],[125.33101654100005,-9.163829802999942],[125.33051300000011,-9.162980079999897],[125.32917022700008,-9.163160323999875],[125.32740020800009,-9.161459922999882],[125.32424926800002,-9.160579680999888],[125.32111358600002,-9.157010077999928],[125.31687164300001,-9.155940055999963],[125.31617736800001,-9.15132999399998],[125.31717681900022,-9.148050307999881],[125.31745147700019,-9.143639564999887],[125.32012176500018,-9.14035987899996],[125.32615661600005,-9.13681030299989],[125.32898712200017,-9.129799842999944],[125.3313598630001,-9.12808990499991],[125.33315277100007,-9.12856006599992],[125.3360366820001,-9.127750396999886],[125.33689117400024,-9.128379821999943],[125.33844757100019,-9.128190040999868],[125.34130096400008,-9.125289916999975],[125.34565734900002,-9.1251001359999],[125.34754180900018,-9.12613010399997],[125.35014343300008,-9.126110076999964],[125.35428619400011,-9.128109931999973],[125.35711669900013,-9.127619742999912],[125.35796356200012,-9.128919600999836],[125.36045837400013,-9.130160331999889],[125.3616561890002,-9.12808990499991],[125.36344909700006,-9.126890181999954],[125.3654632570001,-9.119239806999872],[125.36747741700015,-9.117580413999974],[125.36869049100028,-9.115570067999897],[125.36984252900004,-9.11503982499994],[125.37142944300024,-9.112310409999964],[125.37136840800008,-9.10832023599994],[125.3739395140002,-9.102529525999898],[125.37374115000011,-9.100449561999937],[125.37230682400013,-9.097570418999908],[125.36927032500012,-9.096320151999919],[125.36901855500003,-9.093290328999899],[125.36791992200006,-9.090209960999914],[125.36576080300017,-9.087710380999965],[125.36794281000016,-9.082940101999895],[125.36794281000016,-9.081720351999934],[125.37024688700012,-9.081870078999827],[125.37242889400011,-9.07796001399987],[125.37206268300008,-9.075730323999949],[125.37270355200008,-9.07380962399992],[125.37069702100007,-9.07256984699984],[125.37026214600007,-9.070770263999975],[125.36859130900007,-9.06892967199991],[125.36860656700026,-9.067339896999897],[125.36765289300001,-9.06583023099995],[125.36840820300006,-9.063309668999977],[125.37122345000012,-9.061880111999812],[125.37544250500014,-9.054570197999908],[125.37876892100019,-9.050510405999944],[125.38034820600001,-9.04967021899995],[125.38719177200016,-9.048279761999936],[125.39153289800015,-9.043049811999936],[125.39507293700001,-9.040289878999886],[125.39615631100014,-9.037389754999936],[125.3958129880001,-9.033289908999905],[125.39895629900002,-9.032449721999853],[125.40048217800006,-9.031220435999899],[125.40699768100012,-9.01980018599994],[125.40789794900002,-9.019240378999882],[125.40941619900002,-9.020019530999946],[125.41163635300006,-9.022999762999973],[125.41201019300001,-9.028510093999955],[125.41385650600012,-9.032609939999872],[125.41954803500005,-9.03822994199993],[125.4203262330002,-9.039979934999849],[125.42162323000025,-9.039999961999968],[125.42360687300015,-9.03810977899991],[125.42415618900031,-9.036109923999902],[125.42717742900004,-9.031880378999972],[125.43363952600009,-9.02562046099996],[125.4343032840003,-9.023679732999938],[125.43254852300015,-9.011489867999956],[125.43031311000004,-9.007820128999981],[125.43199157700008,-9.007300376999979],[125.4344100950002,-9.00759983099988],[125.43650054900013,-9.006460189999927]]]}},{"type":"Feature","properties":{"id":"TL06","name":"Dili","_lon":125.64374,"_lat":-8.55628,"_bbox":[125.49419,-8.62759,125.86143,-8.12687]},"geometry":{"type":"MultiPolygon","coordinates":[[[[125.83753204300001,-8.487680434999959],[125.83950042700008,-8.48836040499998],[125.84326171900011,-8.49131011999998],[125.84628295900018,-8.495550155999979],[125.84763336200024,-8.496290206999902],[125.84842681900011,-8.499239921999902],[125.8503265380001,-8.500040053999953],[125.85051727300004,-8.501950263999902],[125.86142730700021,-8.509280204999925],[125.86062622100019,-8.511710166999933],[125.85854339600007,-8.512220382999942],[125.85727691700015,-8.515210151999952],[125.85812377900004,-8.517259597999953],[125.85709381100025,-8.518750190999924],[125.85736846900011,-8.520480155999905],[125.85871887200017,-8.521880149999902],[125.8586273190001,-8.522760390999906],[125.8547973630001,-8.523139953999873],[125.85582733200022,-8.524680137999951],[125.8550796510001,-8.526960372999952],[125.85172271700014,-8.527939795999941],[125.85133361800001,-8.529470443999912],[125.84987640400004,-8.53096961999995],[125.84806060800008,-8.531479835999903],[125.84741210900017,-8.53287982899991],[125.84647369400022,-8.53269004799995],[125.84417724600007,-8.529520034999905],[125.84307098400006,-8.531990050999923],[125.84269714400023,-8.535960196999952],[125.84044647200017,-8.538619994999976],[125.83849334700028,-8.539130210999872],[125.83775329600007,-8.54067039499995],[125.83545684800015,-8.540289878999943],[125.83139801000004,-8.534230231999913],[125.8290176390002,-8.53419017799996],[125.82808685300006,-8.539130210999872],[125.82737731900033,-8.54016017899994],[125.82659149200003,-8.5393600459999],[125.82369995100021,-8.5393600459999],[125.8249588010001,-8.537779807999868],[125.8234176640002,-8.536660193999978],[125.82225036600005,-8.53888988499989],[125.82103729200003,-8.538430213999959],[125.82023620600023,-8.539270400999953],[125.81758117700019,-8.540019988999973],[125.81674194300001,-8.541270255999962],[125.81497192400002,-8.54094982099997],[125.81333923300019,-8.542209624999941],[125.81320190400015,-8.543250083999965],[125.81101226800013,-8.543210029999955],[125.80993652300003,-8.544420241999887],[125.80745697000009,-8.544420241999887],[125.80303192100007,-8.545820235999827],[125.80213928200033,-8.547450065999953],[125.80042266800001,-8.547499656999946],[125.7993392940001,-8.54652023299991],[125.79699707000009,-8.54693984999983],[125.79457855200008,-8.546190261999868],[125.79393005400004,-8.54335021999998],[125.78688049300001,-8.543160438999848],[125.78379821800002,-8.540550231999873],[125.78276825000023,-8.540450095999859],[125.7837066650003,-8.542650222999896],[125.78150939900002,-8.545630454999923],[125.78170013400006,-8.550060271999882],[125.78095245400004,-8.55533027599995],[125.7786483760002,-8.557040214999915],[125.77837371800001,-8.558529853999914],[125.77715301500018,-8.559229850999941],[125.77510070800008,-8.567580222999936],[125.77393341100003,-8.5688896179999],[125.76847076400009,-8.569499968999935],[125.76637268100012,-8.571220397999923],[125.76097869900002,-8.566659926999876],[125.7569580080002,-8.568110465999894],[125.75390625000011,-8.564220427999942],[125.74836731000028,-8.565509795999958],[125.74564361600017,-8.564769744999978],[125.74501037600021,-8.565509795999958],[125.74324035600011,-8.565710067999817],[125.74208831800001,-8.56719016999989],[125.74104309100005,-8.567520141999921],[125.73961639400011,-8.566949843999964],[125.73780059800015,-8.565039634999948],[125.73500824000018,-8.564299582999979],[125.73325347900004,-8.565600394999876],[125.7317504880001,-8.565770148999889],[125.72846984900002,-8.564470290999907],[125.7221908570001,-8.563969611999937],[125.71733093300008,-8.564539908999961],[125.71321106000005,-8.565819739999938],[125.71156311000016,-8.565529822999906],[125.70649719200003,-8.561679839999954],[125.70120239300002,-8.560770034999905],[125.69754791300022,-8.559309958999961],[125.69719696000004,-8.560669898999947],[125.69506073000002,-8.560170173999893],[125.69455719000007,-8.56056022599995],[125.69479370100021,-8.56272983599996],[125.6929702760001,-8.564200400999937],[125.6909408570001,-8.56896018999987],[125.68820953400018,-8.569190024999955],[125.68625640900007,-8.571820258999821],[125.68612670900006,-8.57738971699996],[125.68670654300001,-8.579839705999973],[125.68845367400013,-8.582300185999884],[125.68778228800011,-8.585980414999938],[125.68595123300008,-8.588310241999977],[125.67626953100012,-8.587530135999884],[125.66855621300022,-8.58238029499995],[125.66433715800008,-8.577569961999927],[125.66383361800001,-8.574680327999943],[125.66439056400009,-8.5701799389999],[125.66397094700005,-8.569999694999979],[125.6595611570001,-8.571339606999913],[125.66002655000011,-8.574370383999963],[125.6592788700001,-8.5754098889999],[125.6570968630001,-8.576290130999894],[125.6564483640002,-8.578909873999976],[125.65461731000005,-8.580430030999878],[125.65487670900006,-8.581359862999875],[125.65238952600009,-8.5862998959999],[125.64736175500002,-8.592229842999927],[125.64388275100009,-8.59354972799997],[125.64250183100023,-8.593729972999938],[125.63577270500002,-8.591799735999928],[125.6256103520002,-8.58413028699988],[125.62288665800008,-8.585080146999871],[125.62085723900009,-8.584360122999897],[125.61934661900034,-8.583000182999967],[125.61795043900008,-8.582859992999943],[125.60276794400022,-8.58948993699994],[125.6066970830002,-8.596349715999906],[125.60854339600007,-8.59788989999987],[125.60807037400002,-8.599820136999881],[125.60328674300013,-8.601249694999979],[125.60050964400011,-8.600859641999932],[125.59902191200013,-8.602140426999938],[125.59542846700003,-8.602290153999888],[125.5944137570001,-8.603610038999932],[125.59075927700007,-8.604430198999978],[125.58912658700001,-8.606869697999912],[125.58969116200001,-8.609479903999954],[125.58361053500005,-8.614410399999883],[125.58003997800017,-8.619540214999972],[125.57585907000009,-8.620300292999957],[125.57586669900013,-8.621999740999968],[125.57380676300022,-8.622449874999916],[125.5736236570001,-8.623559951999937],[125.57280731200001,-8.623999595999976],[125.56997680700022,-8.624810218999926],[125.56870269800004,-8.62471961999995],[125.5676879880001,-8.623499869999932],[125.56697082500034,-8.624170302999971],[125.56569671600005,-8.624059676999877],[125.5651931760001,-8.625639914999908],[125.5665588380001,-8.626029967999955],[125.56578064000018,-8.627090453999926],[125.56281280500002,-8.62759017899998],[125.5531387330002,-8.623390197999925],[125.55042266800012,-8.62407970399994],[125.54840087900004,-8.621700286999896],[125.5444564820001,-8.623009681999974],[125.54255676300022,-8.620189666999977],[125.5330963130001,-8.61460971799994],[125.52810668900008,-8.613349914999901],[125.52758026100003,-8.614049910999825],[125.52419281000005,-8.613010405999944],[125.51815795900006,-8.61332988699985],[125.51580047600021,-8.612819671999887],[125.51538085900017,-8.611579894999977],[125.51677703900009,-8.610360145999891],[125.51825714100016,-8.607239722999964],[125.51843261700026,-8.603099822999923],[125.51722717300004,-8.598279952999917],[125.5192718510001,-8.596209525999939],[125.52021026600005,-8.59296035799997],[125.52027130100021,-8.59138011899995],[125.51834869400034,-8.58471965799987],[125.51670837400002,-8.583680152999932],[125.51316070600012,-8.583219527999915],[125.50808715800008,-8.580960273999949],[125.50729370100021,-8.57888984699997],[125.50782012900004,-8.576259612999877],[125.50727844200014,-8.575320243999954],[125.50290679900013,-8.572380065999937],[125.50010681200001,-8.567150115999937],[125.49723053000002,-8.566109656999913],[125.49588012700019,-8.563969611999937],[125.4941864010002,-8.562859534999859],[125.49726867700008,-8.557089805999965],[125.49838256800001,-8.556770324999889],[125.49884033200021,-8.55591964699994],[125.49933624300013,-8.556650161999926],[125.50276184100005,-8.557649611999977],[125.50675201400009,-8.557000159999973],[125.50940704300012,-8.555210113999863],[125.51808929400022,-8.546219825999913],[125.52600097700031,-8.54183959999989],[125.5310897830002,-8.540590285999883],[125.53433227500011,-8.537360190999891],[125.53811645500002,-8.539279937999936],[125.54340362500011,-8.540920257999858],[125.54933929400033,-8.544659614999887],[125.5545272830002,-8.546589850999908],[125.56044006300021,-8.547969817999956],[125.5688705440001,-8.548199653999973],[125.57507324200026,-8.553689956999847],[125.57955169700017,-8.552720069999964],[125.58323669400033,-8.550499915999978],[125.58474731400008,-8.548600196999871],[125.58775329600007,-8.547699927999929],[125.5970611570001,-8.547209739999971],[125.60012054400022,-8.546660422999878],[125.6041793820001,-8.544939994999936],[125.60614013700012,-8.546179770999913],[125.60996246300033,-8.543869971999925],[125.61496734600007,-8.53594016999989],[125.61431121800001,-8.534879683999918],[125.61486053500005,-8.532500266999932],[125.61414337200017,-8.530119895999917],[125.61312866200001,-8.529609679999965],[125.61193847700008,-8.530340194999951],[125.6096267700002,-8.529089927999962],[125.60993957500023,-8.527070044999903],[125.60899353000002,-8.522089957999981],[125.60700225800008,-8.520939826999836],[125.60823822000009,-8.519120215999976],[125.6095733640002,-8.51926994299987],[125.61109161400009,-8.521100043999922],[125.6142807010001,-8.521889686999884],[125.6175918580002,-8.521249770999873],[125.61968231200001,-8.518989562999934],[125.6207580570001,-8.51918029799998],[125.62167358400006,-8.519550322999976],[125.6216278080002,-8.520959853999955],[125.62261962900004,-8.52163982399992],[125.62133789100005,-8.523839950999957],[125.62348175000011,-8.526390075999927],[125.6265869140002,-8.526949882999816],[125.62863159200003,-8.525369643999966],[125.62920379600018,-8.525870322999936],[125.6314468380001,-8.525440215999936],[125.63134765600023,-8.526860236999937],[125.63220214800003,-8.527460097999949],[125.63626861600005,-8.527950286999896],[125.63912200900018,-8.526419639999972],[125.64099884000018,-8.52690029099989],[125.64363861100014,-8.526300429999878],[125.64293670700033,-8.526960372999952],[125.64370727500011,-8.527000426999905],[125.64569854700005,-8.52624988599996],[125.64613342300015,-8.523960113999976],[125.6479187010001,-8.525259971999958],[125.66030883800022,-8.526410102999932],[125.66332244900002,-8.526220321999915],[125.66567993200033,-8.525560378999955],[125.6663970950001,-8.524749755999949],[125.66745758100024,-8.527290343999937],[125.67092132600021,-8.527950286999896],[125.67976379400034,-8.533650397999907],[125.68060302700007,-8.533519744999921],[125.68038940400004,-8.535030364999955],[125.6809387210003,-8.535079955999947],[125.6811218260001,-8.53384017899998],[125.68170166000027,-8.533900260999872],[125.6815567020002,-8.535659789999897],[125.68672180200019,-8.537150382999926],[125.68882751500007,-8.537150382999926],[125.69010925300006,-8.535189628999888],[125.69326782200017,-8.535909652999976],[125.69425964400034,-8.534680366999964],[125.69378662100019,-8.532990455999936],[125.69435882600021,-8.532629966999934],[125.69651031500018,-8.533940314999825],[125.69647216800013,-8.53477001199991],[125.69759368900009,-8.53495979299987],[125.70008087200006,-8.53260040299989],[125.70319366500019,-8.531290053999896],[125.70377349900002,-8.531649589999915],[125.70490264900013,-8.52976036099983],[125.70648956300022,-8.530320167999946],[125.70822143600003,-8.527310370999885],[125.70934295700022,-8.527070044999903],[125.71412658700001,-8.522109984999929],[125.71444702100007,-8.520400046999953],[125.71779632600021,-8.519129752999902],[125.72083282500012,-8.521369933999893],[125.7214965820001,-8.523799895999957],[125.72299194300012,-8.524769782999897],[125.72337341300022,-8.526229857999908],[125.72493743900009,-8.527059554999937],[125.7264022830002,-8.526889800999982],[125.72740173300008,-8.524510383999939],[125.73213958700012,-8.521030425999868],[125.73504638700024,-8.52066993699998],[125.74237823500005,-8.523119925999936],[125.74452972400002,-8.52305984499992],[125.74846649200015,-8.52101993599996],[125.75031280500002,-8.521349906999944],[125.75195312500023,-8.520750045999932],[125.75273132300015,-8.520050048999906],[125.75235748300008,-8.518389701999865],[125.75450134300002,-8.516679763999946],[125.75483703600003,-8.515099524999926],[125.7565765380001,-8.513999938999916],[125.75792694100016,-8.514249801999881],[125.75805664100005,-8.51278972599988],[125.75900268600003,-8.512929915999848],[125.75965118400006,-8.511830329999896],[125.76059722900015,-8.512249946999873],[125.761436462,-8.510959624999884],[125.77134704600007,-8.508769988999916],[125.77232360800019,-8.507470130999934],[125.77455902100019,-8.506819724999843],[125.77719116200024,-8.508540153999888],[125.77895355200008,-8.50856018099995],[125.78021240200007,-8.505109786999924],[125.78421783400006,-8.50508022299988],[125.78869628900031,-8.502309798999875],[125.79068756100003,-8.502249717999973],[125.7930908200002,-8.503129958999978],[125.7942733760002,-8.50251007099996],[125.79503631600005,-8.503649711999913],[125.79570770300006,-8.502710341999887],[125.79766082800018,-8.5034799579999],[125.79844665500002,-8.502710341999887],[125.79978942900016,-8.503700255999945],[125.80075073200021,-8.503179549999913],[125.80552673300008,-8.503870009999957],[125.80770111100003,-8.503120421999824],[125.80859375000023,-8.501669883999966],[125.81091308600014,-8.501429557999813],[125.8119812010001,-8.499279975999855],[125.81458282500012,-8.498310088999972],[125.81519317600021,-8.497130393999896],[125.8171463010001,-8.49619960799987],[125.81835937500011,-8.493829726999934],[125.81835174600008,-8.492190360999814],[125.81983947800006,-8.490699767999956],[125.82285308800022,-8.489620208999952],[125.82660675000011,-8.490779876999966],[125.82869720500014,-8.49069023099986],[125.83244323700012,-8.48859977699982],[125.83513641400009,-8.485360145999891],[125.83753204300001,-8.487680434999959]]],[[[125.63392639200026,-8.126870154999835],[125.63603210400004,-8.127599715999963],[125.63665008500016,-8.13096046399994],[125.63860321000016,-8.133219718999953],[125.63802337600032,-8.137820243999897],[125.64015197800006,-8.140850066999974],[125.64093780500014,-8.14383983599987],[125.64079284700006,-8.146160125999927],[125.6397171020003,-8.148130416999948],[125.63968658400006,-8.15178012799987],[125.64217376700026,-8.161419867999882],[125.64272308300008,-8.162059783999894],[125.64359283400017,-8.161930083999891],[125.64391326900011,-8.162750243999938],[125.64370727500011,-8.164620398999944],[125.64198303200021,-8.164629935999926],[125.64132690400027,-8.163359641999875],[125.6408767700002,-8.164799689999938],[125.6403884890002,-8.164859771999943],[125.64051055900018,-8.164299964999884],[125.64006805400004,-8.164759635999928],[125.64096832300004,-8.166009902999974],[125.64006805400004,-8.170169829999907],[125.64053344700005,-8.172570228999916],[125.63741302500023,-8.179349898999817],[125.63535308800022,-8.180009841999947],[125.63458252000021,-8.181139945999973],[125.63294220000023,-8.19423961599989],[125.62909698500005,-8.196909903999938],[125.62718963600014,-8.199509620999947],[125.62547302200005,-8.20055961599985],[125.62319183300019,-8.204179763999889],[125.62214660600011,-8.204730033999965],[125.62106323200021,-8.20711040499998],[125.61712646500018,-8.209259986999939],[125.6153869630001,-8.212739943999907],[125.61329650900018,-8.215140342999916],[125.609786987,-8.22243022899994],[125.60854339600007,-8.230179786999884],[125.60691070600001,-8.23186016099993],[125.60812377900004,-8.236900329999855],[125.60688781700014,-8.249179839999954],[125.60903930700033,-8.256959914999925],[125.60648345900006,-8.262200355999937],[125.60504150400004,-8.269579886999963],[125.60241699200014,-8.27443027499993],[125.60204315200008,-8.277799605999917],[125.60006713900032,-8.28005981399997],[125.60076904300013,-8.28186988799996],[125.5995025630001,-8.28345012699998],[125.59940338100012,-8.285490035999942],[125.59278106700003,-8.291939734999971],[125.59216308600014,-8.295060157999956],[125.58957672100007,-8.29722022999988],[125.58685302700019,-8.303319930999919],[125.58587646500018,-8.303870200999881],[125.58409118700024,-8.302809714999967],[125.58361816400009,-8.303839683999854],[125.58402252200017,-8.305150031999915],[125.58319091800013,-8.306730269999832],[125.5794830320001,-8.306889533999936],[125.57776641800001,-8.3088598249999],[125.57510376000016,-8.307909965999897],[125.57486724900002,-8.30718040499994],[125.57230377200005,-8.305950164999956],[125.56897735600023,-8.306929587999889],[125.56842804000007,-8.306320189999894],[125.56593322800006,-8.30659961699996],[125.56358337400013,-8.305800437999892],[125.56224823000014,-8.30667018899993],[125.56054687500011,-8.306369780999944],[125.5614166260001,-8.3050899509999],[125.56082916300022,-8.302729606999947],[125.55925750700021,-8.302160262999962],[125.55642700200008,-8.302729606999947],[125.55531311000004,-8.301090239999894],[125.55535888700001,-8.299070357999938],[125.55336761500018,-8.29726982099993],[125.55098724400011,-8.297120093999979],[125.54789733900031,-8.298000335999973],[125.54622650100009,-8.297109603999957],[125.54402923600014,-8.296950339999967],[125.53591918900008,-8.297989844999961],[125.53143310500002,-8.297360419999961],[125.52837371800013,-8.295989989999953],[125.52594757100019,-8.293979644999979],[125.5252075200001,-8.292320250999921],[125.5241470340003,-8.29224967999994],[125.52168273900008,-8.28927993799988],[125.51643371600017,-8.28512954699994],[125.51407623300008,-8.282159804999878],[125.50679016100014,-8.27608966799994],[125.5057525630001,-8.273670196999944],[125.50389099100005,-8.271650313999942],[125.50108337400002,-8.264699935999886],[125.5014877320001,-8.262229918999878],[125.50347900400016,-8.25891017899994],[125.50830078100023,-8.254890441999976],[125.51293945300017,-8.252280234999887],[125.5188827510002,-8.247110366999891],[125.52158355700021,-8.242699622999965],[125.52321624800004,-8.230839728999968],[125.5248489380001,-8.22723960899998],[125.52654266400009,-8.225270270999943],[125.52983093300008,-8.222760200999971],[125.533256531,-8.221420287999877],[125.53968811000027,-8.221240043999956],[125.54074859600007,-8.221929549999913],[125.54429626500007,-8.222100257999898],[125.54974365200007,-8.220230102999892],[125.55090332000009,-8.219010352999874],[125.55526733400006,-8.21006011999998],[125.55985260000011,-8.206680297999924],[125.56040191700004,-8.202679633999935],[125.56275177000009,-8.198619842999847],[125.56432342500011,-8.197070121999957],[125.56754303000002,-8.195699691999891],[125.57408905000023,-8.186929702999919],[125.58080291700014,-8.180029868999952],[125.58448791500007,-8.17714977299994],[125.5868835450002,-8.17407035799988],[125.58904266400009,-8.169949531999976],[125.59142303500005,-8.161740302999931],[125.59691619900002,-8.15997028399994],[125.60658264200003,-8.150639533999936],[125.61234283400006,-8.142589568999881],[125.6133804320001,-8.140179633999878],[125.61829376200001,-8.134989737999945],[125.62010192900016,-8.13189029699987],[125.62341308600014,-8.131310462999977],[125.63392639200026,-8.126870154999835]]],[[[125.7144012450002,-8.520150184999977],[125.71379852300004,-8.519659995999973],[125.71388244600018,-8.519029616999944],[125.71407318100023,-8.519129752999902],[125.7144012450002,-8.520150184999977]]]]}},{"type":"Feature","properties":{"id":"TL07","name":"Ermera","_lon":125.38118,"_lat":-8.81504,"_bbox":[125.1907,-8.99607,125.53542,-8.63827]},"geometry":{"type":"Polygon","coordinates":[[[125.5040817260001,-8.639639853999881],[125.50585937500023,-8.639340400999913],[125.50891876200012,-8.641480445999946],[125.50965118400018,-8.643019675999938],[125.51119232200006,-8.644169806999969],[125.51383972200017,-8.64519977599997],[125.51651763900009,-8.644929885999886],[125.5216598510001,-8.64700984999996],[125.5226593020003,-8.652179717999957],[125.52456665000022,-8.653260230999933],[125.52501678500005,-8.65423965499997],[125.52429199200003,-8.656599997999876],[125.5266723630001,-8.659049987999879],[125.52664947500011,-8.66020965599995],[125.52777862500011,-8.661689757999909],[125.52720642100007,-8.66294956199988],[125.52818298300019,-8.663160323999932],[125.52906036400009,-8.66555023199993],[125.53012085000023,-8.665690421999898],[125.53035736100003,-8.668789863999962],[125.53269958500016,-8.670729636999965],[125.53492736800001,-8.670700072999978],[125.53542327900027,-8.677760123999974],[125.53434753400018,-8.680640220999976],[125.53241729700005,-8.682689666999977],[125.53205871600017,-8.684760093999955],[125.53092193600003,-8.686269759999902],[125.52861022900004,-8.686849593999852],[125.52803802500011,-8.690039634999891],[125.5262374880001,-8.69334983799996],[125.52160644500032,-8.697159766999903],[125.52052307100007,-8.698889731999941],[125.51905059800015,-8.699870109999893],[125.51796722400002,-8.699399947999893],[125.51605224600007,-8.701029777999906],[125.51555633500016,-8.70219039899996],[125.51241302500011,-8.704380034999929],[125.51020050000011,-8.707850455999903],[125.50592041000004,-8.707779883999933],[125.5054931640002,-8.709340095999892],[125.50315094000018,-8.71006011999998],[125.49942779500009,-8.708689689999972],[125.49873352100019,-8.709719657999926],[125.49709320100033,-8.710140227999943],[125.49559021000005,-8.708999633999952],[125.49183654800015,-8.70773029299994],[125.4891510010001,-8.70522022199998],[125.48813629200004,-8.703140258999952],[125.48651886000005,-8.706760405999887],[125.48375701900022,-8.723670005999907],[125.48190307600021,-8.722629546999883],[125.4809265140002,-8.723460196999895],[125.47836303700012,-8.723629950999907],[125.47660064700017,-8.722800254999981],[125.47601318400007,-8.72126960799983],[125.47144317600021,-8.722439765999923],[125.46880340600023,-8.720809936999899],[125.46656036400009,-8.72130012499997],[125.46459960900017,-8.72052001999998],[125.46275329600007,-8.720560073999934],[125.46022033700001,-8.722040175999894],[125.45446777300026,-8.723299979999979],[125.45406341600017,-8.724490165999953],[125.45903015100009,-8.729900359999931],[125.4632720950001,-8.730739593999829],[125.46518707300004,-8.72986984299996],[125.4700317380001,-8.733189582999955],[125.47128295900018,-8.734999656999946],[125.4742965700002,-8.735899924999956],[125.47653198200021,-8.737779616999944],[125.4760665890002,-8.739700316999972],[125.47474670400015,-8.740650176999964],[125.47393035900018,-8.742540358999918],[125.47608184800015,-8.74376010899988],[125.47646331800001,-8.745100020999814],[125.47218322800029,-8.752459525999882],[125.47035980200008,-8.753459929999963],[125.47104644800004,-8.75461959799992],[125.46988678000002,-8.755629538999813],[125.4713363650003,-8.756970405999823],[125.47216796900022,-8.75996971099994],[125.4713363650003,-8.76224994699993],[125.46930694600019,-8.763460158999976],[125.46836853000013,-8.764989852999975],[125.46439361600005,-8.765410422999935],[125.46515655500002,-8.766739844999904],[125.46440124500009,-8.767230033999965],[125.46382141100003,-8.769220351999877],[125.46250152600021,-8.770099639999898],[125.46185302700007,-8.773159980999878],[125.46051788300008,-8.773900031999915],[125.45902252200005,-8.776280402999873],[125.45771026600005,-8.776679992999902],[125.45649719200003,-8.778639792999968],[125.45552063000025,-8.778989791999948],[125.45555877700008,-8.780179976999932],[125.45422363300031,-8.780690192999884],[125.45497131300021,-8.782480239999927],[125.45970916700003,-8.786109923999959],[125.45987701400009,-8.790940284999863],[125.46015930200019,-8.792180060999954],[125.46102905300029,-8.792309760999842],[125.46092987100008,-8.796090125999967],[125.46183776900011,-8.797200202999932],[125.46272277800006,-8.79675006899987],[125.46399688700001,-8.802049636999868],[125.46630096400031,-8.799090384999886],[125.46803283700001,-8.798290252999948],[125.46993255600023,-8.800530433999938],[125.47202301000004,-8.800049781999974],[125.47310638400029,-8.798600196999928],[125.47712707500034,-8.799599647999912],[125.47650146500007,-8.798549651999906],[125.4778137210003,-8.797880172999953],[125.47808075000012,-8.799010276999923],[125.47973632800017,-8.799799918999895],[125.48016357400013,-8.804039954999894],[125.48294830300006,-8.804360389999943],[125.48387146000016,-8.806460380999965],[125.48370361300022,-8.80823993699994],[125.48631286600005,-8.810279845999958],[125.48645019500009,-8.812780379999936],[125.49157714800003,-8.817290305999961],[125.49458313000002,-8.823450088999891],[125.49413299600008,-8.826990127999977],[125.49311065700033,-8.827850341999977],[125.49442291300022,-8.83053016699995],[125.49378204300012,-8.83355998999997],[125.49469757100019,-8.835200309999891],[125.4958572390002,-8.842659949999927],[125.49707794200003,-8.845310210999912],[125.49748230000012,-8.850700377999942],[125.4989166260001,-8.850799560999974],[125.50219726600017,-8.849399566999978],[125.50418853800022,-8.850410460999854],[125.50554657000032,-8.850250243999938],[125.50808715800008,-8.848380088999875],[125.50776672400002,-8.850179671999854],[125.50917816200024,-8.852100371999938],[125.50981140100032,-8.8543796539999],[125.5159301760001,-8.859660148999922],[125.51625061000016,-8.862609862999818],[125.51828765900018,-8.86445045499994],[125.52101135300029,-8.865610122999897],[125.52104950000012,-8.86728954299997],[125.52281189000018,-8.871489524999902],[125.52188873300008,-8.87425041199998],[125.5208892820001,-8.875140189999968],[125.51854705800008,-8.87541961699992],[125.51815795900006,-8.876620292999974],[125.51648712200017,-8.87720012699998],[125.5147476200001,-8.879289626999935],[125.51157379200004,-8.879940032999912],[125.51077270500014,-8.881199836999883],[125.5046234130001,-8.883090018999951],[125.5036468510001,-8.884409903999938],[125.50509643600003,-8.884819983999932],[125.50356292700008,-8.885230063999927],[125.50296020500014,-8.88702011099997],[125.50330352800006,-8.888440131999971],[125.50277710000012,-8.889280318999965],[125.5033874510001,-8.890130042999829],[125.50090026900023,-8.890919684999972],[125.50060272200005,-8.892459868999936],[125.49944305400015,-8.89235973399991],[125.500053406,-8.89325046499988],[125.49565887500012,-8.894659995999916],[125.49244689900013,-8.896980285999973],[125.49253845200019,-8.899259566999888],[125.49382019000018,-8.901140212999962],[125.49317932100018,-8.90497970599995],[125.49447631800012,-8.90752983099992],[125.49456024200015,-8.911290168999926],[125.49211883500016,-8.913729667999974],[125.49192047100007,-8.916769980999902],[125.48667907700019,-8.917690276999963],[125.4862670900003,-8.919329642999969],[125.48100280800008,-8.92241001099984],[125.48018646200012,-8.92488956499983],[125.48114776600005,-8.927680015999954],[125.48087310800008,-8.929920196999944],[125.47855377200017,-8.932120322999936],[125.47650909400011,-8.932519912999851],[125.4751434330002,-8.935319900999957],[125.47297668500016,-8.936160087999951],[125.47318267800006,-8.939040183999964],[125.47078704800003,-8.939120292999917],[125.46917724600007,-8.938320159999876],[125.46734619100005,-8.938839911999878],[125.46273803700012,-8.94287967699995],[125.46022033700001,-8.943880080999918],[125.45997619600018,-8.944999694999922],[125.45658111600005,-8.948989867999956],[125.45469665500002,-8.953029632999971],[125.45230102500022,-8.954070090999892],[125.45683288600014,-8.964389800999868],[125.45305633500004,-8.969579696999915],[125.45117950400004,-8.970339774999957],[125.45157623300008,-8.973819732999914],[125.45025634800004,-8.976300239999887],[125.44789886500018,-8.976460456999916],[125.44645690900006,-8.977540015999978],[125.44534301800002,-8.977299689999825],[125.44257354700005,-8.97929954499989],[125.43821716300022,-8.980819701999906],[125.4365692140002,-8.982060431999912],[125.43572998000002,-8.981780051999976],[125.43321228000013,-8.983340262999945],[125.43273162800028,-8.98433971399993],[125.43164825400004,-8.984259604999977],[125.43057251000016,-8.985190391999879],[125.42862701400009,-8.985190391999879],[125.42407226600005,-8.983409881999933],[125.42366027800006,-8.982540130999894],[125.42180633500004,-8.981989860999931],[125.42151641800012,-8.981120109999893],[125.41754150400004,-8.979060172999823],[125.41564178500016,-8.97883987399996],[125.41477203400007,-8.978059768999913],[125.41275787400002,-8.978159903999938],[125.4089202880001,-8.979769706999889],[125.40547180200008,-8.979740142999958],[125.40424346900011,-8.980910300999938],[125.4026718140002,-8.98104000099994],[125.39996337900004,-8.982540130999894],[125.39691162100007,-8.981570243999954],[125.39650726300022,-8.982460021999941],[125.39395141600005,-8.983489989999953],[125.38726806600005,-8.983699798999908],[125.38446807900027,-8.985380172999953],[125.38110351600017,-8.985320090999949],[125.37921905500014,-8.98591995199996],[125.37734222400002,-8.985079764999966],[125.37473297100018,-8.986359595999886],[125.37339782700008,-8.985950469999977],[125.37277221700015,-8.987830161999966],[125.36891174300013,-8.989159583999935],[125.3663330080002,-8.991100310999911],[125.36583709700005,-8.992919921999942],[125.36376953100012,-8.992839812999875],[125.36151123000002,-8.994279860999939],[125.35890197800018,-8.993820189999894],[125.3576507570001,-8.995770453999967],[125.35569763200021,-8.996069907999981],[125.35508728000002,-8.99512004899998],[125.35336303700001,-8.99495983099996],[125.34935760500014,-8.995639800999925],[125.34821319600019,-8.993709563999914],[125.34590148900031,-8.99295043899997],[125.34432983400006,-8.993570327999919],[125.34391784700017,-8.991370200999881],[125.34252929700006,-8.990400313999942],[125.34426879900002,-8.98787021599992],[125.3435897830002,-8.982600211999966],[125.34197998000013,-8.981650351999974],[125.34214782700008,-8.980239867999899],[125.34108734100005,-8.979370116999974],[125.3418426510002,-8.977210044999936],[125.34010314900002,-8.976819991999832],[125.33953857400013,-8.972979545999863],[125.33833313000002,-8.970250129999897],[125.33374023400017,-8.96796035799997],[125.33197021500018,-8.966099738999958],[125.32984924300001,-8.964980124999954],[125.3293304440001,-8.96358966799994],[125.32720947300004,-8.96255016299989],[125.32803344700005,-8.960570334999943],[125.32718658400006,-8.955380439999942],[125.32507324200014,-8.954429625999978],[125.32324981700003,-8.9560699459999],[125.32073974600007,-8.95541953999998],[125.32026672400002,-8.953949927999929],[125.32234191900022,-8.95355987499994],[125.32334137000021,-8.950579642999912],[125.32269287100007,-8.95005989099991],[125.32129669200015,-8.950360297999907],[125.32221221900011,-8.948240279999823],[125.3211288450002,-8.946519851999938],[125.31979370100021,-8.945520400999953],[125.3170166020002,-8.947250365999878],[125.31581115700021,-8.946900367999888],[125.31542205800008,-8.946000098999832],[125.31780242900015,-8.942410468999924],[125.31745147700019,-8.940239905999931],[125.32042694100005,-8.934490203999871],[125.32350921600005,-8.930000304999908],[125.32604980500003,-8.930000304999908],[125.3275299070001,-8.928799628999968],[125.3284530640002,-8.926750182999967],[125.32823944100005,-8.925129889999823],[125.32456970200008,-8.920829772999923],[125.3208236690001,-8.914979934999963],[125.31786346400008,-8.912650107999923],[125.31426239000007,-8.910960196999895],[125.31384277300003,-8.909480094999935],[125.31461334200014,-8.90608978299997],[125.31376647900015,-8.89869022399995],[125.31178283700012,-8.897709845999941],[125.3095169070001,-8.897990226999923],[125.30507659900002,-8.897210120999944],[125.30239868200022,-8.89461040499998],[125.29830169700006,-8.892769813999905],[125.2951965330002,-8.88712978399991],[125.2940673830002,-8.886139869999965],[125.29315185500013,-8.879090308999878],[125.29357147200028,-8.875709533999952],[125.29463195800008,-8.873590468999907],[125.29485321000016,-8.86921977999998],[125.2943496700002,-8.866749762999973],[125.29113006600005,-8.859749793999981],[125.28459930400027,-8.85266017899994],[125.28196716300022,-8.84792995499987],[125.28156280500014,-8.844149589999972],[125.28246307400013,-8.837659835999943],[125.28166961700003,-8.83071994799991],[125.28031158400006,-8.825280189999944],[125.27868652300003,-8.821869849999871],[125.27055358900009,-8.811479567999925],[125.26767730700021,-8.802969932999929],[125.26242828400007,-8.798509597999896],[125.26183319100016,-8.796560286999977],[125.25849151600016,-8.791760444999966],[125.25356292700008,-8.7860202789999],[125.24237060500025,-8.776800155999979],[125.23824310300017,-8.77511024499995],[125.23232269300001,-8.77116012599987],[125.21929168700012,-8.765449523999905],[125.20719909700017,-8.765119552999977],[125.20060730000023,-8.766670226999906],[125.19670105000012,-8.764189719999933],[125.19434356700003,-8.759010314999955],[125.19069671600016,-8.753990172999977],[125.19783783000003,-8.745639800999982],[125.20665741000005,-8.741000174999954],[125.20829010000011,-8.739450454999883],[125.21446228000013,-8.738269805999892],[125.21750640900018,-8.735850333999906],[125.2203369140002,-8.735899924999956],[125.22370147700008,-8.736880301999975],[125.22683715800008,-8.734430312999848],[125.23076629600018,-8.73285007499993],[125.23449707000009,-8.732990264999955],[125.24018096900011,-8.73472976699992],[125.24945068400018,-8.73402023299991],[125.25673675500002,-8.72883987399996],[125.26291656500007,-8.725870131999898],[125.26540374800004,-8.72502040899991],[125.26962280300006,-8.724800109999933],[125.27481079100016,-8.722960471999954],[125.28648376500018,-8.715920447999906],[125.28864288300008,-8.713680266999916],[125.29026794400033,-8.709589957999981],[125.29187011700014,-8.707900046999953],[125.29797363300008,-8.70627021799993],[125.30037689200026,-8.704569816999822],[125.30402374300013,-8.705920218999893],[125.30703735400016,-8.70602035499985],[125.30766296400009,-8.704959868999936],[125.30751037600021,-8.702170371999955],[125.31082916300011,-8.701299666999944],[125.31069183300008,-8.69707965899994],[125.31154632600021,-8.695329665999907],[125.3130569460003,-8.695010184999944],[125.31484985400016,-8.69664955099995],[125.31616210900006,-8.69633006999993],[125.31651306200013,-8.694919585999912],[125.3159866330002,-8.692119597999977],[125.31688690200008,-8.692090033999932],[125.3183822630001,-8.693699836999883],[125.32180023200021,-8.694919585999912],[125.32186889600007,-8.695590018999951],[125.31968689000018,-8.69653034199996],[125.31884002700019,-8.697959899999944],[125.32189941400009,-8.699680327999829],[125.3248291020002,-8.697319983999932],[125.33074951200012,-8.696100234999903],[125.33267211900011,-8.696430205999945],[125.3350830080002,-8.697850226999947],[125.33518219000007,-8.69536018399998],[125.3366775510001,-8.695010184999944],[125.33878326400009,-8.696350097999868],[125.33735656700014,-8.698869704999879],[125.33763885500002,-8.699749946999816],[125.33995819100005,-8.700340270999902],[125.34127044700017,-8.699660300999938],[125.34200286900011,-8.69766044599993],[125.34359741200001,-8.69723987599997],[125.3455963130001,-8.699230193999881],[125.34549713100012,-8.701789855999948],[125.34793853800022,-8.70285034199992],[125.34863281200012,-8.704350470999884],[125.35083007800017,-8.704279899999904],[125.35336303700001,-8.703289985999959],[125.35405731200001,-8.705100059999893],[125.35781860400004,-8.70440006299998],[125.3588027950002,-8.702460288999873],[125.35752868700013,-8.70084953299994],[125.35743713400007,-8.700119971999982],[125.3580322270002,-8.699959754999952],[125.36353302000032,-8.701080321999939],[125.3647689820001,-8.703080176999947],[125.36453247100019,-8.704310416999931],[125.36550903300008,-8.704509734999931],[125.36808013900009,-8.700949668999954],[125.37030792200005,-8.701330184999904],[125.3709106450001,-8.699649810999972],[125.37190246600005,-8.69917011299998],[125.37164306600005,-8.698169707999966],[125.37364959700005,-8.694270133999908],[125.37729644800015,-8.693449973999918],[125.38008117700008,-8.69118022899994],[125.38516235400004,-8.68968009899993],[125.39232635500002,-8.69075965899998],[125.39721679700017,-8.690139770999963],[125.3989181520003,-8.683979987999919],[125.39774322500034,-8.68083000199988],[125.39877319300012,-8.678930282999886],[125.39832305900018,-8.676099776999934],[125.39888763400006,-8.673430442999859],[125.4002838130001,-8.67164993299997],[125.40025329600007,-8.670129775999953],[125.40235137900004,-8.668519973999878],[125.40357971200001,-8.668180465999967],[125.40612030000011,-8.669050216999892],[125.40791320800008,-8.67203044899992],[125.4104614260001,-8.672869681999885],[125.41902923600003,-8.668640136999898],[125.42288208000014,-8.667389869999909],[125.42604827900004,-8.665160178999827],[125.42617034900002,-8.663640021999981],[125.42717742900004,-8.662420272999952],[125.42981720000023,-8.662010192999958],[125.43257141100025,-8.6601600649999],[125.43592071500007,-8.65398979199989],[125.44386291500018,-8.650730132999854],[125.44513702400002,-8.649270057999843],[125.44493866000005,-8.647689818999936],[125.44648742700008,-8.647470473999874],[125.44734954800003,-8.64535045599996],[125.44963836700003,-8.645330428999898],[125.45144653300008,-8.646539687999962],[125.45278167700008,-8.64636993399995],[125.45403289800004,-8.648469924999972],[125.4550704960003,-8.64752006499998],[125.45540618900009,-8.648240088999955],[125.45427703900009,-8.648929595999903],[125.45514679000007,-8.649250030999951],[125.4586715700002,-8.64700984999996],[125.45954895000011,-8.645330428999898],[125.46205139200003,-8.647109984999815],[125.46150207500023,-8.648240088999955],[125.46185302700007,-8.649470328999882],[125.46427917500012,-8.648839950999957],[125.46382141100003,-8.645259856999928],[125.46723938000002,-8.647310256999958],[125.46736908000003,-8.64538955699993],[125.46907043500005,-8.645319938999933],[125.4699783330002,-8.643859862999932],[125.47264099100005,-8.643469809999885],[125.47326660200008,-8.64260005999995],[125.4740371700002,-8.643289565999908],[125.48011016800001,-8.644300460999943],[125.48165893600003,-8.64307022099996],[125.48519897500012,-8.6440401079999],[125.4860687260001,-8.642849921999925],[125.4894332890002,-8.641960143999938],[125.49279785200008,-8.63926029199996],[125.49947357200006,-8.641229629999884],[125.50129699700017,-8.64054012299988],[125.5033874510001,-8.638270377999902],[125.5040817260001,-8.639639853999881]]]}},{"type":"Feature","properties":{"id":"TL09","name":"Laut\u00e9m","_lon":126.95747,"_lat":-8.54092,"_bbox":[126.69521,-8.76011,127.34206,-8.32213]},"geometry":{"type":"MultiPolygon","coordinates":[[[[127.00166320800008,-8.322130202999915],[127.00717926000016,-8.326539992999926],[127.0095062260001,-8.327440261999925],[127.01087951700015,-8.327260016999901],[127.01499176000016,-8.332059859999958],[127.01553344700005,-8.331890105999946],[127.01946258500027,-8.335550307999938],[127.02525329600007,-8.339189528999952],[127.02754211400008,-8.339420318999942],[127.03176879900013,-8.341309546999923],[127.03530883800022,-8.33897018399989],[127.03755950900018,-8.340689658999963],[127.04295349100005,-8.34284973099983],[127.0472335820001,-8.343560218999926],[127.05429077100018,-8.3528499599999],[127.0613098140002,-8.359560012999907],[127.06276702900004,-8.361439704999896],[127.06339263900009,-8.36363029499995],[127.07144928000014,-8.364819526999952],[127.07289886500007,-8.363739966999901],[127.08020782500012,-8.364760398999863],[127.08231353800022,-8.364709853999955],[127.08278656000027,-8.364080428999898],[127.08892059300001,-8.366439818999822],[127.0999908450001,-8.366390227999887],[127.10471344000018,-8.367600440999922],[127.10903167700008,-8.367630004999967],[127.11020660400004,-8.366809844999977],[127.1163864140002,-8.368350028999942],[127.11827087400013,-8.36658000899996],[127.12210083000014,-8.367650031999858],[127.12634277300003,-8.36606979399994],[127.13600158700001,-8.365480422999951],[127.13768005400004,-8.363889693999852],[127.13997650100009,-8.363730430999908],[127.14193725600023,-8.362310409999907],[127.14539337200017,-8.361940383999922],[127.14927673300008,-8.358650207999858],[127.15236663800022,-8.357439994999822],[127.1607437130001,-8.348299979999922],[127.16108703600003,-8.346940040999868],[127.16499328600003,-8.34471988699994],[127.16716003400006,-8.342559813999912],[127.16853332500011,-8.342439650999893],[127.16944885300006,-8.340929984999946],[127.17249298100023,-8.340339660999973],[127.17534637500023,-8.338089942999886],[127.17678833000002,-8.335989951999977],[127.17857360800019,-8.335430144999918],[127.17944335900006,-8.334360122999954],[127.18183898900008,-8.334309577999932],[127.18531036400032,-8.336250304999908],[127.19312286400009,-8.335430144999918],[127.19583129900013,-8.335709571999928],[127.20194244400011,-8.341119765999963],[127.20404052700007,-8.34805965399994],[127.20667266800001,-8.35068035099988],[127.20851898200021,-8.353910445999816],[127.21174621600005,-8.356240272999855],[127.21282196000004,-8.35639953599997],[127.220420837,-8.367650031999858],[127.22235870400004,-8.369379996999896],[127.22524261500007,-8.37065982799993],[127.22724914600008,-8.37388038599994],[127.22956085200019,-8.37592029599989],[127.23224639900013,-8.377169608999964],[127.23282623300008,-8.37868976599998],[127.23631286600005,-8.378350257999955],[127.23959350600023,-8.379179954999927],[127.24211883500016,-8.378660201999935],[127.24514770500014,-8.381110190999948],[127.25464630100021,-8.38422965999996],[127.25517272900004,-8.385459899999944],[127.26519775400004,-8.384249686999908],[127.26632690400004,-8.385290145999932],[127.26789856000005,-8.384759902999974],[127.27172851600005,-8.387610434999885],[127.27792358400018,-8.387999534999949],[127.2819671630001,-8.386549949999903],[127.28623962400002,-8.38868999499988],[127.29006958000002,-8.388500213999976],[127.2925262450002,-8.38914966599998],[127.2953033450001,-8.390919684999972],[127.29830932600021,-8.394900321999899],[127.2992095950002,-8.408570289999943],[127.30177307100018,-8.4187297819999],[127.30194091800013,-8.421649932999912],[127.3011627200001,-8.423230170999943],[127.30161285400004,-8.426500319999889],[127.30091095000023,-8.427760123999917],[127.30129241900022,-8.428409575999922],[127.30078125000011,-8.430669784999907],[127.29943847700008,-8.4323701859999],[127.29399871800024,-8.435540198999831],[127.28002929700006,-8.438360213999943],[127.27855682400013,-8.439590453999926],[127.27661132800006,-8.440010070999904],[127.26928710900006,-8.447680472999878],[127.26933288600003,-8.45022010799994],[127.26760101300022,-8.452779769999893],[127.26783752400002,-8.454959868999879],[127.2640533450001,-8.46014976499987],[127.25991058300019,-8.461709975999838],[127.25901031500018,-8.462989806999929],[127.25927734400011,-8.46440982799993],[127.25846862800017,-8.465259551999964],[127.25450897200028,-8.466910361999965],[127.25309753400006,-8.468970298999977],[127.24987030000034,-8.471710204999908],[127.24468231200012,-8.474080085999958],[127.23296356200001,-8.47762966199997],[127.22959899900002,-8.47941970799991],[127.22498321500007,-8.487930297999924],[127.2208786010001,-8.491499900999884],[127.21414947500023,-8.494649886999923],[127.20861053500005,-8.502650260999928],[127.20780944800015,-8.507610320999959],[127.20652771000027,-8.509860038999932],[127.19980621300022,-8.514889716999903],[127.19342804000019,-8.520959853999955],[127.18061828600003,-8.52970027899994],[127.17537689200003,-8.531459807999909],[127.1727676390002,-8.533040046999929],[127.17064666700003,-8.534749984999848],[127.16591644300001,-8.540570258999935],[127.16481781000016,-8.540069579999965],[127.16101074200003,-8.541259765999882],[127.16045379600018,-8.542819976999908],[127.15718078600003,-8.542240142999901],[127.15579986600005,-8.545339583999919],[127.1458129880001,-8.5502901079999],[127.13942718500005,-8.555930137999837],[127.13210296600005,-8.558460235999917],[127.12835693400007,-8.564249991999873],[127.11821746800001,-8.57003021199995],[127.11126709000007,-8.575630187999934],[127.10954284700017,-8.576299666999887],[127.1060791020002,-8.579649924999899],[127.10415649400011,-8.583189963999871],[127.09895324700005,-8.588839530999962],[127.09146118200022,-8.595290183999907],[127.08724975600012,-8.597020148999945],[127.08329772900004,-8.604089736999924],[127.07035064700005,-8.61688041699989],[127.06453704800003,-8.625479697999879],[127.06143188500005,-8.627140044999862],[127.06022644000006,-8.630009650999966],[127.04914856000005,-8.64515018499992],[127.04119873000013,-8.6506900789999],[127.0256195070001,-8.665289878999886],[127.02414703400018,-8.667070388999946],[127.02332305900018,-8.669850348999944],[127.01788330100021,-8.679639815999963],[127.01445770300006,-8.682829856999945],[127.01376342800006,-8.684519767999973],[127.00816345200019,-8.68443965899985],[127.005912781,-8.682740210999896],[127.00256347700008,-8.681679725999913],[126.99810791000004,-8.682270049999943],[126.99453735400004,-8.681750297999884],[126.98880767800006,-8.679510116999893],[126.98468780500002,-8.681070327999976],[126.98239898700001,-8.681269645999919],[126.9769668580002,-8.678890227999943],[126.97400665300017,-8.68025016799993],[126.96939849900002,-8.679539679999948],[126.96378326400009,-8.680089950999843],[126.96101379400011,-8.68210029599993],[126.95623779300001,-8.682459830999903],[126.95340728800011,-8.685689925999895],[126.95085907000009,-8.687040328999899],[126.94818115200019,-8.687829970999871],[126.94654846200012,-8.687179564999951],[126.94468689000007,-8.687680243999921],[126.93475341800013,-8.692740439999909],[126.92414856000005,-8.701470374999872],[126.92075347900004,-8.704890250999938],[126.91969299300001,-8.707119941999963],[126.91677856400008,-8.709560393999936],[126.91275024400011,-8.711130141999945],[126.906303406,-8.710749625999881],[126.90119934100005,-8.713319777999914],[126.89697265600012,-8.716340064999883],[126.89169311500007,-8.718339919999892],[126.88913726800001,-8.721460341999887],[126.8842697140002,-8.723990439999966],[126.87600708000002,-8.733090400999913],[126.87299346900022,-8.73441982299994],[126.86936950700021,-8.738630294999894],[126.86785125700021,-8.741490363999844],[126.86580658000003,-8.743040084999905],[126.84934234600007,-8.752200126999924],[126.83680725100021,-8.754030227999976],[126.83415985100021,-8.755849837999904],[126.83158874500009,-8.755370139999911],[126.82787323000002,-8.756090163999886],[126.82106018100023,-8.760109900999964],[126.81664276100014,-8.75984954799992],[126.81371307400013,-8.758669852999901],[126.81141662600021,-8.756110190999948],[126.80590820300017,-8.755629538999813],[126.80291748000002,-8.754199981999932],[126.79892730700021,-8.754509925999969],[126.79445648200021,-8.755760192999958],[126.79138946500007,-8.7549695969999],[126.78685760500002,-8.752659797999854],[126.78357696500007,-8.753080367999928],[126.78088378900009,-8.751819610999974],[126.77837371800001,-8.74845981599998],[126.77493286100014,-8.747079848999931],[126.77046203600003,-8.746879577999948],[126.76679992700008,-8.747730254999908],[126.7639236450002,-8.746919631999901],[126.75834655800008,-8.747980117999816],[126.74954986600005,-8.751370429999952],[126.74163818400007,-8.755740165999896],[126.73928833000014,-8.758049964999884],[126.73610687300004,-8.755160331999889],[126.73320007300003,-8.755319594999946],[126.73412323000014,-8.749670028999901],[126.7359390260001,-8.748390197999981],[126.73615264900013,-8.747130393999953],[126.7339096070001,-8.745109557999967],[126.73387908900008,-8.742489814999942],[126.73428344700017,-8.74123001099997],[126.73742675800008,-8.738639831999876],[126.73699951200012,-8.734439849999944],[126.73751831100014,-8.731869697999969],[126.73632812500023,-8.730190276999963],[126.73296356200012,-8.731089591999933],[126.73108673100012,-8.729969977999929],[126.73330688500005,-8.72655010199992],[126.73338317900027,-8.725000380999973],[126.73451232900004,-8.72288989999987],[126.73378753700001,-8.720910071999924],[126.72975921600005,-8.717760085999885],[126.72796630900007,-8.714900016999934],[126.72998046900011,-8.711620330999892],[126.72814941400009,-8.707200049999926],[126.72940826400009,-8.702560424999831],[126.72691345200008,-8.700619697999912],[126.72849273700012,-8.699440001999903],[126.7292327880001,-8.69773960099991],[126.72834014900013,-8.693719863999945],[126.72914123500016,-8.688949584999875],[126.73107147200005,-8.688730239999927],[126.73314666700003,-8.687190055999963],[126.73555755600012,-8.688130378999972],[126.7364273070001,-8.68560028099995],[126.73815155000023,-8.683360099999959],[126.74082946800024,-8.681779860999939],[126.74049377400002,-8.679349898999874],[126.74481964100005,-8.67521953599993],[126.74585723900032,-8.669239997999966],[126.74680328400018,-8.66740989699997],[126.75257110600012,-8.66187000299982],[126.75415802000009,-8.658639907999884],[126.75588989300002,-8.658450126999924],[126.75897979700005,-8.659529685999871],[126.76309204100005,-8.658470153999872],[126.76435089100016,-8.657540320999942],[126.76316070600001,-8.654890059999957],[126.76550293000003,-8.652159690999895],[126.76500701900011,-8.649680137999951],[126.76541137700019,-8.64818954499998],[126.76732635500014,-8.64608001699986],[126.77143859900002,-8.644009589999882],[126.77413177500011,-8.641139983999949],[126.77644348100011,-8.63689994799995],[126.77841949500032,-8.634869575999915],[126.78096008300008,-8.628809928999829],[126.78633117700019,-8.625160216999916],[126.78851318400018,-8.625180243999978],[126.79205322300004,-8.623920440999939],[126.79675293000014,-8.624600409999971],[126.79898071300022,-8.623299598999893],[126.80119323700012,-8.62343978899986],[126.80256652800017,-8.622150420999844],[126.80518341100003,-8.621600150999882],[126.80612945600001,-8.621740340999906],[126.80741119400022,-8.623220443999912],[126.80980682400002,-8.623279571999944],[126.81030273400006,-8.622039794999921],[126.80986785900006,-8.619090079999921],[126.80803680400015,-8.618610381999929],[126.80805969200003,-8.617819785999927],[126.81179046600005,-8.614620208999952],[126.81027221700003,-8.612380027999961],[126.81020355200019,-8.609950065999953],[126.80877685500002,-8.608739852999918],[126.81001281700014,-8.6062297819999],[126.80834960900017,-8.602709769999876],[126.80903625500014,-8.601670264999939],[126.80782318100012,-8.600130080999975],[126.80403137200005,-8.60068988799992],[126.80122375500014,-8.596349715999906],[126.80074310300017,-8.593819617999827],[126.79701995800008,-8.591159820999906],[126.7963562010001,-8.589389800999925],[126.79411315900018,-8.589369773999977],[126.79210662800028,-8.58611965199998],[126.78502655000011,-8.58366012599987],[126.78537750200007,-8.578729629999941],[126.7830429080002,-8.568869590999952],[126.78202819800003,-8.567720412999961],[126.77973175000011,-8.566080092999869],[126.77378845200008,-8.564000129999897],[126.76998901400009,-8.560759543999836],[126.7667770390002,-8.559080123999877],[126.76534271200023,-8.558989524999845],[126.76325225800008,-8.55706977799997],[126.75750732400013,-8.555109977999905],[126.75524902300003,-8.549759864999942],[126.75537872300015,-8.545740127999863],[126.75435638400006,-8.54489993999988],[126.75257873500027,-8.540249824999876],[126.74900817900004,-8.53662967699995],[126.74765014600007,-8.533080100999882],[126.73664856000005,-8.530079841999964],[126.7328796390002,-8.526760100999923],[126.73174285900006,-8.526949882999816],[126.73137664800004,-8.524370192999982],[126.72998809800015,-8.523030280999933],[126.72746276900011,-8.522800445999962],[126.72482299800015,-8.52081966399993],[126.7225723270002,-8.521739959999934],[126.72279357900004,-8.520489692999888],[126.72389984100005,-8.519619941999963],[126.7230377200001,-8.518090247999965],[126.72321319600019,-8.515609740999878],[126.72203826900022,-8.513250350999897],[126.7227020260002,-8.510899543999813],[126.72251892100019,-8.506219863999945],[126.72312164300001,-8.504949569999894],[126.72653961200024,-8.505129813999815],[126.72712707500011,-8.504949569999894],[126.72714233400006,-8.503720283999883],[126.72850799600008,-8.50286006899995],[126.73029327400013,-8.503350257999898],[126.73088836700026,-8.499930381999945],[126.73319244400022,-8.496580123999934],[126.7359619140002,-8.495929717999957],[126.74120330800008,-8.49732017499997],[126.74559021000016,-8.49314975699997],[126.74227142300015,-8.492819785999927],[126.74014282200028,-8.493760108999936],[126.73612213100023,-8.489170073999844],[126.7325973510001,-8.488059997999926],[126.72918701200012,-8.488479613999914],[126.72400665300006,-8.485500335999973],[126.72044372600021,-8.484419822999826],[126.71621704100016,-8.481719970999904],[126.7156906130001,-8.47821044899996],[126.7114410400003,-8.469969748999972],[126.71228027300003,-8.467570304999867],[126.71009063700001,-8.463310241999977],[126.70752716100003,-8.460370063999903],[126.70816803000002,-8.45783996599988],[126.70748138400006,-8.456870078999941],[126.70780181900022,-8.455419539999923],[126.70526123000002,-8.45022010799994],[126.70622253400018,-8.447810172999937],[126.70716095000023,-8.447219848999964],[126.70645141600028,-8.445929526999976],[126.70675659200015,-8.444910048999873],[126.70408630400016,-8.441800116999957],[126.7040481570001,-8.440609931999973],[126.70285797100007,-8.438790320999885],[126.6994171140002,-8.436530112999947],[126.69803619400011,-8.436289786999964],[126.69711303700024,-8.434989928999926],[126.6967468260001,-8.43276977499994],[126.69521331800001,-8.43060016599992],[126.6955871580002,-8.425160407999954],[126.70905304000007,-8.418470382999942],[126.71539306600005,-8.411999701999946],[126.71814727800006,-8.411470412999847],[126.73090362500011,-8.402779578999912],[126.73655700700033,-8.40357017499997],[126.74517059300001,-8.41388034799985],[126.75219726600005,-8.418319701999906],[126.75798034700006,-8.420800208999879],[126.76318359400011,-8.421759604999863],[126.76352691700004,-8.42121982599997],[126.76609039300001,-8.422419547999937],[126.7774429320001,-8.41796016699982],[126.78038787800006,-8.41796016699982],[126.7824020390002,-8.418760299999917],[126.78539276100003,-8.418160438999962],[126.78922271700014,-8.415960311999982],[126.79450225800008,-8.409839629999908],[126.79548645000034,-8.409799575999955],[126.79596710200019,-8.408570289999943],[126.79886627200005,-8.406999587999962],[126.80077362100019,-8.406229972999938],[126.81162262000021,-8.40616035499994],[126.82084655800008,-8.40151977499994],[126.82734680200019,-8.400380134999978],[126.8313598630001,-8.396610259999818],[126.8347778320001,-8.395250319999832],[126.83738708500005,-8.395380019999891],[126.84049987800006,-8.393280028999868],[126.84564209000018,-8.391189574999942],[126.85743713400018,-8.382149695999885],[126.88015747100019,-8.370269774999883],[126.88131713900009,-8.370010375999925],[126.88363647500012,-8.37131977099989],[126.88851928700001,-8.370289802999935],[126.8919296260002,-8.367449759999886],[126.89286041300034,-8.367300033999925],[126.89392089800003,-8.365659713999946],[126.89568328900032,-8.365420340999947],[126.9048080440001,-8.361089705999973],[126.90863800000011,-8.357230185999867],[126.91661071800002,-8.352259635999928],[126.92931366000016,-8.34134960199998],[126.93566894500009,-8.337269782999897],[126.94113159200026,-8.335370063999903],[126.94584655800008,-8.334850310999911],[126.95619964600019,-8.328849791999914],[126.96112060500013,-8.326689719999877],[126.99297332800018,-8.323769568999865],[126.9990692140002,-8.32215976699996],[127.00166320800008,-8.322130202999915]]],[[[127.32160186800013,-8.411999701999946],[127.32360839800003,-8.411479949999944],[127.32759857200017,-8.413990020999961],[127.3318481450001,-8.415579795999975],[127.33419036900011,-8.417599677999931],[127.33907318100034,-8.424810409999964],[127.34185028100012,-8.432080268999812],[127.34205627400002,-8.437930106999943],[127.34131622300015,-8.440250396999886],[127.33933258100001,-8.44215011599988],[127.33650207500011,-8.443659781999827],[127.33397674600008,-8.444459914999925],[127.33173370400016,-8.444290160999913],[127.33081054700006,-8.446780204999925],[127.32949829100005,-8.447890281999832],[127.32813262900004,-8.447910308999951],[127.32626342800017,-8.446889876999933],[127.32540893600014,-8.447330474999944],[127.3228530880001,-8.445679664999886],[127.32071685800008,-8.445919990999869],[127.31951904300001,-8.445389747999968],[127.31558990500014,-8.440190314999825],[127.31015777600021,-8.436900138999818],[127.30946350100021,-8.435460090999925],[127.30780792200005,-8.42226028399989],[127.30906677200016,-8.41703033399989],[127.31629180900018,-8.411990165999953],[127.3199462890002,-8.411419867999939],[127.32160186800013,-8.411999701999946]]],[[[126.73486328100034,-8.755789756999945],[126.73616027800006,-8.756299972999955],[126.73724365200007,-8.758549689999938],[126.73313140900007,-8.757800101999976],[126.73291015600012,-8.757010459999947],[126.73486328100034,-8.755789756999945]]]]}},{"type":"Feature","properties":{"id":"TL08","name":"Liqui\u00e7\u00e1","_lon":125.27544,"_lat":-8.65471,"_bbox":[125.09087,-8.75399,125.52758,-8.55578]},"geometry":{"type":"Polygon","coordinates":[[[125.4856033330002,-8.555780410999887],[125.49215698200021,-8.556929587999946],[125.49640655500002,-8.556779860999882],[125.49884033200021,-8.55591964699994],[125.49838256800001,-8.556770324999889],[125.49726867700008,-8.557089805999965],[125.4941864010002,-8.562859534999859],[125.49588012700019,-8.563969611999937],[125.49723053000002,-8.566109656999913],[125.50010681200001,-8.567150115999937],[125.50290679900013,-8.572380065999937],[125.50727844200014,-8.575320243999954],[125.50782012900004,-8.576259612999877],[125.50729370100021,-8.57888984699997],[125.50808715800008,-8.580960273999949],[125.51316070600012,-8.583219527999915],[125.51670837400002,-8.583680152999932],[125.51834869400034,-8.58471965799987],[125.52027130100021,-8.59138011899995],[125.52021026600005,-8.59296035799997],[125.5192718510001,-8.596209525999939],[125.51722717300004,-8.598279952999917],[125.51843261700026,-8.603099822999923],[125.51825714100016,-8.607239722999964],[125.51541137700008,-8.612030028999925],[125.51680755600023,-8.613269805999948],[125.52419281000005,-8.613010405999944],[125.52758026100003,-8.614049910999825],[125.52094268800022,-8.620490073999974],[125.51734924300001,-8.621669768999936],[125.51400756800001,-8.62483978299997],[125.51239013700001,-8.62921047199984],[125.51437377900004,-8.631810187999918],[125.51374054000007,-8.635129928999959],[125.51138305700033,-8.634590148999962],[125.50390625000011,-8.635390281999946],[125.5033874510001,-8.638270377999902],[125.50048065200008,-8.640930175999927],[125.49922943100012,-8.641209601999947],[125.49279785200008,-8.63926029199996],[125.4894332890002,-8.641960143999938],[125.4860687260001,-8.642849921999925],[125.48519897500012,-8.6440401079999],[125.48165893600003,-8.64307022099996],[125.48011016800001,-8.644300460999943],[125.4740371700002,-8.643289565999908],[125.47326660200008,-8.64260005999995],[125.47264099100005,-8.643469809999885],[125.4699783330002,-8.643859862999932],[125.46907043500005,-8.645319938999933],[125.46736908000003,-8.64538955699993],[125.46723938000002,-8.647310256999958],[125.46382141100003,-8.645259856999928],[125.46427917500012,-8.648839950999957],[125.46185302700007,-8.649470328999882],[125.46150207500023,-8.648240088999955],[125.46205139200003,-8.647109984999815],[125.45954895000011,-8.645330428999898],[125.4586715700002,-8.64700984999996],[125.45514679000007,-8.649250030999951],[125.45427703900009,-8.648929595999903],[125.45540618900009,-8.648240088999955],[125.4550704960003,-8.64752006499998],[125.45403289800004,-8.648469924999972],[125.45278167700008,-8.64636993399995],[125.45144653300008,-8.646539687999962],[125.44963836700003,-8.645330428999898],[125.44734954800003,-8.64535045599996],[125.44648742700008,-8.647470473999874],[125.44493866000005,-8.647689818999936],[125.44513702400002,-8.649270057999843],[125.44386291500018,-8.650730132999854],[125.43592071500007,-8.65398979199989],[125.43257141100025,-8.6601600649999],[125.42981720000023,-8.662010192999958],[125.42717742900004,-8.662420272999952],[125.42617034900002,-8.663640021999981],[125.42604827900004,-8.665160178999827],[125.42288208000014,-8.667389869999909],[125.41902923600003,-8.668640136999898],[125.4104614260001,-8.672869681999885],[125.408256531,-8.672320365999951],[125.40612030000011,-8.669050216999892],[125.40387725800008,-8.66823005699996],[125.40286254900013,-8.668250083999965],[125.40025329600007,-8.670129775999953],[125.4002838130001,-8.67164993299997],[125.39895629900002,-8.673179625999978],[125.39832305900018,-8.676099776999934],[125.39877319300012,-8.678930282999886],[125.39774322500034,-8.68083000199988],[125.39895629900002,-8.683569907999981],[125.39721679700017,-8.690139770999963],[125.39232635500002,-8.69075965899998],[125.38516235400004,-8.68968009899993],[125.3810882570001,-8.69075965899998],[125.37729644800015,-8.693449973999918],[125.37364959700005,-8.694270133999908],[125.37164306600005,-8.698169707999966],[125.37190246600005,-8.69917011299998],[125.3709106450001,-8.699649810999972],[125.37030792200005,-8.701330184999904],[125.36808013900009,-8.700949668999954],[125.36550903300008,-8.704509734999931],[125.36453247100019,-8.704310416999931],[125.3647689820001,-8.703080176999947],[125.36353302000032,-8.701080321999939],[125.35791778600003,-8.699959754999952],[125.35752868700013,-8.70084953299994],[125.3588027950002,-8.702460288999873],[125.35812377900015,-8.704130172999953],[125.35405731200001,-8.705100059999893],[125.35356140100009,-8.703300475999868],[125.35083007800017,-8.704279899999904],[125.34829711900011,-8.704159736999884],[125.34793853800022,-8.70285034199992],[125.34549713100012,-8.701789855999948],[125.3455963130001,-8.699230193999881],[125.34359741200001,-8.69723987599997],[125.34200286900011,-8.69766044599993],[125.34127044700017,-8.699660300999938],[125.33995819100005,-8.700340270999902],[125.33785247800006,-8.699899672999948],[125.33735656700014,-8.698869704999879],[125.33878326400009,-8.696350097999868],[125.3366775510001,-8.695010184999944],[125.33518219000007,-8.69536018399998],[125.3350830080002,-8.697850226999947],[125.33267211900011,-8.696430205999945],[125.33074951200012,-8.696100234999903],[125.3248291020002,-8.697319983999932],[125.32189941400009,-8.699680327999829],[125.31884002700019,-8.697959899999944],[125.31968689000018,-8.69653034199996],[125.32186889600007,-8.695590018999951],[125.32180023200021,-8.694919585999912],[125.3183822630001,-8.693699836999883],[125.31720733600002,-8.692279815999882],[125.31617736800001,-8.692060470999877],[125.3157577510002,-8.692799567999941],[125.31646728500016,-8.694459914999982],[125.31616210900006,-8.69633006999993],[125.31484985400016,-8.69664955099995],[125.3130569460003,-8.695010184999944],[125.31154632600021,-8.695329665999907],[125.31069183300008,-8.69707965899994],[125.31082916300011,-8.701299666999944],[125.30751037600021,-8.702170371999955],[125.30766296400009,-8.704959868999936],[125.30703735400016,-8.70602035499985],[125.30402374300013,-8.705920218999893],[125.30037689200026,-8.704569816999822],[125.29797363300008,-8.70627021799993],[125.29187011700014,-8.707900046999953],[125.29026794400033,-8.709589957999981],[125.28864288300008,-8.713680266999916],[125.28648376500018,-8.715920447999906],[125.27481079100016,-8.722960471999954],[125.26962280300006,-8.724800109999933],[125.26540374800004,-8.72502040899991],[125.26291656500007,-8.725870131999898],[125.25673675500002,-8.72883987399996],[125.24945068400018,-8.73402023299991],[125.24018096900011,-8.73472976699992],[125.23449707000009,-8.732990264999955],[125.23076629600018,-8.73285007499993],[125.22683715800008,-8.734430312999848],[125.22370147700008,-8.736880301999975],[125.2203369140002,-8.735899924999956],[125.21750640900018,-8.735850333999906],[125.21446228000013,-8.738269805999892],[125.20829010000011,-8.739450454999883],[125.20665741000005,-8.741000174999954],[125.19783783000003,-8.745639800999982],[125.19069671600016,-8.753990172999977],[125.18955993700001,-8.753170012999874],[125.18567657500023,-8.752349853999874],[125.18386840800008,-8.749270438999815],[125.18065643300031,-8.74790000899992],[125.17598724400011,-8.749750136999978],[125.17212677000009,-8.75263023399998],[125.17073059100005,-8.75298023199997],[125.16065216100003,-8.750410079999938],[125.15677642800006,-8.751420020999944],[125.15204620400004,-8.74991989099982],[125.14646148700001,-8.751299857999868],[125.14431762700008,-8.750309943999923],[125.1369705200002,-8.744500159999916],[125.13230896000016,-8.743029593999836],[125.12525177000009,-8.742030143999898],[125.12139129600007,-8.737620353999887],[125.12050628700013,-8.7373199459999],[125.11473083500005,-8.736889838999957],[125.10978698700012,-8.737999915999978],[125.10353851300022,-8.73824024199996],[125.09087371800013,-8.734809874999883],[125.0959014890002,-8.728850364999914],[125.10059356700015,-8.710740088999898],[125.10056304900002,-8.704090117999897],[125.09921264600018,-8.699020385999916],[125.10030365000023,-8.696640014999957],[125.1002731320001,-8.695179938999956],[125.09781646700003,-8.689660071999867],[125.09937286400009,-8.68729972799997],[125.10147857700031,-8.685580253999888],[125.1023788450002,-8.681980132999911],[125.10349273700001,-8.681619643999909],[125.10527801500007,-8.679019927999946],[125.1068267820001,-8.677949904999878],[125.10788726800024,-8.673489570999948],[125.1079330440001,-8.669960021999941],[125.10936737100008,-8.66596984899985],[125.11190033000014,-8.662070273999973],[125.11347961400008,-8.656490325999926],[125.11493682900004,-8.655420302999971],[125.11731720000012,-8.651370048999866],[125.12021637000021,-8.64906978599987],[125.12053680400004,-8.647379874999956],[125.1220397950002,-8.645359992999886],[125.12332916300011,-8.639599799999871],[125.12490844700005,-8.64035987899996],[125.12676239000007,-8.640239715999883],[125.12978363000025,-8.639060019999874],[125.1317291260001,-8.637459754999895],[125.13391876200012,-8.637630462999937],[125.13652038600003,-8.636099814999909],[125.13867187500034,-8.636329650999926],[125.15009307900016,-8.630929946999913],[125.15215301500007,-8.62973976099994],[125.1533432010001,-8.628199576999975],[125.1546783450001,-8.628009795999958],[125.15632629400011,-8.626680373999932],[125.15982818600014,-8.62635040299989],[125.16445922900004,-8.62479019199992],[125.1672134400003,-8.62298011799993],[125.16993713400007,-8.620079993999866],[125.17234039300001,-8.61894035299997],[125.1780929570001,-8.618020057999956],[125.19586181600016,-8.61100006099997],[125.20342254600007,-8.610549926999965],[125.20661926300033,-8.608019828999943],[125.21073150600012,-8.606100081999841],[125.21600341800013,-8.607159614999944],[125.22118377700019,-8.604840278999973],[125.23036956800001,-8.605380057999923],[125.2379379270003,-8.603850364999857],[125.24806976300022,-8.604700088999891],[125.25241851800001,-8.603269576999935],[125.26368713400018,-8.605130195999948],[125.26747894300013,-8.604780196999968],[125.27139282200005,-8.605310439999869],[125.2814483640002,-8.603759765999826],[125.2966918950001,-8.60247039799998],[125.29991149900002,-8.60025024399988],[125.30928039600008,-8.589710235999974],[125.31063079800015,-8.589300155999979],[125.31761932400013,-8.589969634999932],[125.3253173830002,-8.59165954599996],[125.33112335200019,-8.584670066999934],[125.33766937300004,-8.583620070999928],[125.34544372600021,-8.58347988099996],[125.35231018100001,-8.579640387999916],[125.3569564820001,-8.579560279999953],[125.36313629200004,-8.577110290999826],[125.36888122600021,-8.576359748999892],[125.37097930900029,-8.575269698999932],[125.37191009500009,-8.57324027999988],[125.37313842800017,-8.573789596999973],[125.37536621100003,-8.57324027999988],[125.37757873500016,-8.572210311999925],[125.3834762570001,-8.567520141999921],[125.38803100600012,-8.56653976399997],[125.39279174800004,-8.564419745999885],[125.40868377700019,-8.563679694999962],[125.4176025390002,-8.561849593999966],[125.41898345900006,-8.563280105999922],[125.42001342800029,-8.563469886999826],[125.42472839400011,-8.563839911999878],[125.42569732700008,-8.56311035199991],[125.42748260500002,-8.564140319999979],[125.42880249000007,-8.566089629999965],[125.42987060500013,-8.565999984999905],[125.43032074000007,-8.566780089999952],[125.43199920700022,-8.56579017599995],[125.43309783900008,-8.565879821999829],[125.43398284900002,-8.567790030999959],[125.43512725800008,-8.56791973099996],[125.43657684300001,-8.566479682999898],[125.43773651100003,-8.567859649999946],[125.4399337770003,-8.568759917999898],[125.4429702760001,-8.568479537999963],[125.44405365000023,-8.569109916999935],[125.44496154800004,-8.570969581999975],[125.44670105000012,-8.571709632999898],[125.44933319100016,-8.570899962999874],[125.45028686500007,-8.567319869999949],[125.45146179200015,-8.571649550999894],[125.45420074500021,-8.56956005099994],[125.45552063000025,-8.569190024999955],[125.45564270000023,-8.569629668999937],[125.45610809300013,-8.56904983499993],[125.45683288600014,-8.569849967999971],[125.45765686000004,-8.568610190999948],[125.45909881600005,-8.569270133999964],[125.46115875200007,-8.567819594999833],[125.46376800500025,-8.567870139999911],[125.46388244600007,-8.568909644999962],[125.46499633800022,-8.569100379999952],[125.46611022900004,-8.569009780999977],[125.46676635700021,-8.567799567999941],[125.46768188500005,-8.568679809999935],[125.46975708000014,-8.568980216999933],[125.47102356000005,-8.567740439999852],[125.47247314500021,-8.568659781999884],[125.47135162400002,-8.570070266999892],[125.47206878700001,-8.570759772999907],[125.47254943800021,-8.573889731999884],[125.47351074200003,-8.57413005799998],[125.4738082890002,-8.574870109999836],[125.47554779100005,-8.575030326999922],[125.4771499630001,-8.573470115999896],[125.47860717800017,-8.574830054999893],[125.48091125500014,-8.573590278999973],[125.48178863500004,-8.571299552999903],[125.48351287800017,-8.569729804999952],[125.48381042500034,-8.568030356999941],[125.48571014400022,-8.565489768999953],[125.48700714100016,-8.565039634999948],[125.48525238000002,-8.56319999699997],[125.48504638700012,-8.561079978999942],[125.48417663600003,-8.560449599999856],[125.48397827100007,-8.559209823999936],[125.48055267300026,-8.557649611999977],[125.48107147200017,-8.556980132999854],[125.4856033330002,-8.555780410999887]]]}},{"type":"Feature","properties":{"id":"TL11","name":"Manatuto","_lon":125.93408,"_lat":-8.76567,"_bbox":[125.75861,-9.05729,126.19695,-8.47458]},"geometry":{"type":"Polygon","coordinates":[[[125.85070800800008,-8.474579810999955],[125.87803649900002,-8.476619719999974],[125.88260650600012,-8.476220130999934],[125.88400268600014,-8.475350379999838],[125.88997650100009,-8.477709769999933],[125.89473724400011,-8.47519016299998],[125.89684295700022,-8.475589751999905],[125.90229034400033,-8.4751396179999],[125.9059371950002,-8.475879668999937],[125.90846252400002,-8.478409766999846],[125.91570282000009,-8.478930472999934],[125.91811370800008,-8.478569983999932],[125.91982269300013,-8.47949027999988],[125.9245681760001,-8.480440139999871],[125.9277801510002,-8.479060172999937],[125.93073272700008,-8.479080199999885],[125.9317398070001,-8.478280066999957],[125.93492889400011,-8.478610038999875],[125.93788909900002,-8.478079795999975],[125.94055938700012,-8.476440429999968],[125.94570922900004,-8.47912979099982],[125.94848632800006,-8.47828960399994],[125.9505233760002,-8.479040145999932],[125.95287323000014,-8.480839728999968],[125.95559692400025,-8.484510421999971],[125.95848083500005,-8.485580443999936],[125.96372222900027,-8.484749793999924],[125.9687728880001,-8.486220359999948],[125.97148895300006,-8.487689971999941],[125.97386932400025,-8.487999915999922],[125.97696685800008,-8.485230445999946],[125.97905731200001,-8.484629630999962],[125.98103332500011,-8.485239982999929],[125.98384094200003,-8.48723030099984],[125.98737335200008,-8.488050460999943],[125.99572753900009,-8.4977798459999],[125.99929046600005,-8.498820304999924],[126.00276947000009,-8.498729705999892],[126.0091934200002,-8.502360343999896],[126.01437377900004,-8.508760451999933],[126.01928710900017,-8.511489867999956],[126.02512359600018,-8.511610030999975],[126.0290069580002,-8.512610434999885],[126.03185272200005,-8.511910438999962],[126.03598022500012,-8.512310027999888],[126.04107666000016,-8.51158046699993],[126.04380035400004,-8.5124797819999],[126.04798889200003,-8.515569686999925],[126.05053710900017,-8.516539573999978],[126.05220031700026,-8.516220092999959],[126.05648803700012,-8.513660430999892],[126.06430816700004,-8.513199805999875],[126.06759643600003,-8.514789580999889],[126.0676116940001,-8.522310256999958],[126.06915283200021,-8.523340224999913],[126.07026672400002,-8.520219802999918],[126.07302856400008,-8.519189834999963],[126.07438659700006,-8.517640113999903],[126.08178710900029,-8.518639564999944],[126.08405304000007,-8.519530295999914],[126.08634948700012,-8.519009589999882],[126.09052276600005,-8.519720077999978],[126.09335327100018,-8.519399642999929],[126.10045623800022,-8.512040137999861],[126.10640716600017,-8.509550094999952],[126.11016082800006,-8.51018047299982],[126.11251831100014,-8.50979995699987],[126.11488342300004,-8.508689879999963],[126.11804962200017,-8.505789756999889],[126.1214523320001,-8.504130362999888],[126.12792205800008,-8.503499984999962],[126.13304901100014,-8.507149695999942],[126.13588714600007,-8.507639884999946],[126.13816070600001,-8.506310462999977],[126.14057922400013,-8.50337028499996],[126.14402771000005,-8.501569747999952],[126.15032196000016,-8.500280379999936],[126.15580749500009,-8.50049018899989],[126.16103363000002,-8.495499610999957],[126.16258239700005,-8.50378990199988],[126.16546630900007,-8.509599685999888],[126.16937255900018,-8.514160155999946],[126.17912292500012,-8.51996040299997],[126.17989349400011,-8.522640227999943],[126.18274688700023,-8.523759841999947],[126.1859207150003,-8.527939795999941],[126.183647156,-8.530489921999958],[126.1823577880001,-8.530830382999966],[126.18316650400004,-8.534210204999965],[126.18253326400009,-8.536310195999874],[126.18302154500009,-8.538220405999937],[126.18013000500025,-8.539340018999951],[126.17952728300008,-8.5403499599999],[126.18218994100016,-8.54063034099994],[126.18277740500014,-8.541330337999966],[126.18225860600012,-8.542550086999881],[126.18093109100028,-8.542300223999973],[126.1805801390002,-8.542929648999916],[126.1815338130001,-8.54415035199986],[126.18148803700001,-8.546239852999975],[126.18228912400014,-8.547570228999916],[126.18118286100002,-8.548709868999822],[126.18254089400034,-8.549269675999938],[126.18222045900006,-8.550419806999969],[126.18470001200012,-8.552550315999952],[126.18414306600005,-8.553110122999897],[126.18466949500021,-8.554639815999906],[126.1841812130001,-8.558790206999959],[126.18530273400006,-8.55955982199987],[126.18421173100012,-8.561059951999823],[126.1850814820001,-8.562100409999914],[126.18491363500016,-8.563989638999942],[126.18620300300006,-8.568369864999966],[126.1878814700001,-8.570500373999948],[126.18927764900002,-8.570540427999958],[126.18937683100012,-8.57349967999994],[126.19014740000034,-8.572560309999858],[126.19061279300001,-8.573599814999966],[126.1910934450002,-8.572489737999945],[126.19245147700008,-8.571619986999963],[126.19412994400034,-8.576359748999892],[126.19493103000002,-8.576530456999876],[126.19695282000032,-8.57966995199996],[126.19674682600032,-8.581029891999947],[126.19573974600019,-8.58207035099997],[126.19595336900011,-8.584830283999963],[126.19508361800001,-8.585559844999864],[126.19493866000016,-8.587550162999946],[126.19406127900004,-8.588419913999871],[126.19436645500014,-8.592329978999942],[126.19277191200024,-8.593230246999894],[126.19210815400004,-8.594730376999962],[126.1917572020003,-8.599610328999972],[126.19262695300006,-8.601249694999979],[126.19510650600012,-8.603409766999903],[126.19657135000023,-8.60620021799997],[126.1928405760001,-8.608819961999927],[126.19088745100021,-8.61170959499998],[126.19140625000023,-8.613100051999936],[126.19116973900009,-8.615819930999976],[126.19438171400009,-8.61822032899994],[126.19560241700003,-8.62010955799991],[126.19483184800015,-8.621950149999975],[126.19600677500011,-8.626420020999888],[126.19416809100005,-8.630149840999934],[126.19056701700015,-8.632060050999883],[126.18942260700032,-8.63387012499993],[126.1886215210003,-8.636210441999935],[126.18882751500007,-8.63768005399993],[126.18810272200005,-8.638689994999936],[126.1857223510001,-8.63941955599995],[126.18286132800006,-8.642769813999962],[126.18077087400013,-8.643150329999912],[126.18060302700019,-8.647399901999904],[126.17764282200005,-8.64844989799991],[126.17791748000025,-8.650019645999976],[126.1772918700002,-8.650710105999963],[126.17603302000009,-8.65081977799997],[126.17533874500009,-8.651789664999967],[126.17149353000002,-8.653499602999943],[126.1687088010001,-8.653889655999876],[126.16796875000011,-8.65569972999998],[126.16580963100023,-8.65604972799997],[126.1649322510001,-8.656470298999977],[126.16549682600021,-8.657270431999905],[126.16336822500023,-8.657509803999915],[126.16264343300008,-8.658559798999931],[126.16165924100005,-8.658559798999931],[126.16197204600007,-8.659990310999888],[126.16029357900015,-8.659740447999923],[126.15944671600016,-8.661069869999949],[126.15527343700012,-8.663479804999952],[126.15548706100003,-8.665379523999945],[126.15273284900002,-8.667579650999926],[126.15059661900023,-8.670749663999914],[126.15017700200008,-8.673259734999931],[126.14701080300017,-8.67245960199989],[126.14389801000027,-8.669389724999917],[126.14292144800015,-8.667300223999973],[126.13465118400006,-8.66901016199995],[126.13207244900002,-8.670089721999943],[126.13036346400008,-8.66959953299994],[126.12631225600023,-8.666709899999887],[126.1246109010001,-8.667269706999946],[126.12126159700006,-8.669890403999943],[126.11609649700006,-8.671070098999962],[126.11186981200001,-8.6691598889999],[126.1123275760001,-8.672400474999904],[126.11155700700021,-8.673239707999869],[126.10788726800001,-8.673870086999898],[126.10736846900022,-8.674839972999962],[126.10753631600016,-8.677180289999967],[126.10611724900002,-8.678919791999931],[126.10547637900015,-8.681570052999916],[126.10143280000011,-8.683939933999966],[126.10059356700003,-8.686129569999935],[126.09828186000004,-8.687250136999864],[126.0974426270003,-8.689410209999949],[126.09855651900011,-8.692620276999833],[126.09570312500011,-8.694009780999977],[126.0955963130001,-8.695090293999897],[126.0972366330002,-8.695579528999815],[126.09757995600023,-8.698550223999916],[126.09652710000012,-8.698760032999871],[126.09667968700012,-8.699839591999933],[126.0978317260001,-8.699279784999817],[126.0978317260001,-8.701919555999893],[126.09908294700017,-8.70250987999998],[126.09626007100019,-8.703949927999872],[126.09800720200008,-8.705619811999838],[126.09674835200019,-8.706979751999825],[126.09532165500002,-8.706729888999917],[126.09597778300008,-8.708060264999972],[126.09458160400015,-8.707739829999923],[126.09681701700003,-8.713809966999975],[126.09615325900006,-8.716179847999967],[126.09625244100005,-8.717260360999944],[126.09671020500014,-8.717089652999903],[126.09625244100005,-8.71924972499994],[126.09799957300004,-8.719389914999908],[126.0964965820001,-8.723050116999957],[126.09192657500012,-8.725870131999898],[126.09063720700033,-8.726050376999979],[126.09043121300022,-8.726920127999904],[126.09147644000006,-8.727510451999876],[126.09004211400008,-8.72883987399996],[126.09081268300008,-8.730549811999936],[126.09014129600007,-8.732390403999887],[126.08815002400002,-8.732979773999887],[126.0876235960003,-8.734660148999922],[126.08347320600012,-8.73828029599997],[126.08277130100021,-8.740409850999981],[126.08165741000016,-8.741390227999887],[126.08085632300003,-8.741140365999911],[126.08029937700007,-8.743129729999964],[126.07788848900009,-8.746060370999942],[126.07489013700001,-8.745670318999942],[126.07306671100014,-8.746720313999958],[126.0710525510001,-8.746159553999973],[126.06973266600005,-8.749890326999946],[126.06774139400011,-8.751040458999967],[126.06732177700019,-8.75368976599998],[126.0650634770002,-8.754139899999927],[126.06379699700005,-8.75644016299998],[126.06226348900032,-8.75751972199987],[126.05726623500004,-8.757280349999974],[126.05346679700006,-8.759619712999893],[126.04852294900013,-8.7606296539999],[126.04959869400022,-8.762229918999878],[126.05137634300013,-8.762579917999972],[126.05094909700017,-8.766510009999877],[126.05171966600005,-8.767490386999839],[126.04969024700006,-8.768360137999935],[126.0474624630001,-8.770770072999937],[126.04731750500002,-8.772930144999975],[126.0462036130001,-8.774319648999835],[126.04627227800017,-8.776559829999826],[126.04942321800013,-8.782130240999948],[126.05171966600005,-8.788160323999875],[126.04786682100018,-8.794340133999981],[126.04783630400004,-8.796150207999972],[126.04947662400002,-8.797439574999828],[126.05161285400004,-8.797750472999951],[126.05557251000016,-8.800849914999901],[126.05557251000016,-8.802530288999947],[126.05476379400022,-8.803400039999872],[126.05510711700003,-8.804550170999903],[126.05594635000011,-8.8046197889999],[126.05724334700005,-8.803569793999884],[126.05808258100024,-8.80385017399982],[126.05944061300033,-8.807129859999918],[126.06537628200022,-8.810819625999954],[126.06690979000007,-8.813369750999925],[126.07359314000007,-8.818249701999946],[126.07486724900025,-8.820830344999933],[126.07528686500018,-8.823690413999941],[126.074630737,-8.83185005199988],[126.07718658400006,-8.837070464999897],[126.07952117900004,-8.83874988599996],[126.08563232400002,-8.83940982799993],[126.08894348100034,-8.841050147999965],[126.0907592770003,-8.842340468999964],[126.09555053700012,-8.84829044299994],[126.0956192020002,-8.849860190999948],[126.09398651100003,-8.853489875999912],[126.09349060100021,-8.856450080999878],[126.09195709200003,-8.858229636999965],[126.08969116200012,-8.85941982299994],[126.08815765400004,-8.86332035099997],[126.09104919400022,-8.866939544999923],[126.09146881100003,-8.872139930999879],[126.0905609130001,-8.873740195999972],[126.08798217800017,-8.875840186999824],[126.08619689900013,-8.879920005999963],[126.08371734600007,-8.882740020999961],[126.08444976800024,-8.884900092999885],[126.08769989000007,-8.884759902999917],[126.08751678500005,-8.889289855999948],[126.09010314900002,-8.88949966399997],[126.09126281700003,-8.89074993099996],[126.09213256800001,-8.892600059999893],[126.09258270300006,-8.898010253999928],[126.09594726600017,-8.901300429999935],[126.09871673600014,-8.906999587999849],[126.10031890900007,-8.914819716999943],[126.0999908450001,-8.918990134999945],[126.10237121600017,-8.927209853999955],[126.10250854500009,-8.931710242999827],[126.10478973400006,-8.941639899999927],[126.10545349100005,-8.943030356999941],[126.11327362100008,-8.947799682999971],[126.11837768600014,-8.94826984399998],[126.11930847200006,-8.94892978699994],[126.12042999300002,-8.951709746999938],[126.1220932010001,-8.95277023299991],[126.1264572140002,-8.951709746999938],[126.13083648700001,-8.961319922999962],[126.13223266600005,-8.961979865999865],[126.13754272500012,-8.961919784999964],[126.13842773400006,-8.965149878999966],[126.14128112800029,-8.965880393999896],[126.14121246300022,-8.968529700999909],[126.14453125000011,-8.96885967299994],[126.14394378700024,-8.971710204999908],[126.1428833010001,-8.97204017599995],[126.14227294900002,-8.973429679999981],[126.14386749300002,-8.976409911999895],[126.1424713130001,-8.976940154999909],[126.14221191400009,-8.978010177999977],[126.14333343500005,-8.980649947999893],[126.14353179900013,-8.983699798999908],[126.14438629200004,-8.984230041999922],[126.14750671400009,-8.983699798999908],[126.14890289300001,-8.984430312999962],[126.14929962200006,-8.985420226999963],[126.14869689900002,-8.987680434999959],[126.15241241500019,-8.991040229999953],[126.14314270000011,-8.994070052999973],[126.13382720900006,-8.998649596999826],[126.12258911100014,-9.005319594999946],[126.10710907000009,-9.016019820999873],[126.09786987300015,-9.023159980999935],[126.09258270300006,-9.028340339999943],[126.09158325200019,-9.028249740999968],[126.08946228000002,-9.030170440999825],[126.06429290800008,-9.057290076999891],[126.05848693800021,-9.050459861999911],[126.05697631800012,-9.044139861999952],[126.05780792200017,-9.043069838999884],[126.05741119400022,-9.042070388999946],[126.05399322500011,-9.041769980999959],[126.0537033080002,-9.039170264999825],[126.05471801800013,-9.035699843999907],[126.05287170400015,-9.034390449999933],[126.05059814500021,-9.034729957999957],[126.04933166500007,-9.033329963999961],[126.04631042500023,-9.022520064999924],[126.04284668000003,-9.01597976699992],[126.04123687700019,-9.01515960699993],[126.0348434450002,-9.014860152999915],[126.03341674800015,-9.0095300669999],[126.02745819100016,-9.002329825999936],[126.0258483890002,-8.997730254999965],[126.02065277100019,-8.995249747999878],[126.01614379900002,-8.9906997679999],[126.01093292200005,-8.991709708999906],[126.0077819820001,-8.990480422999894],[126.00399780300006,-8.987899779999964],[125.9984283450002,-8.986160277999943],[125.99571228000013,-8.982270240999924],[125.97953033400006,-8.970720290999964],[125.97554016100003,-8.968440055999963],[125.97125244100005,-8.968239783999934],[125.96058654800026,-8.963470458999893],[125.95645904500009,-8.96076965299983],[125.94718170200008,-8.951100348999944],[125.943771362,-8.938260077999871],[125.94210052500011,-8.937660216999973],[125.93987274200003,-8.939249991999816],[125.93670654300001,-8.938130378999972],[125.93746185300017,-8.934869765999963],[125.93702697800018,-8.933130263999885],[125.93517303500016,-8.930399894999937],[125.93193817100018,-8.927399634999858],[125.9299621580002,-8.926650046999896],[125.92822265600012,-8.924389838999957],[125.92820739700005,-8.922789573999978],[125.93151092500034,-8.919010161999893],[125.93435668900008,-8.912159919999965],[125.9335098270002,-8.91098976099994],[125.93147277800017,-8.90993022899994],[125.93102264400022,-8.908180236999897],[125.9293212890002,-8.907360076999908],[125.92742157000009,-8.907699584999932],[125.92729187000009,-8.905409812999949],[125.92342376700003,-8.905010222999977],[125.92151641800001,-8.902460097999949],[125.91396331800001,-8.897459983999966],[125.9077606200002,-8.89570045499994],[125.90411377000021,-8.890870093999865],[125.89502716100003,-8.887379645999886],[125.88774108900009,-8.888270377999959],[125.88165283200021,-8.886360167999896],[125.87785339400011,-8.883600234999903],[125.87500000000011,-8.884320258999878],[125.8712692260001,-8.88403034199996],[125.86856842000009,-8.884920119999947],[125.8635101320001,-8.883139609999887],[125.86087036100014,-8.88302993799988],[125.85859680200019,-8.881150245999947],[125.84365844700005,-8.879159926999876],[125.84108734100016,-8.877590178999924],[125.8385009770002,-8.878310203999888],[125.83756256100003,-8.88115978199994],[125.8358764650003,-8.882329940999966],[125.834037781,-8.882019996999816],[125.83260345500003,-8.880729674999884],[125.83088684100028,-8.881219863999945],[125.82932281500018,-8.879449843999964],[125.82972717300004,-8.877799987999879],[125.82823944100005,-8.877289771999926],[125.82910156200012,-8.876159667999957],[125.82927703900009,-8.874469756999929],[125.8301010130001,-8.874890326999832],[125.83029174800015,-8.874469756999929],[125.82951355000012,-8.873539924999932],[125.83072662400025,-8.873439788999974],[125.8307418820001,-8.872949599999913],[125.83003997800029,-8.871820449999916],[125.82868957500023,-8.87294006299993],[125.82839965800008,-8.872550010999817],[125.83011627200005,-8.87053966499991],[125.8294067380001,-8.869259833999877],[125.83072662400025,-8.868889808999938],[125.82956695600001,-8.868040084999961],[125.83071136500018,-8.865449904999878],[125.82882690400015,-8.862950324999929],[125.82866668700012,-8.860130309999931],[125.82599639900013,-8.859669684999972],[125.82573700000023,-8.858160018999968],[125.82436370800008,-8.857660293999913],[125.8241119380001,-8.855460166999933],[125.8227233890002,-8.85410976399993],[125.82282257100007,-8.853300094999952],[125.81860351600017,-8.850740432999885],[125.81571960400004,-8.845170020999944],[125.81347656200012,-8.844160079999881],[125.81220245400004,-8.84068012199998],[125.80673217800006,-8.83646964999997],[125.80726623500004,-8.83448982199991],[125.80816650400004,-8.834070205999922],[125.80859375000023,-8.832920073999958],[125.80809021000016,-8.83146953599993],[125.80724334700017,-8.831299781999917],[125.80686187700019,-8.830470084999945],[125.80824279800015,-8.828519820999873],[125.80877685500002,-8.826210021999884],[125.80774688700001,-8.824629783999967],[125.80577087400025,-8.824629783999967],[125.80415344200003,-8.823559760999899],[125.80297851600017,-8.820779799999912],[125.80277252200017,-8.818099975999871],[125.80046081500006,-8.81575965899998],[125.80030059800004,-8.81363010399997],[125.80084228500004,-8.812709807999966],[125.80370330800008,-8.81130027799992],[125.80404663100012,-8.80873966199988],[125.80703735400004,-8.807450293999977],[125.80847168000003,-8.805509566999888],[125.80834960900017,-8.802669524999942],[125.80963897700008,-8.79959011099993],[125.81564331100003,-8.790470122999864],[125.8153762820001,-8.788869857999885],[125.81804657000009,-8.78516960099995],[125.81787109400011,-8.783909797999911],[125.82003784200015,-8.78015994999987],[125.82006073000025,-8.77947044399997],[125.81378936800002,-8.77849960299983],[125.81571960400004,-8.773050307999881],[125.81459045400004,-8.76786041299988],[125.81720733600002,-8.766670226999906],[125.81704711900022,-8.764820098999962],[125.82041931200013,-8.759220122999977],[125.82116699200014,-8.756529807999868],[125.82129669200003,-8.753379821999943],[125.81923675500002,-8.750860213999886],[125.8192062380001,-8.748189925999952],[125.81867218000014,-8.74775028199997],[125.81616973900009,-8.749779700999852],[125.81349182100007,-8.753359794999938],[125.81070709200014,-8.75368976599998],[125.80840301500018,-8.752280234999887],[125.80809783900031,-8.74872970599995],[125.80535888700001,-8.745240210999953],[125.80587768600003,-8.744700431999945],[125.8053207400003,-8.741820334999943],[125.80700683600003,-8.740329741999915],[125.80668640100009,-8.738329886999907],[125.80757904100005,-8.736760138999955],[125.8177108760002,-8.72955036199994],[125.81433868400006,-8.723779677999858],[125.8122863770003,-8.716320037999935],[125.81022644000018,-8.713379859999918],[125.81239318800021,-8.709420203999969],[125.81294250500002,-8.705739974999915],[125.81233978300008,-8.699680327999829],[125.8137817380001,-8.693849563999947],[125.81353759800004,-8.681679725999913],[125.81040954600019,-8.68074035599983],[125.81027221700015,-8.678509711999936],[125.80890655500025,-8.677430152999932],[125.80718994100016,-8.676969527999915],[125.80536651600005,-8.678039550999927],[125.79650116000016,-8.674869536999893],[125.79370117200006,-8.669409751999979],[125.7913131710003,-8.66788005799998],[125.79215240500014,-8.66695022599987],[125.7917785640002,-8.66559982299998],[125.79046630900007,-8.666110038999875],[125.78842163100012,-8.664669990999926],[125.78752899200015,-8.662240027999871],[125.78785705600023,-8.658510207999939],[125.786827087,-8.655810355999904],[125.78674316400009,-8.652910232999943],[125.78901672400013,-8.649089812999932],[125.7877197270002,-8.649929999999927],[125.7849731450001,-8.650210380999908],[125.78077697800006,-8.64857959699998],[125.78077697800006,-8.64597034499991],[125.7801437380001,-8.644989966999901],[125.77864074700005,-8.64554977399996],[125.77845001200012,-8.644949912999948],[125.77784729000018,-8.639249801999938],[125.77696228000013,-8.637949943999956],[125.77406311000004,-8.636599540999953],[125.77462768600003,-8.62917995499987],[125.77722930900006,-8.623539924999875],[125.77339935300029,-8.62298011799993],[125.77229309100005,-8.62158012399982],[125.7702713010001,-8.620880126999964],[125.76966857900015,-8.619299888999876],[125.76743316700015,-8.617810248999831],[125.76705169700017,-8.61649990099994],[125.7678527830002,-8.615989684999931],[125.76635742200006,-8.61174011199995],[125.76528167700008,-8.61248969999997],[125.76452636700014,-8.612299918999895],[125.76299285900006,-8.610059737999904],[125.76145172100007,-8.609230041999979],[125.76094055200019,-8.606380462999937],[125.75897979700005,-8.60544967699991],[125.75861358600002,-8.604510306999941],[125.75978088400018,-8.600090026999965],[125.76206207300015,-8.598270415999934],[125.76631164600019,-8.59700965899998],[125.76822662400014,-8.595279693999942],[125.76850891100014,-8.593090056999927],[125.76957702600009,-8.591179847999967],[125.76925659200026,-8.589550017999954],[125.77065277100007,-8.587400435999939],[125.76972198500016,-8.58572006199995],[125.77004241900022,-8.584420203999969],[125.76882934600008,-8.582880019999891],[125.7686004640002,-8.580820083999981],[125.7678527830002,-8.579890250999881],[125.76777648900008,-8.576069831999973],[125.76637268100012,-8.571220397999923],[125.76847076400009,-8.569499968999935],[125.77393341100003,-8.5688896179999],[125.77510070800008,-8.567580222999936],[125.77715301500018,-8.559229850999941],[125.77837371800001,-8.558529853999914],[125.7786483760002,-8.557040214999915],[125.78095245400004,-8.55533027599995],[125.78170013400006,-8.550060271999882],[125.78150939900002,-8.545630454999923],[125.7837066650003,-8.542650222999896],[125.78276825000023,-8.540450095999859],[125.78379821800002,-8.540550231999873],[125.78688049300001,-8.543160438999848],[125.79393005400004,-8.54335021999998],[125.79457855200008,-8.546190261999868],[125.79699707000009,-8.54693984999983],[125.7993392940001,-8.54652023299991],[125.80042266800001,-8.547499656999946],[125.80213928200033,-8.547450065999953],[125.80303192100007,-8.545820235999827],[125.80745697000009,-8.544420241999887],[125.80993652300003,-8.544420241999887],[125.81101226800013,-8.543210029999955],[125.81320190400015,-8.543250083999965],[125.81333923300019,-8.542209624999941],[125.81497192400002,-8.54094982099997],[125.81674194300001,-8.541270255999962],[125.81758117700019,-8.540019988999973],[125.82023620600023,-8.539270400999953],[125.82103729200003,-8.538430213999959],[125.82225036600005,-8.53888988499989],[125.8234176640002,-8.536660193999978],[125.8249588010001,-8.537779807999868],[125.82369995100021,-8.5393600459999],[125.82659149200003,-8.5393600459999],[125.82737731900033,-8.54016017899994],[125.82808685300006,-8.539130210999872],[125.8290176390002,-8.53419017799996],[125.83139801000004,-8.534230231999913],[125.83545684800015,-8.540289878999943],[125.83775329600007,-8.54067039499995],[125.83849334700028,-8.539130210999872],[125.84044647200017,-8.538619994999976],[125.84269714400023,-8.535960196999952],[125.84307098400006,-8.531990050999923],[125.84417724600007,-8.529520034999905],[125.84647369400022,-8.53269004799995],[125.84741210900017,-8.53287982899991],[125.84806060800008,-8.531479835999903],[125.84987640400004,-8.53096961999995],[125.85133361800001,-8.529470443999912],[125.85172271700014,-8.527939795999941],[125.8550796510001,-8.526960372999952],[125.85582733200022,-8.524680137999951],[125.8547973630001,-8.523139953999873],[125.8586273190001,-8.522760390999906],[125.85871887200017,-8.521880149999902],[125.85736846900011,-8.520480155999905],[125.85709381100025,-8.518750190999924],[125.85812377900004,-8.517259597999953],[125.85727691700015,-8.515210151999952],[125.85854339600007,-8.512220382999942],[125.86062622100019,-8.511710166999933],[125.86142730700021,-8.509280204999925],[125.85051727300004,-8.501950263999902],[125.8503265380001,-8.500040053999953],[125.84842681900011,-8.499239921999902],[125.84763336200024,-8.496290206999902],[125.84628295900018,-8.495550155999979],[125.84326171900011,-8.49131011999998],[125.83950042700008,-8.48836040499998],[125.83753204300001,-8.487680434999959],[125.83513641400009,-8.485360145999891],[125.84066772500012,-8.481889724999917],[125.84274292000009,-8.479660033999892],[125.84298706100014,-8.478580474999944],[125.84481811500007,-8.478730201999952],[125.85011291500018,-8.475600242999974],[125.85070800800008,-8.474579810999955]]]}},{"type":"Feature","properties":{"id":"TL10","name":"Manufahi","_lon":125.77962,"_lat":-8.96547,"_bbox":[125.58603,-9.19422,126.06429,-8.73924]},"geometry":{"type":"Polygon","coordinates":[[[125.7763137820001,-8.739720344999853],[125.77799987800017,-8.739270209999972],[125.78002929700017,-8.739979743999982],[125.78131866500007,-8.741129874999956],[125.78154754600007,-8.742179870999962],[125.78410339400034,-8.742899894999937],[125.78531646700026,-8.744620322999822],[125.78855896000005,-8.742730140999925],[125.79031372100008,-8.743700026999875],[125.79125213600014,-8.74542045599992],[125.7926330570001,-8.745789527999932],[125.79334259000007,-8.748390197999981],[125.79557037400002,-8.749159812999892],[125.7987213130001,-8.749710082999968],[125.80126953100023,-8.749159812999892],[125.80281066900022,-8.747960090999925],[125.803146362,-8.74553012799987],[125.80535888700001,-8.745240210999953],[125.80809783900031,-8.74872970599995],[125.80840301500018,-8.752280234999887],[125.81070709200014,-8.75368976599998],[125.81349182100007,-8.753359794999938],[125.81616973900009,-8.749779700999852],[125.81867218000014,-8.74775028199997],[125.8192062380001,-8.748189925999952],[125.81923675500002,-8.750860213999886],[125.82129669200003,-8.753379821999943],[125.82102203400007,-8.757780074999914],[125.81704711900022,-8.764820098999962],[125.81720733600002,-8.766670226999906],[125.81459045400004,-8.76786041299988],[125.81571960400004,-8.773050307999881],[125.81378936800002,-8.77849960299983],[125.82006073000025,-8.77947044399997],[125.82003784200015,-8.78015994999987],[125.81787109400011,-8.783909797999911],[125.81804657000009,-8.78516960099995],[125.8153762820001,-8.788869857999885],[125.81564331100003,-8.790470122999864],[125.80963897700008,-8.79959011099993],[125.80834960900017,-8.802669524999942],[125.80847168000003,-8.805509566999888],[125.80703735400004,-8.807450293999977],[125.80404663100012,-8.80873966199988],[125.80370330800008,-8.81130027799992],[125.80040741000005,-8.813059806999945],[125.80016326900034,-8.814880370999958],[125.80277252200017,-8.818099975999871],[125.80297851600017,-8.820779799999912],[125.80415344200003,-8.823559760999899],[125.80577087400025,-8.824629783999967],[125.80774688700001,-8.824629783999967],[125.80877685500002,-8.826210021999884],[125.80824279800015,-8.828519820999873],[125.80686187700019,-8.830470084999945],[125.80724334700017,-8.831299781999917],[125.80809021000016,-8.83146953599993],[125.80859375000023,-8.832920073999958],[125.80816650400004,-8.834070205999922],[125.80726623500004,-8.83448982199991],[125.80673217800006,-8.83646964999997],[125.81220245400004,-8.84068012199998],[125.81347656200012,-8.844160079999881],[125.81571960400004,-8.845170020999944],[125.81860351600017,-8.850740432999885],[125.82282257100007,-8.853300094999952],[125.8227233890002,-8.85410976399993],[125.8241119380001,-8.855460166999933],[125.82436370800008,-8.857660293999913],[125.82573700000023,-8.858160018999968],[125.82599639900013,-8.859669684999972],[125.82866668700012,-8.860130309999931],[125.82882690400015,-8.862950324999929],[125.83071136500018,-8.865449904999878],[125.82956695600001,-8.868040084999961],[125.83072662400025,-8.868889808999938],[125.8294067380001,-8.869259833999877],[125.83011627200005,-8.87053966499991],[125.82839965800008,-8.872550010999817],[125.82868957500023,-8.87294006299993],[125.83003997800029,-8.871820449999916],[125.8307418820001,-8.872949599999913],[125.83072662400025,-8.873439788999974],[125.82951355000012,-8.873539924999932],[125.83029174800015,-8.874469756999929],[125.8301010130001,-8.874890326999832],[125.82927703900009,-8.874469756999929],[125.82910156200012,-8.876159667999957],[125.82823944100005,-8.877289771999926],[125.82972717300004,-8.877799987999879],[125.82932281500018,-8.879449843999964],[125.83088684100028,-8.881219863999945],[125.83260345500003,-8.880729674999884],[125.834037781,-8.882019996999816],[125.8358764650003,-8.882329940999966],[125.83756256100003,-8.88115978199994],[125.8385009770002,-8.878310203999888],[125.84108734100016,-8.877590178999924],[125.84365844700005,-8.879159926999876],[125.85859680200019,-8.881150245999947],[125.86087036100014,-8.88302993799988],[125.8635101320001,-8.883139609999887],[125.86856842000009,-8.884920119999947],[125.8712692260001,-8.88403034199996],[125.87500000000011,-8.884320258999878],[125.87785339400011,-8.883600234999903],[125.88165283200021,-8.886360167999896],[125.88774108900009,-8.888270377999959],[125.89502716100003,-8.887379645999886],[125.90411377000021,-8.890870093999865],[125.9077606200002,-8.89570045499994],[125.91396331800001,-8.897459983999966],[125.92151641800001,-8.902460097999949],[125.92342376700003,-8.905010222999977],[125.92729187000009,-8.905409812999949],[125.92742157000009,-8.907699584999932],[125.9293212890002,-8.907360076999908],[125.93102264400022,-8.908180236999897],[125.93147277800017,-8.90993022899994],[125.9335098270002,-8.91098976099994],[125.93435668900008,-8.912159919999965],[125.93151092500034,-8.919010161999893],[125.92820739700005,-8.922789573999978],[125.92822265600012,-8.924389838999957],[125.9299621580002,-8.926650046999896],[125.93193817100018,-8.927399634999858],[125.93517303500016,-8.930399894999937],[125.93702697800018,-8.933130263999885],[125.93746185300017,-8.934869765999963],[125.93670654300001,-8.938130378999972],[125.93987274200003,-8.939249991999816],[125.94210052500011,-8.937660216999973],[125.943771362,-8.938260077999871],[125.94718170200008,-8.951100348999944],[125.95645904500009,-8.96076965299983],[125.96058654800026,-8.963470458999893],[125.97125244100005,-8.968239783999934],[125.97554016100003,-8.968440055999963],[125.97953033400006,-8.970720290999964],[125.99571228000013,-8.982270240999924],[125.9984283450002,-8.986160277999943],[126.00399780300006,-8.987899779999964],[126.0077819820001,-8.990480422999894],[126.01093292200005,-8.991709708999906],[126.01614379900002,-8.9906997679999],[126.02065277100019,-8.995249747999878],[126.0258483890002,-8.997730254999965],[126.02745819100016,-9.002329825999936],[126.03341674800015,-9.0095300669999],[126.0348434450002,-9.014860152999915],[126.04123687700019,-9.01515960699993],[126.04284668000003,-9.01597976699992],[126.04631042500023,-9.022520064999924],[126.04933166500007,-9.033329963999961],[126.05059814500021,-9.034729957999957],[126.05287170400015,-9.034390449999933],[126.05471801800013,-9.035699843999907],[126.0537033080002,-9.039170264999825],[126.05399322500011,-9.041769980999959],[126.05741119400022,-9.042070388999946],[126.05780792200017,-9.043069838999884],[126.05697631800012,-9.044139861999952],[126.05848693800021,-9.050459861999911],[126.06429290800008,-9.057290076999891],[126.06096649200003,-9.059280395999906],[126.05587768600014,-9.060460090999982],[126.04637146000005,-9.064330100999939],[126.03083801300022,-9.07246017499989],[126.0189590450002,-9.08067035699986],[125.99886322000009,-9.099209784999914],[125.98574829100005,-9.109169959999974],[125.97828674300013,-9.113289832999897],[125.96394348100011,-9.119059562999894],[125.95198822000009,-9.127750396999886],[125.94170379600007,-9.133219718999896],[125.93422699000007,-9.134519576999878],[125.92632293700012,-9.13434982299998],[125.92326355000034,-9.13364028899997],[125.9146499630001,-9.134289741999964],[125.90672302200028,-9.133660315999862],[125.8909301760001,-9.13088989299996],[125.87605285600011,-9.12674999199993],[125.86549377400013,-9.124549865999938],[125.85272216800013,-9.124059676999877],[125.85002899200003,-9.124629973999902],[125.84945678700001,-9.123959540999863],[125.84953308100012,-9.124810218999926],[125.84265136700003,-9.127530097999966],[125.83474731400008,-9.134030341999903],[125.83120727500011,-9.134779929999866],[125.8287124630001,-9.136340140999891],[125.82391357400002,-9.14624977099993],[125.82082366900022,-9.14887046799987],[125.81688690200019,-9.151009559999977],[125.81462097200028,-9.150910377999935],[125.81114196800002,-9.147379874999842],[125.80785369900002,-9.145930289999967],[125.80378723100034,-9.145130156999926],[125.79538726800001,-9.145790099999942],[125.79049682600021,-9.147230147999892],[125.78072357200017,-9.152739524999902],[125.77115631100003,-9.153710364999938],[125.76705932600021,-9.15985012099992],[125.76480102500011,-9.160960196999952],[125.76046752900004,-9.161849975999928],[125.75789642300015,-9.164710044999936],[125.75459289600008,-9.166000365999878],[125.74832916300022,-9.167140006999944],[125.74471283000003,-9.166159629999981],[125.74191284200003,-9.163979529999892],[125.73972320600001,-9.163700103999872],[125.73461914100005,-9.164779662999933],[125.73148345900017,-9.16621017499989],[125.72860717800006,-9.166410445999873],[125.72026062000032,-9.17267990099998],[125.70069885300018,-9.194219588999886],[125.69695282000009,-9.185810088999972],[125.69152069100016,-9.179100036999898],[125.67756652800006,-9.172619819999909],[125.67529296900022,-9.169960021999941],[125.6753692630001,-9.165800094999895],[125.67408752400002,-9.160460471999954],[125.66954803500005,-9.14910983999988],[125.66722869900013,-9.135100364999971],[125.67069244400011,-9.129360198999962],[125.66993713400018,-9.123970031999932],[125.67239379900013,-9.120679854999935],[125.67608642600021,-9.118829726999877],[125.68087768600014,-9.119130134999978],[125.68554687500023,-9.118579864999901],[125.68781280500014,-9.117549895999957],[125.68929290800008,-9.116049766999879],[125.69184875500025,-9.107130050999956],[125.69148254400011,-9.101869582999825],[125.69200134300013,-9.098279952999917],[125.69117736800001,-9.093709945999876],[125.6902999880001,-9.092650413999877],[125.68665313700012,-9.091320037999935],[125.68559265100009,-9.089429854999935],[125.68489837600009,-9.084839820999946],[125.68386077900016,-9.083559989999912],[125.67839813200032,-9.079910277999943],[125.67386627200017,-9.079230308999968],[125.67323303200021,-9.075969695999959],[125.6700668330003,-9.072790145999932],[125.66634368900009,-9.071660041999962],[125.66134643600003,-9.074259757999926],[125.6568374630001,-9.073719977999872],[125.65379333500016,-9.075149535999856],[125.6523666380001,-9.075200080999934],[125.6456832890002,-9.069840430999932],[125.64349365200019,-9.067210196999952],[125.64125824000007,-9.067119597999977],[125.63723754900002,-9.068610190999948],[125.63436126700014,-9.068499564999968],[125.63349151600016,-9.067170142999885],[125.63410949700005,-9.065119742999968],[125.6332168580002,-9.064270019999924],[125.63188934300001,-9.064080237999974],[125.62893676800024,-9.065660476999938],[125.62814331100003,-9.064940452999963],[125.62928009000007,-9.060830115999977],[125.62893676800024,-9.057990073999918],[125.6278228760001,-9.056200026999932],[125.6218566890002,-9.05459022499997],[125.61605835000012,-9.051520347999826],[125.61192321800013,-9.050209998999946],[125.60875701900011,-9.051070212999946],[125.60505676300033,-9.047120093999979],[125.59612274200003,-9.041970252999931],[125.59580993700001,-9.039950370999975],[125.59633636500018,-9.039649962999874],[125.59535980200008,-9.038069724999957],[125.59622192400002,-9.03717040999993],[125.59599304200015,-9.030190467999944],[125.59470367400002,-9.029450416999907],[125.59452819800003,-9.028109549999897],[125.59346771200023,-9.027400016999934],[125.59232330300017,-9.02392005899992],[125.59307098400006,-9.022410392999973],[125.59227752700008,-9.0190000529999],[125.59320068400018,-9.018280028999925],[125.59227752700008,-9.01747035999989],[125.59322357200028,-9.01677989999996],[125.59326934800004,-9.015760421999914],[125.58751678500005,-9.0120496749999],[125.58705139200015,-9.010450362999848],[125.58602905300017,-9.01004028299991],[125.5877075200001,-9.00872039799998],[125.58941650400004,-9.005330085999958],[125.58979797400002,-8.99956035599996],[125.59126281700014,-8.995599746999972],[125.59031677200016,-8.99386024499995],[125.5910491940001,-8.991459845999941],[125.59213256800012,-8.990579604999937],[125.5926437380001,-8.988229751999938],[125.59217071500018,-8.984290122999937],[125.59439849900025,-8.980580329999839],[125.5944137570001,-8.97581005099994],[125.59281158400017,-8.973569869999949],[125.59219360400016,-8.971090316999948],[125.59438324000018,-8.96747016899991],[125.59381866500007,-8.96164035799984],[125.59680938700023,-8.956859588999976],[125.59661865200019,-8.95497989699993],[125.59745788600003,-8.953149795999877],[125.59982299800015,-8.952670096999952],[125.6025085450002,-8.951040267999929],[125.60807037400002,-8.946539878999886],[125.60640716600005,-8.943719863999888],[125.60807800300006,-8.939350127999944],[125.61296081500006,-8.938269614999967],[125.61522674600008,-8.93519973799988],[125.61786651600005,-8.934399604999953],[125.61527252200017,-8.933070182999927],[125.6146392820001,-8.93058967599984],[125.61269378700001,-8.928290366999931],[125.61871337900004,-8.92625045799997],[125.6218338010001,-8.92368984199993],[125.62126922600021,-8.918239593999942],[125.62267303500005,-8.914719581999975],[125.62359619100005,-8.9149599079999],[125.62603759800004,-8.913869857999941],[125.62764740000011,-8.914770125999894],[125.63240051300022,-8.9149599079999],[125.63616180400015,-8.916910171999973],[125.63854980500014,-8.917059897999934],[125.64070129400022,-8.91814994799995],[125.64202880900018,-8.92105960799995],[125.64729309100005,-8.92121982599997],[125.64959716800013,-8.920559882999953],[125.6508483890002,-8.919260024999971],[125.65170288100023,-8.916270255999962],[125.65429687500023,-8.912670134999871],[125.65397644000006,-8.911689757999966],[125.65567779500009,-8.907670020999888],[125.65532684300001,-8.904990195999858],[125.66046142600021,-8.896969794999961],[125.66665649400011,-8.89620017999988],[125.66880035400004,-8.897330283999963],[125.66929626500018,-8.899049758999922],[125.67208862300004,-8.899060248999945],[125.67362213100012,-8.89997005499987],[125.67433166500007,-8.901260375999868],[125.67565918000003,-8.901350020999928],[125.67675018300031,-8.902549743999884],[125.6784515380001,-8.902259826999966],[125.67897796600016,-8.900979995999876],[125.68209075900006,-8.898810386999969],[125.68250274700006,-8.8958902359999],[125.68383026100014,-8.895050048999963],[125.68524169900002,-8.891309737999904],[125.6873168950001,-8.889120101999936],[125.68666839600019,-8.886059760999956],[125.68762970000012,-8.882989882999937],[125.68572235100032,-8.879440307999971],[125.68659973100011,-8.874650001999953],[125.68959808300019,-8.87119007099983],[125.69022369400022,-8.86940956099994],[125.68977356000005,-8.868670463999877],[125.68800354000018,-8.86837005599989],[125.6844406130001,-8.868869780999944],[125.68395233200033,-8.86658000899996],[125.68569183300008,-8.863679885999886],[125.68398284900013,-8.861940383999922],[125.6852035520003,-8.860010146999912],[125.68472290000011,-8.858539580999945],[125.68586731000016,-8.857399939999937],[125.6849517820001,-8.855710029999955],[125.68575286900023,-8.854599952999934],[125.68570709200003,-8.85153961199984],[125.69001770000023,-8.849049567999941],[125.6893692020002,-8.847180366999908],[125.68733978300008,-8.847720145999915],[125.68270111100014,-8.846400260999872],[125.68289184600019,-8.844120025999928],[125.68560791000004,-8.84315967599997],[125.68625640900007,-8.842109679999965],[125.68856048600003,-8.84148979199989],[125.68888855000023,-8.840869903999874],[125.68556213400018,-8.839070319999905],[125.68527221700003,-8.838080405999904],[125.68334960900029,-8.837619780999887],[125.68419647200028,-8.8356704709999],[125.68343353300031,-8.832710265999935],[125.68369293200021,-8.829950332999942],[125.68533325200019,-8.82909965499988],[125.68543243400006,-8.828189849999944],[125.68435668900031,-8.825880050999956],[125.68154144300013,-8.82308959999989],[125.68018341100003,-8.818719863999945],[125.68299102800006,-8.81719970699993],[125.68499755900007,-8.813830375999942],[125.68462371800013,-8.812370299999941],[125.68238067600032,-8.810000419999938],[125.68402099600019,-8.8073701859999],[125.68874359100005,-8.802860259999875],[125.68914794900013,-8.79876995099994],[125.69537353500004,-8.796520232999967],[125.69840240500002,-8.796190261999925],[125.69983673100023,-8.794409751999979],[125.70182800300029,-8.793589591999933],[125.70387268100001,-8.789540290999923],[125.70771789600008,-8.787619590999896],[125.70842742900015,-8.786279677999971],[125.71315765400004,-8.78509044599997],[125.71824646000016,-8.785579680999945],[125.71983337400002,-8.783069610999917],[125.72032928500005,-8.783470153999929],[125.7233200070001,-8.782629966999878],[125.72561645500002,-8.783860206999975],[125.73194122300004,-8.784259795999901],[125.73451995800008,-8.786120414999857],[125.73769378700013,-8.786720275999926],[125.74104309100005,-8.780940055999963],[125.74479675300017,-8.780570029999978],[125.74874115000011,-8.77400016799993],[125.75354003900009,-8.77204990399997],[125.7528762820001,-8.770219802999975],[125.75401306200001,-8.766139983999835],[125.75390625000011,-8.761770247999948],[125.75594329800003,-8.761389731999884],[125.75691986100014,-8.763130187999934],[125.75781250000023,-8.763270377999902],[125.75959777800006,-8.76035976399993],[125.75955200200008,-8.758620261999909],[125.7636413570001,-8.75961017599991],[125.76374054000007,-8.75669956199988],[125.76740264900013,-8.755430221999916],[125.7681121830002,-8.754630088999875],[125.77139282200005,-8.747019767999916],[125.77130127000021,-8.744930266999972],[125.7687835690001,-8.74149990099994],[125.76933288600003,-8.739580153999952],[125.77545166000004,-8.739239692999945],[125.7763137820001,-8.739720344999853]]]}},{"type":"Feature","properties":{"id":"TL12","name":"Oecussi","_lon":124.23,"_lat":-9.33596,"_bbox":[124.04494,-9.50465,124.48273,-9.16722]},"geometry":{"type":"Polygon","coordinates":[[[124.44274139400022,-9.167329787999904],[124.44986724900014,-9.167220115999896],[124.46607208300031,-9.172809600999813],[124.46977233900009,-9.172100066999974],[124.47257995600012,-9.17436027499997],[124.47461700400004,-9.174759864999885],[124.47602844200014,-9.174180030999935],[124.47759246800001,-9.175310134999961],[124.47894287100019,-9.180609702999845],[124.4790267940001,-9.18657016799989],[124.48024749800004,-9.18877983099992],[124.48078155500002,-9.19211006199987],[124.48026275600023,-9.194959640999912],[124.47944641100003,-9.195579528999872],[124.4827270510001,-9.197890281999946],[124.48229980500025,-9.198659896999857],[124.48111724900014,-9.198439597999936],[124.48104095500003,-9.19935989399994],[124.47762298600014,-9.199959754999952],[124.47724914600008,-9.201000213999976],[124.47585296600005,-9.201959609999847],[124.4760208130001,-9.203399657999967],[124.47312927200005,-9.204299926999965],[124.47113800000034,-9.206800460999887],[124.46856689500032,-9.208140372999935],[124.4675903320001,-9.212080001999936],[124.46771240200007,-9.217149733999975],[124.46662139900013,-9.218959807999909],[124.46600341800001,-9.224539756999945],[124.46758270300006,-9.229029654999977],[124.46579742400002,-9.231040000999883],[124.46566772500012,-9.23246955899998],[124.46705627400013,-9.238710402999857],[124.46553039600019,-9.240209578999895],[124.46452331500006,-9.24287033099995],[124.46499633800022,-9.247879981999972],[124.46611785900006,-9.248940467999944],[124.46614074700017,-9.249779700999909],[124.46478271500007,-9.250989913999945],[124.46237945600001,-9.249999999999943],[124.46086883500004,-9.256810187999974],[124.45587158200021,-9.263699531999976],[124.45446014400011,-9.267569541999876],[124.45458984400022,-9.27112960799991],[124.45612335200008,-9.275739669999894],[124.4560012820001,-9.280949592999946],[124.45507812500034,-9.28260993999993],[124.45744323700012,-9.285820006999927],[124.4584884640002,-9.289790153999888],[124.4618301390002,-9.29323005699996],[124.46224212600009,-9.299110412999937],[124.46012878400018,-9.30350971199988],[124.45886993400006,-9.30500030499985],[124.45546722400013,-9.306610106999926],[124.45451355000012,-9.3084297179999],[124.4468002320001,-9.30640029899996],[124.44349670400004,-9.312729835999903],[124.4401168820001,-9.314640044999862],[124.43952179000007,-9.31760978699998],[124.44023895300018,-9.319740294999974],[124.43892669700017,-9.321940421999955],[124.44000244100016,-9.323900222999896],[124.43939209000018,-9.327440261999868],[124.43807983400018,-9.328260421999971],[124.43778991700003,-9.33032035799988],[124.43900299100005,-9.331760405999944],[124.43842315700022,-9.333660125999927],[124.4352569580002,-9.334879874999956],[124.4345169070001,-9.334139823999976],[124.43417358400006,-9.331500052999957],[124.4327926640002,-9.331760405999944],[124.43108367900015,-9.333820342999957],[124.42919921900011,-9.332139968999968],[124.42690277100007,-9.331839560999981],[124.42520141600005,-9.33261966699996],[124.42462921100002,-9.333919524999885],[124.42185211200001,-9.335709571999928],[124.4145736690001,-9.335670470999958],[124.41197204600007,-9.338270186999978],[124.4091720580002,-9.337100028999942],[124.40675354000007,-9.339179992999902],[124.40567016600016,-9.33882045699994],[124.40358734100005,-9.33990001699982],[124.40339660600011,-9.341239928999926],[124.40408325200008,-9.34072017699998],[124.40445709200014,-9.34115028399998],[124.4040069580002,-9.342909812999892],[124.40310668900008,-9.343310355999904],[124.40345001200012,-9.344369887999903],[124.40200042700019,-9.345430373999875],[124.40267181400009,-9.34669017799996],[124.40204620400016,-9.347459792999928],[124.402061462,-9.35033988999993],[124.40109252900004,-9.352080344999877],[124.39644622800006,-9.355930327999943],[124.39131164600019,-9.3585500719999],[124.38968658400017,-9.36061000799998],[124.3863296510001,-9.360170363999941],[124.38613891600005,-9.359129905999907],[124.38490295400015,-9.359330176999947],[124.38430786100002,-9.358139991999963],[124.38272857700008,-9.35805988299984],[124.3819580080002,-9.356860160999872],[124.37989044200003,-9.356880187999934],[124.38049316400009,-9.36161041299988],[124.38004303000002,-9.36345004999987],[124.37798309300001,-9.365130423999972],[124.37877655000023,-9.367219924999972],[124.37830352800017,-9.370550155999979],[124.37658691400009,-9.37246990199992],[124.37660980200019,-9.374710082999911],[124.37600708000002,-9.375049590999936],[124.37528228800011,-9.374360084999978],[124.3750991820001,-9.375989913999945],[124.37407684300013,-9.376720427999885],[124.3746337890002,-9.377849578999871],[124.3781814580002,-9.379170417999944],[124.37914276100003,-9.380760192999844],[124.3817062380001,-9.389679908999938],[124.38130188000025,-9.391360282999926],[124.379318237,-9.39330005599993],[124.38021087600009,-9.39476013199993],[124.37978363000002,-9.39570045499994],[124.38033294700028,-9.39663982399992],[124.37785339400023,-9.399250030999895],[124.37653350800008,-9.399929999999927],[124.37490081800001,-9.399620055999947],[124.37242126500007,-9.401160239999854],[124.37480926500018,-9.401969909999877],[124.3772583010001,-9.403750419999938],[124.3745803830002,-9.406229972999938],[124.37348938000025,-9.405110358999934],[124.37281799300001,-9.405920028999958],[124.37236022900004,-9.405380248999961],[124.37008667000009,-9.4078397749999],[124.36794281000016,-9.408459662999917],[124.36747741700015,-9.412090301999967],[124.3623275760001,-9.41942977899987],[124.35894012500023,-9.422019957999964],[124.35781097400013,-9.421970366999972],[124.35722351100014,-9.422719954999877],[124.35600280800008,-9.422800063999944],[124.35562896700014,-9.42368984199993],[124.35399627700008,-9.424099921999925],[124.35379028300008,-9.425370215999976],[124.35228729200014,-9.425909995999973],[124.35127258300008,-9.427200316999972],[124.35090637200028,-9.42943954499998],[124.3513793950001,-9.433219909999934],[124.35061645500002,-9.4382295609999],[124.35423278800022,-9.442520141999921],[124.35755920400004,-9.443189620999874],[124.36126709000007,-9.445850371999938],[124.36267089800003,-9.449049949999903],[124.36277008100001,-9.454870223999933],[124.36414337200006,-9.457139968999968],[124.36422729500032,-9.45847034499991],[124.36519622800029,-9.45936965899989],[124.36360168500005,-9.46142959599996],[124.36121368400006,-9.461279868999952],[124.35648345900017,-9.464150428999858],[124.35672760000023,-9.465359687999978],[124.35487365700021,-9.469380378999972],[124.35684204100016,-9.471590041999889],[124.35590362500011,-9.472649573999888],[124.35658264200026,-9.47467040999993],[124.35529327400002,-9.476400374999912],[124.35571289100017,-9.478429793999965],[124.35173797600021,-9.482640265999976],[124.35178375200007,-9.48513984699997],[124.34967804000007,-9.485569953999914],[124.34216308600003,-9.482819556999914],[124.33622741700015,-9.48626995099994],[124.3329772950002,-9.48550987199991],[124.3326416020002,-9.486590384999886],[124.33129119900013,-9.486689567999917],[124.32729339600019,-9.489119529999925],[124.32408142100007,-9.489959716999977],[124.32261657700019,-9.490940093999882],[124.321983337,-9.492219924999915],[124.31968689000018,-9.493300437999892],[124.31890869100005,-9.494569777999914],[124.31616210900029,-9.495770453999967],[124.31247711200012,-9.49483013199989],[124.30992126500018,-9.49514007599987],[124.30386352500022,-9.494150161999926],[124.30258178700001,-9.494469642999888],[124.29785156200023,-9.497699737999824],[124.29550170900006,-9.502389907999941],[124.29282379200026,-9.50166034699987],[124.29151153600003,-9.503040313999918],[124.28936004600007,-9.503529548999893],[124.28778076200012,-9.50465011599988],[124.28637695300006,-9.504070281999873],[124.28553009000007,-9.502849578999928],[124.28189849900002,-9.503499984999962],[124.27835845900006,-9.503230094999822],[124.27839660600011,-9.495679854999935],[124.27998352100008,-9.4925899509999],[124.27940368700001,-9.491820334999886],[124.27937316900011,-9.488940238999817],[124.28237915000011,-9.485300063999887],[124.28308105500003,-9.479700088999891],[124.2843017580002,-9.477299689999882],[124.28814697300015,-9.472990035999942],[124.28748321500007,-9.47006034899988],[124.28649139400034,-9.468779563999874],[124.28685760500002,-9.464019774999883],[124.28457641600016,-9.462900161999869],[124.28468322800018,-9.460689544999923],[124.28349304200003,-9.458020209999972],[124.2838668820001,-9.45711040499998],[124.28511810300017,-9.456540107999956],[124.28485107400002,-9.45390033699988],[124.28600311300022,-9.453339576999952],[124.28704834000007,-9.451279639999939],[124.28527069100016,-9.449239730999977],[124.2841186520003,-9.444640159999835],[124.28325653100012,-9.44423961599989],[124.28260040300006,-9.44241046899998],[124.27940368700001,-9.438579558999947],[124.27745819100016,-9.438070296999967],[124.2768783570001,-9.436590194999894],[124.27407074000007,-9.433770179999897],[124.27422332800029,-9.432589530999905],[124.27638244600007,-9.431460380999908],[124.27644348100023,-9.428999900999827],[124.27557373000013,-9.42477989199989],[124.27382659900002,-9.424880027999905],[124.27333831800024,-9.424139976999982],[124.27311706500018,-9.42193984999983],[124.27401733400029,-9.420149802999958],[124.27226257300015,-9.417719840999894],[124.27110290500013,-9.414679526999976],[124.27159118700001,-9.412429809999878],[124.26994323700012,-9.411179542999832],[124.26885223400018,-9.412579535999953],[124.26777648900008,-9.412440299999957],[124.2677536010001,-9.410449981999932],[124.2662887570001,-9.409540175999894],[124.2671127320001,-9.408419608999907],[124.26682281500018,-9.407150268999942],[124.26513671900011,-9.406229972999938],[124.26406860400016,-9.403969764999943],[124.26280975300017,-9.403909682999881],[124.26216888400018,-9.397649764999926],[124.26093292200005,-9.395810126999947],[124.25926971400008,-9.394809722999923],[124.25559997600021,-9.394880294999837],[124.25224304200026,-9.393119811999895],[124.24368286100014,-9.383000373999835],[124.23886108400006,-9.38162994399994],[124.23809051500018,-9.379340171999957],[124.2359390260001,-9.377329825999936],[124.2350921630001,-9.374199866999959],[124.23341369600018,-9.374360084999978],[124.23062896700026,-9.375949859999935],[124.22463989300002,-9.370510100999866],[124.21852874800015,-9.36793041199985],[124.21659851100003,-9.365619658999947],[124.21460723900009,-9.367070197999908],[124.21193695100021,-9.367919921999942],[124.21095275900007,-9.370089530999962],[124.20928192100007,-9.36940956099994],[124.20807647700019,-9.37069988299993],[124.20645904500009,-9.36960983299997],[124.20480346700003,-9.370679854999878],[124.20458221400008,-9.37285041799987],[124.20349884000007,-9.37434959399991],[124.20395660400004,-9.376609801999962],[124.20310974100005,-9.377840041999889],[124.20131683300008,-9.378339766999943],[124.19930267300003,-9.377809524999861],[124.19676971400031,-9.378939628999944],[124.19384765600012,-9.377690314999938],[124.19217681900034,-9.377849578999871],[124.18981933600003,-9.381910323999875],[124.18977356000005,-9.384169578999945],[124.18701171900022,-9.3850002289999],[124.18549346900033,-9.387419700999828],[124.18164825400004,-9.388979911999968],[124.17430114700016,-9.39023971599994],[124.17224121100003,-9.393150329999969],[124.16784668000014,-9.394530295999914],[124.16806030300017,-9.397000312999921],[124.17089080800008,-9.398590087999935],[124.17192077600009,-9.400259971999958],[124.16885376000016,-9.402379989999872],[124.16835784900024,-9.40462970699997],[124.1654205320001,-9.407119750999925],[124.16356658900008,-9.410759925999912],[124.16091156000005,-9.412670134999871],[124.16269683800022,-9.41767978699994],[124.16114044200003,-9.41989993999988],[124.15815734900002,-9.421050071999844],[124.15605926500018,-9.421050071999844],[124.15411377000021,-9.422329902999934],[124.14988708500016,-9.421629905999964],[124.14949035600011,-9.422450065999953],[124.15052795400004,-9.424739837999937],[124.14938354500009,-9.42702007299988],[124.14752197300004,-9.426850318999868],[124.1447296140002,-9.423959731999958],[124.13926696800013,-9.424500464999937],[124.13638305700022,-9.426289557999837],[124.13452148400006,-9.426569938999933],[124.13356781000005,-9.425829886999907],[124.12824249300002,-9.416279792999944],[124.12642669700006,-9.416239737999888],[124.12531280500014,-9.413929938999956],[124.1248931880001,-9.410880088999932],[124.12113189700005,-9.408329963999961],[124.12006378200022,-9.40682029699991],[124.11815643300008,-9.407090186999937],[124.11636352500022,-9.410019874999875],[124.11387634300013,-9.407150268999942],[124.11253356900022,-9.406530379999936],[124.1115798950002,-9.406840323999972],[124.11047363300008,-9.410129546999883],[124.10743713400018,-9.409819602999903],[124.10620880100021,-9.409029960999874],[124.09980011000027,-9.409159659999943],[124.09758758500027,-9.408379554999954],[124.09565734900025,-9.404649733999918],[124.0925369260001,-9.40143012999988],[124.08908081100003,-9.395219802999861],[124.08293914800004,-9.389510154999925],[124.08216857900027,-9.387370109999893],[124.07932281500018,-9.384160041999962],[124.07797241200012,-9.380979537999963],[124.07501983600002,-9.378129958999978],[124.0716934200002,-9.372960090999982],[124.06813049300001,-9.369359969999891],[124.06733703600014,-9.366390227999943],[124.06461334200003,-9.361169814999926],[124.05854797400002,-9.358010291999904],[124.05374908400029,-9.35192012799996],[124.0492095950001,-9.350219726999967],[124.04817962600009,-9.34778976399997],[124.04505920400004,-9.343859672999884],[124.04493713400007,-9.336219787999937],[124.0511627200002,-9.334170340999947],[124.05259704600019,-9.332440375999965],[124.05390930200008,-9.33234023999995],[124.05452728300008,-9.333919524999885],[124.05635070800008,-9.334480285999916],[124.06268310500013,-9.332900046999896],[124.0671234130001,-9.330349921999925],[124.07379150400004,-9.324669837999977],[124.07958984400034,-9.324979781999957],[124.08223724400023,-9.326970099999869],[124.08432769800015,-9.32738971699996],[124.09166717500011,-9.324769973999935],[124.09604644800004,-9.32423973099992],[124.09987640400004,-9.319490432999885],[124.10717010500002,-9.314359664999927],[124.10870361300022,-9.31190967599997],[124.11032104500009,-9.310689925999952],[124.1219863890002,-9.309679984999889],[124.12901306200013,-9.306610106999926],[124.13107299800004,-9.30494022399995],[124.13696289100005,-9.29718971299991],[124.13922882100007,-9.296580314999972],[124.14285278300008,-9.297590255999921],[124.15563201900011,-9.295740127999977],[124.1617431640002,-9.29143047299982],[124.1636734010001,-9.290710448999846],[124.16739654500009,-9.284119605999933],[124.17104339600019,-9.281040191999978],[124.17310333300031,-9.278329848999874],[124.17574310300006,-9.272959708999906],[124.17745208700023,-9.26686000799998],[124.17976379400011,-9.264470099999926],[124.18155670200031,-9.25702953299998],[124.18303680400004,-9.25592994699997],[124.1851272580002,-9.250820159999932],[124.18612670900018,-9.249899863999929],[124.19000244100005,-9.248430251999935],[124.1938171390002,-9.247969626999975],[124.19573211700003,-9.246549605999917],[124.19985199000007,-9.246459960999971],[124.20435333300009,-9.244029998999906],[124.2138595580002,-9.244649886999923],[124.21838378900031,-9.241920470999958],[124.22084045400015,-9.238220214999956],[124.22326660200008,-9.237509726999974],[124.23298645000023,-9.23713016499994],[124.23883056600005,-9.23511028299987],[124.24194335900006,-9.23583984399994],[124.24864196800002,-9.235520362999978],[124.2526168820001,-9.236909865999905],[124.25431823700012,-9.236519813999962],[124.25666809100005,-9.234270095999875],[124.26064300500013,-9.227330207999898],[124.2620468140002,-9.226059913999961],[124.2660064700001,-9.22471046399994],[124.27456665000011,-9.223259925999912],[124.28795623800022,-9.216739654999913],[124.2923736570001,-9.216070174999913],[124.29696655300029,-9.213109969999948],[124.29985809300013,-9.212770461999924],[124.30301666300011,-9.209199904999934],[124.30473327600009,-9.203619956999887],[124.30687713600003,-9.200860022999905],[124.30935668900031,-9.199090003999913],[124.31450653100012,-9.198530196999968],[124.3185882570001,-9.20059966999986],[124.33042144800004,-9.196479796999938],[124.3433837890002,-9.19567966499983],[124.34998321500007,-9.196479796999938],[124.3551330570001,-9.198260306999941],[124.36083984400011,-9.197730063999927],[124.36916351300022,-9.198590278999973],[124.3790817260001,-9.194140433999905],[124.38490295400015,-9.193059920999872],[124.39098358200022,-9.187450408999894],[124.3930892940001,-9.18702030199995],[124.3965301510002,-9.18830966899992],[124.39765167200017,-9.188139914999908],[124.39980316200001,-9.186220168999967],[124.40077972400002,-9.184000014999981],[124.40358734100005,-9.182250022999938],[124.40551757800017,-9.179109572999891],[124.40747070300017,-9.177969932999929],[124.41246032700019,-9.172989844999961],[124.41635131800001,-9.17222022999988],[124.42658233600025,-9.167590140999948],[124.43417358400006,-9.167739867999899],[124.43923187300004,-9.168950080999934],[124.44274139400022,-9.167329787999904]]]}},{"type":"Feature","properties":{"id":"TL13","name":"Viqueque","_lon":126.3374,"_lat":-8.79314,"_bbox":[126.0462,-8.99104,126.73752,-8.593]},"geometry":{"type":"Polygon","coordinates":[[[126.46415710400004,-8.59300041199998],[126.4735031130001,-8.594619750999925],[126.47638702400013,-8.59759044599997],[126.47630310100021,-8.60021972699991],[126.4779663090003,-8.604840278999973],[126.47550964400034,-8.608260154999925],[126.47741699200003,-8.60949993099996],[126.47762298600003,-8.612979888999917],[126.4802322390002,-8.613490104999869],[126.48211669900002,-8.61244010899992],[126.48309326200001,-8.614230155999905],[126.48757171600005,-8.618300437999949],[126.48586273200021,-8.62316989899989],[126.48454284700017,-8.62349033399994],[126.48458862300004,-8.627099990999909],[126.4859390260001,-8.630049705999909],[126.48467254600018,-8.632760047999966],[126.48544311500007,-8.635580062999907],[126.48657989500032,-8.636449813999945],[126.48632049600008,-8.638230323999892],[126.48718261700014,-8.637980460999927],[126.48769378700013,-8.638549804999968],[126.48706054700017,-8.64453029599997],[126.48851776100025,-8.648409842999968],[126.4914398190001,-8.650670051999953],[126.4971694950001,-8.656609534999973],[126.49741363500004,-8.657839774999957],[126.49877166700014,-8.658379554999954],[126.50102996800001,-8.660880088999875],[126.50199127200017,-8.664429664999943],[126.50470733600014,-8.669509887999936],[126.51067352300004,-8.678380012999924],[126.51157379200004,-8.678959845999941],[126.51464080800008,-8.678859710999916],[126.51743316700015,-8.681019782999954],[126.5188827510002,-8.680939673999887],[126.52279663100023,-8.682840346999967],[126.52567291300011,-8.682499885999846],[126.52919769300013,-8.683300017999954],[126.53305053700001,-8.682000159999973],[126.53518676800013,-8.677630423999972],[126.53755188000002,-8.677330016999917],[126.54000091600005,-8.67469978299988],[126.54197692900004,-8.67385005999995],[126.54258728000013,-8.672400474999904],[126.54540252700008,-8.669639586999892],[126.55139160200031,-8.66849994699993],[126.55251312300015,-8.666740416999914],[126.55761718700023,-8.665639876999876],[126.5620880130001,-8.663330077999944],[126.56458282500012,-8.659629821999829],[126.56643676800013,-8.658280372999911],[126.57016754200004,-8.658720015999961],[126.57266998300008,-8.657770156999959],[126.57433319100005,-8.658379554999954],[126.57585907000009,-8.656399726999894],[126.57866668700012,-8.656109809999975],[126.58122253400006,-8.65353012099996],[126.58444976800001,-8.652819632999979],[126.58695983900009,-8.653280257999825],[126.58805847200017,-8.654120444999876],[126.58661651600005,-8.657469748999972],[126.58669281000027,-8.659489631999975],[126.58757782000032,-8.66139984099982],[126.5935363770003,-8.667019843999924],[126.59700775100009,-8.673159598999916],[126.60032653800022,-8.675609588999862],[126.60365295400004,-8.679530143999955],[126.60611724900014,-8.681369780999944],[126.60813903800022,-8.684700011999894],[126.61216735800008,-8.689129828999967],[126.61221313500005,-8.68638038599994],[126.61705780000023,-8.684550284999943],[126.61795806900022,-8.681989669999894],[126.61801147500012,-8.679539679999948],[126.62177276600005,-8.676340102999973],[126.62071991000016,-8.67039966599998],[126.6219635010001,-8.664850234999847],[126.62053680400015,-8.664429664999943],[126.62033081100003,-8.662969588999943],[126.62322235100021,-8.659770011999967],[126.62613678000002,-8.653869628999928],[126.62709045400004,-8.652879714999813],[126.63081359900002,-8.652890204999949],[126.6322708130001,-8.651829719999967],[126.63842010500002,-8.65104961399993],[126.64134979200003,-8.64888954199995],[126.64514923100023,-8.649060248999888],[126.64675140400004,-8.648019790999967],[126.64756774900002,-8.644559859999958],[126.64949798600003,-8.64311027499997],[126.65091705300017,-8.640139579999868],[126.65339660600023,-8.63772010799994],[126.65474700900018,-8.637949943999956],[126.65731048600003,-8.637169837999977],[126.66034698500005,-8.638090133999924],[126.66391754200015,-8.64035987899996],[126.6661682130001,-8.64068984999983],[126.66696929900002,-8.641799926999909],[126.66824340800031,-8.64190959899986],[126.6703033450001,-8.644370078999941],[126.67283630400004,-8.643589972999962],[126.67469024700006,-8.645469665999883],[126.67513275100009,-8.646800040999949],[126.67698669400022,-8.647210120999944],[126.67858123800022,-8.646559714999853],[126.68224334700005,-8.647669791999931],[126.68488311800002,-8.65023040799997],[126.68943786600016,-8.64910983999988],[126.69346618700013,-8.649900435999939],[126.70525360100021,-8.650589942999886],[126.70910644500009,-8.648280143999898],[126.71089172400013,-8.648799895999844],[126.71534729000007,-8.65458965299996],[126.7216262820001,-8.660880088999875],[126.72712707500011,-8.663290023999878],[126.72860717800006,-8.664549827999963],[126.72869110100021,-8.66598987599997],[126.72756958000002,-8.667460441999879],[126.72937774700017,-8.671930312999905],[126.7291030880001,-8.673509597999896],[126.73181915300017,-8.674180030999878],[126.73251342800017,-8.677269935999902],[126.73401641800001,-8.678919791999931],[126.73365783700012,-8.681320189999951],[126.73219299300001,-8.682749747999821],[126.73152923600026,-8.685700416999964],[126.72879791300011,-8.68959045399987],[126.72834777800028,-8.69443988799992],[126.7292327880001,-8.69773960099991],[126.72849273700012,-8.699440001999903],[126.72691345200008,-8.700619697999912],[126.7291030880001,-8.702099799999928],[126.72949218700023,-8.703020095999932],[126.72814941400009,-8.707200049999926],[126.72998046900011,-8.711620330999892],[126.72801208500016,-8.71448993699994],[126.72807312000009,-8.715250014999924],[126.72975921600005,-8.717760085999885],[126.73306274400011,-8.720040320999885],[126.73451232900004,-8.72288989999987],[126.73338317900027,-8.725000380999973],[126.73330688500005,-8.72655010199992],[126.73108673100012,-8.729969977999929],[126.73296356200012,-8.731089591999933],[126.73632812500023,-8.730190276999963],[126.73751831100014,-8.731869697999969],[126.73699951200012,-8.734439849999944],[126.73742675800008,-8.738639831999876],[126.73428344700017,-8.74123001099997],[126.73387908900008,-8.742489814999942],[126.7339096070001,-8.745109557999967],[126.73615264900013,-8.747130393999953],[126.7359390260001,-8.748390197999981],[126.73412323000014,-8.749670028999901],[126.73341369600007,-8.752099990999966],[126.73309326200001,-8.755479812999965],[126.73354339600007,-8.756299972999955],[126.7328262330002,-8.75646018999987],[126.73278808600014,-8.754980086999979],[126.73158264200003,-8.754960059999917],[126.73108673100012,-8.756970405999823],[126.7257080080002,-8.75592994699997],[126.71823883100012,-8.75619983699994],[126.69756317100018,-8.758669852999901],[126.67237854000018,-8.765190124999947],[126.65941619900013,-8.771659850999924],[126.65116882300003,-8.777219771999967],[126.64685821500007,-8.778300284999943],[126.64050293000014,-8.782429694999905],[126.63858032200005,-8.783040046999872],[126.62719726600005,-8.791930198999978],[126.62219238300008,-8.79784011799984],[126.62010955800008,-8.799010276999923],[126.61694335900006,-8.802249907999908],[126.61308288600014,-8.802390098999979],[126.6039733890002,-8.800029754999912],[126.60344696000004,-8.800620078999884],[126.59509277300015,-8.79922962199987],[126.59192657500012,-8.799349784999947],[126.58669281000027,-8.802149772999883],[126.58180999800004,-8.806940078999958],[126.57460784900002,-8.817399978999958],[126.57315063500005,-8.818240165999953],[126.57003784200003,-8.818409919999965],[126.56340789800015,-8.824999808999962],[126.54506683300008,-8.84778976399997],[126.543380737,-8.849109649999946],[126.52658844000018,-8.874540328999899],[126.52429199200003,-8.876059531999942],[126.52419281000016,-8.878339766999943],[126.52071380600012,-8.885000228999843],[126.51132202100007,-8.897489547999896],[126.5083236690001,-8.902830123999934],[126.50435638400006,-8.912529944999903],[126.50405120800008,-8.914560317999872],[126.49996185300017,-8.921699523999962],[126.49593353300008,-8.931280135999941],[126.49308013900009,-8.933560370999942],[126.49230194100005,-8.935330390999866],[126.49080658000003,-8.934809684999948],[126.4902572630001,-8.936829566999904],[126.48867034900013,-8.936420440999882],[126.48758697500011,-8.937179564999838],[126.48439025900018,-8.940580367999928],[126.484428406,-8.942689895999933],[126.48346710200008,-8.943019866999975],[126.48094177200005,-8.945910453999943],[126.4780731200002,-8.947440146999952],[126.47408294700017,-8.94738006599988],[126.47148132300003,-8.948010444999966],[126.46904754600018,-8.947620391999976],[126.46144104000018,-8.949540137999975],[126.45623779300001,-8.951629638999862],[126.45294952400013,-8.950579642999912],[126.45047760000023,-8.947710036999979],[126.44907379200004,-8.947090148999962],[126.44288635300018,-8.94816970799991],[126.43824768100001,-8.947710036999979],[126.43591308600003,-8.946530341999903],[126.42980194100005,-8.948780059999876],[126.42447662400025,-8.948120116999917],[126.42294311500007,-8.949139594999963],[126.41927337600032,-8.946980475999965],[126.41343689000007,-8.946399688999918],[126.40865325900006,-8.947279929999922],[126.39874267600032,-8.949769973999935],[126.39153289800015,-8.952529906999928],[126.3889770510001,-8.952799796999955],[126.38597869900002,-8.95436000799998],[126.37439727800006,-8.956649779999907],[126.35246276900011,-8.963379859999975],[126.31511688200021,-8.977120398999887],[126.30371856700003,-8.9821300509999],[126.29936218300008,-8.981829642999912],[126.2854080200002,-8.983180045999973],[126.26920318600003,-8.97953033399989],[126.25077819800003,-8.977660178999884],[126.24710845900006,-8.976590156999976],[126.22046661400009,-8.974430083999891],[126.21087646500018,-8.97451972999994],[126.20437622100019,-8.97554016099997],[126.19814300500013,-8.97490024599989],[126.18360900900018,-8.977840423999965],[126.1741333010001,-8.981459617999917],[126.1627731320001,-8.987070083999981],[126.15241241500019,-8.991040229999953],[126.15181732200006,-8.990590095999892],[126.14869689900002,-8.987680434999959],[126.14929962200006,-8.985420226999963],[126.14890289300001,-8.984430312999962],[126.14750671400009,-8.983699798999908],[126.14512634300002,-8.984230041999922],[126.14353179900013,-8.983699798999908],[126.14333343500005,-8.980649947999893],[126.14221191400009,-8.978010177999977],[126.1424713130001,-8.976940154999909],[126.14386749300002,-8.976409911999895],[126.14227294900002,-8.973429679999981],[126.1428833010001,-8.97204017599995],[126.14394378700024,-8.971710204999908],[126.14453125000011,-8.96885967299994],[126.14121246300022,-8.968529700999909],[126.14128112800029,-8.965880393999896],[126.13842773400006,-8.965149878999966],[126.13754272500012,-8.961919784999964],[126.13223266600005,-8.961979865999865],[126.13083648700001,-8.961319922999962],[126.1264572140002,-8.951709746999938],[126.1220932010001,-8.95277023299991],[126.12042999300002,-8.951709746999938],[126.11930847200006,-8.94892978699994],[126.11837768600014,-8.94826984399998],[126.11327362100008,-8.947799682999971],[126.10545349100005,-8.943030356999941],[126.10398864700016,-8.939720153999815],[126.10250854500009,-8.931710242999827],[126.10237121600017,-8.927209853999955],[126.0999908450001,-8.918990134999945],[126.10031890900007,-8.914819716999943],[126.09871673600014,-8.906999587999849],[126.09594726600017,-8.901300429999935],[126.09258270300006,-8.898010253999928],[126.09213256800001,-8.892600059999893],[126.09126281700003,-8.89074993099996],[126.09010314900002,-8.88949966399997],[126.08751678500005,-8.889289855999948],[126.08769989000007,-8.884759902999917],[126.08444976800024,-8.884900092999885],[126.08371734600007,-8.882740020999961],[126.08619689900013,-8.879920005999963],[126.08798217800017,-8.875840186999824],[126.0905609130001,-8.873740195999972],[126.09146881100003,-8.872139930999879],[126.09104919400022,-8.866939544999923],[126.08815765400004,-8.86332035099997],[126.08969116200012,-8.85941982299994],[126.09195709200003,-8.858229636999965],[126.09349060100021,-8.856450080999878],[126.09398651100003,-8.853489875999912],[126.0956192020002,-8.849860190999948],[126.09555053700012,-8.84829044299994],[126.0907592770003,-8.842340468999964],[126.08894348100034,-8.841050147999965],[126.08563232400002,-8.83940982799993],[126.07952117900004,-8.83874988599996],[126.07718658400006,-8.837070464999897],[126.074630737,-8.83185005199988],[126.07528686500018,-8.823690413999941],[126.07486724900025,-8.820830344999933],[126.07359314000007,-8.818249701999946],[126.06690979000007,-8.813369750999925],[126.06537628200022,-8.810819625999954],[126.05944061300033,-8.807129859999918],[126.05808258100024,-8.80385017399982],[126.05724334700005,-8.803569793999884],[126.05594635000011,-8.8046197889999],[126.05510711700003,-8.804550170999903],[126.05476379400022,-8.803400039999872],[126.05557251000016,-8.802530288999947],[126.05557251000016,-8.800849914999901],[126.05161285400004,-8.797750472999951],[126.04947662400002,-8.797439574999828],[126.04783630400004,-8.796150207999972],[126.04786682100018,-8.794340133999981],[126.05171966600005,-8.788160323999875],[126.04942321800013,-8.782130240999948],[126.04627227800017,-8.776559829999826],[126.0462036130001,-8.774319648999835],[126.04731750500002,-8.772930144999975],[126.0474624630001,-8.770770072999937],[126.04969024700006,-8.768360137999935],[126.05171966600005,-8.767490386999839],[126.05094909700017,-8.766510009999877],[126.05137634300013,-8.762579917999972],[126.04959869400022,-8.762229918999878],[126.04852294900013,-8.7606296539999],[126.05346679700006,-8.759619712999893],[126.05726623500004,-8.757280349999974],[126.06226348900032,-8.75751972199987],[126.06379699700005,-8.75644016299998],[126.0650634770002,-8.754139899999927],[126.06732177700019,-8.75368976599998],[126.06774139400011,-8.751040458999967],[126.06973266600005,-8.749890326999946],[126.0710525510001,-8.746159553999973],[126.07306671100014,-8.746720313999958],[126.07489013700001,-8.745670318999942],[126.07788848900009,-8.746060370999942],[126.08029937700007,-8.743129729999964],[126.08085632300003,-8.741140365999911],[126.08165741000016,-8.741390227999887],[126.08277130100021,-8.740409850999981],[126.08347320600012,-8.73828029599997],[126.0876235960003,-8.734660148999922],[126.08815002400002,-8.732979773999887],[126.09014129600007,-8.732390403999887],[126.09081268300008,-8.730549811999936],[126.09004211400008,-8.72883987399996],[126.09147644000006,-8.727510451999876],[126.09043121300022,-8.726920127999904],[126.09063720700033,-8.726050376999979],[126.09192657500012,-8.725870131999898],[126.0964965820001,-8.723050116999957],[126.09799957300004,-8.719389914999908],[126.09625244100005,-8.71924972499994],[126.09671020500014,-8.717089652999903],[126.09625244100005,-8.717260360999944],[126.09615325900006,-8.716179847999967],[126.09681701700003,-8.713809966999975],[126.09458160400015,-8.707739829999923],[126.09597778300008,-8.708060264999972],[126.09532165500002,-8.706729888999917],[126.09674835200019,-8.706979751999825],[126.09800720200008,-8.705619811999838],[126.09626007100019,-8.703949927999872],[126.09908294700017,-8.70250987999998],[126.0978317260001,-8.701919555999893],[126.0978317260001,-8.699279784999817],[126.09667968700012,-8.699839591999933],[126.09652710000012,-8.698760032999871],[126.09757995600023,-8.698550223999916],[126.09716796900011,-8.695229529999892],[126.09584045400004,-8.695229529999892],[126.09552764900013,-8.694540023999934],[126.09602356000005,-8.693590163999943],[126.09855651900011,-8.692620276999833],[126.0974426270003,-8.689410209999949],[126.09828186000004,-8.687250136999864],[126.10059356700003,-8.686129569999935],[126.10143280000011,-8.683939933999966],[126.10547637900015,-8.681570052999916],[126.10611724900002,-8.678919791999931],[126.10753631600016,-8.677180289999967],[126.10736846900022,-8.674839972999962],[126.10788726800001,-8.673870086999898],[126.11193847700031,-8.672889708999946],[126.11245727500011,-8.671739577999915],[126.11208343500005,-8.669090270999902],[126.11354827900027,-8.669540404999964],[126.11470031700003,-8.67086982699982],[126.11609649700006,-8.671070098999962],[126.12126159700006,-8.669890403999943],[126.1246109010001,-8.667269706999946],[126.12631225600023,-8.666709899999887],[126.13036346400008,-8.66959953299994],[126.13207244900002,-8.670089721999943],[126.13465118400006,-8.66901016199995],[126.14292144800015,-8.667300223999973],[126.14389801000027,-8.669389724999917],[126.14788055400015,-8.672949790999951],[126.15502929700017,-8.673769950999883],[126.15586853000002,-8.67605972299998],[126.16005706800001,-8.679650306999974],[126.16110229500009,-8.679730414999938],[126.16481018100012,-8.676690101999895],[126.16821289100028,-8.67718982699995],[126.16964721700015,-8.678879737999978],[126.17355346700003,-8.681209563999914],[126.17849731400008,-8.688179969999965],[126.18319702100018,-8.689709662999974],[126.1872406010001,-8.688509940999893],[126.187911987,-8.68935966499987],[126.18805694600007,-8.692629813999929],[126.1919937130001,-8.690380095999842],[126.19339752200017,-8.692729949999944],[126.19563293500005,-8.689060210999969],[126.1970062260001,-8.690070151999976],[126.19745636000005,-8.692060470999877],[126.19819641100014,-8.692420005999963],[126.19989776600005,-8.689470290999964],[126.19905090300006,-8.688220023999975],[126.20056152300003,-8.68622016899991],[126.20214080800008,-8.688380240999948],[126.20781707800006,-8.68706035599996],[126.20829772900015,-8.687210082999911],[126.20889282200005,-8.690139770999963],[126.21109771700014,-8.692210196999895],[126.21228790300006,-8.696359633999975],[126.21391296400009,-8.695690154999909],[126.21425628700001,-8.694840430999932],[126.21346283000003,-8.692239760999882],[126.21465301500018,-8.691780089999952],[126.21631622300026,-8.692290305999961],[126.21729278600003,-8.693440436999936],[126.21762085000012,-8.696470260999945],[126.2185134890002,-8.697640418999981],[126.2264785770002,-8.697999953999954],[126.22901153600003,-8.695969581999918],[126.22792053200021,-8.694359778999967],[126.22769165000011,-8.691329955999834],[126.23013305700022,-8.688019752999935],[126.23145294200026,-8.684240340999963],[126.23232269300001,-8.683429717999957],[126.23310089100028,-8.683970450999936],[126.23291778600014,-8.685070037999935],[126.23399353000002,-8.685870170999976],[126.23773956300022,-8.683239936999883],[126.24025726300022,-8.684769629999948],[126.23870086700003,-8.685810088999972],[126.23930358900009,-8.686579703999882],[126.24565124500009,-8.686349868999969],[126.2450866700002,-8.688440322999838],[126.2454986570001,-8.68873977699991],[126.24693298300008,-8.688730239999927],[126.25051879900013,-8.68533039099998],[126.2515106200002,-8.685210227999903],[126.25425720200008,-8.68760967299994],[126.25489044200003,-8.689200400999937],[126.25640106200001,-8.690070151999976],[126.25496673600003,-8.690679549999913],[126.25285339400011,-8.69322013899989],[126.25299835200019,-8.693989753999972],[126.25826263400006,-8.693550109999933],[126.26027679400022,-8.692170142999885],[126.26187896700003,-8.694499968999935],[126.26435852100019,-8.693550109999933],[126.2642593380001,-8.691479682999955],[126.26740264900002,-8.689729690999854],[126.26686096200001,-8.689060210999969],[126.26837921100014,-8.686759948999963],[126.27028656000016,-8.685799598999836],[126.27210235600012,-8.687040328999899],[126.27281189000018,-8.686610221999956],[126.27271270800031,-8.684519767999973],[126.27391815200008,-8.681139945999917],[126.27365112300004,-8.679300307999938],[126.27764892600021,-8.67825984999996],[126.27895355200008,-8.676529883999876],[126.27912902800006,-8.675450324999929],[126.27835083000002,-8.674059867999972],[126.28186798100012,-8.671460151999895],[126.2815780640002,-8.670849799999928],[126.28000640900007,-8.670559882999953],[126.28253936800002,-8.669300078999981],[126.28633117700008,-8.668569564999927],[126.29078674300001,-8.66981029499982],[126.29728698700012,-8.673870086999898],[126.30758667000009,-8.681980132999911],[126.31186676000004,-8.68237972299994],[126.31392669700006,-8.681260108999936],[126.3169937130001,-8.681590079999978],[126.31967926000004,-8.679840087999935],[126.32238769500009,-8.67897033699984],[126.32363128700013,-8.676159858999824],[126.3283996580002,-8.675149917999931],[126.33191680900018,-8.673009871999966],[126.33467865000011,-8.674260138999955],[126.33569335900017,-8.67765998799996],[126.33927917500023,-8.682629584999916],[126.34249877900015,-8.684339522999892],[126.34546661400009,-8.683810233999907],[126.34860229500009,-8.68171024299994],[126.35137939500021,-8.68103027299992],[126.35366821300022,-8.678750037999976],[126.3541030880001,-8.67735004399998],[126.3576736450002,-8.677740096999912],[126.35726165800008,-8.676210402999914],[126.35804748500004,-8.67529964399995],[126.35640716600005,-8.673560142999918],[126.35655212400002,-8.672060012999964],[126.35875701900011,-8.672809600999926],[126.36000824000018,-8.67028999299987],[126.36103057900027,-8.670510291999904],[126.36177063000014,-8.669199943999956],[126.36373138400006,-8.669520377999902],[126.36678314200014,-8.666190146999952],[126.36932373000002,-8.666870116999974],[126.37155914300013,-8.666319846999954],[126.37400817900004,-8.666749953999897],[126.37558746300022,-8.66617011999989],[126.37741851800024,-8.664489745999958],[126.37789154100005,-8.663129806999962],[126.37991333000025,-8.662859916999935],[126.3804168700002,-8.660180091999962],[126.38456726100014,-8.660799979999922],[126.38474273700024,-8.659859656999913],[126.38371276900011,-8.659210204999908],[126.38368988000013,-8.658419608999964],[126.38593292200005,-8.658379554999954],[126.3874816890002,-8.656249999999943],[126.38851928700012,-8.657250403999967],[126.39131927500011,-8.6572103499999],[126.39315795900006,-8.65876007099996],[126.39452362100008,-8.657340049999902],[126.39710998500016,-8.659580230999893],[126.39716339100016,-8.66012954699994],[126.39437866200001,-8.660659789999954],[126.3928527830002,-8.663339614999927],[126.39002227800017,-8.665450095999915],[126.38955688500016,-8.668519973999878],[126.39026641800012,-8.674220084999888],[126.39189147900004,-8.67525958999994],[126.39240264900002,-8.676699637999889],[126.3948593140002,-8.677510261999828],[126.3946762080003,-8.681389808999938],[126.39787292500023,-8.68861007699985],[126.3995132450001,-8.690219878999926],[126.42646026600005,-8.699460029999898],[126.44229126000005,-8.703109740999878],[126.4434280400003,-8.702930449999883],[126.44410705600001,-8.701740264999898],[126.4475173950002,-8.700860022999905],[126.44863128700001,-8.697879790999878],[126.44853973400029,-8.695119857999885],[126.45278167700019,-8.692500113999927],[126.45008087200006,-8.689740180999934],[126.45012664800015,-8.686180114999956],[126.45130157500012,-8.685680388999913],[126.45539856000005,-8.685959815999922],[126.45616149900002,-8.683699607999813],[126.45482635500025,-8.682880401999967],[126.45471954300012,-8.679679870999905],[126.45334625200007,-8.680219649999913],[126.45285797100007,-8.679759978999869],[126.45292663600003,-8.677160262999905],[126.45088958700012,-8.673789977999945],[126.45126342800006,-8.673020362999921],[126.45480346700015,-8.671640395999873],[126.45031738300008,-8.669449805999932],[126.45007324200003,-8.667160033999892],[126.44785308800033,-8.6666803359999],[126.44835662800006,-8.665060042999869],[126.44766235400004,-8.66300010699996],[126.44521331800001,-8.663009643999942],[126.44468689000018,-8.662039756999832],[126.44609069800003,-8.66047000899988],[126.4468536380001,-8.657239913999888],[126.4489593510001,-8.656209945999933],[126.44831085200019,-8.653750419999824],[126.45046234100016,-8.652709960999971],[126.45452117900004,-8.647970199999918],[126.45482635500025,-8.646759986999882],[126.4541473390002,-8.6435699459999],[126.45749664300001,-8.64286994899993],[126.45883178700001,-8.641670226999963],[126.45863342300015,-8.64039039599993],[126.46087646500007,-8.63786983499989],[126.46317291300022,-8.632450103999929],[126.46782684300001,-8.630100249999941],[126.46936035200008,-8.627579688999901],[126.4690780640002,-8.6261596679999],[126.46726989700005,-8.624059676999877],[126.46185302700007,-8.623410224999873],[126.46016693100034,-8.621800422999911],[126.46022033700001,-8.62065029099989],[126.46218109100005,-8.61767959599996],[126.46121978800034,-8.616020202999948],[126.46192932100018,-8.61371040299997],[126.46140289300013,-8.61293029799998],[126.45938873300008,-8.613690375999909],[126.45890045200008,-8.611579894999977],[126.46098327600009,-8.609780311999941],[126.46230316200013,-8.610730170999943],[126.46526336700015,-8.610690116999933],[126.46605682400002,-8.607930182999894],[126.46587371800013,-8.606209754999952],[126.46308136000005,-8.606140136999954],[126.46219635000011,-8.605070113999886],[126.46289825400015,-8.601490020999961],[126.46452331500006,-8.600370406999957],[126.46505737300015,-8.598420142999885],[126.46289062500011,-8.597640037999895],[126.46086120600012,-8.595939635999912],[126.46415710400004,-8.59300041199998]]]}}]}